image_name,lesion_size,border_unevenness,boundary_clarity,size_norm,border_norm,clarity_norm,clarity_difficulty,difficulty_score,difficulty_label
ISIC_0012810.jpg,0.0241103626224364,0.8656578606085958,4.089335525027091,0.02158824772016511,0.8539507059729068,0.006525267442705648,0.9934747325572943,0.694693500714257,Hard
ISIC_0009800.jpg,0.0547654546788529,0.1338922786450334,8.639092187331773,0.052902773388592214,0.0412426844428795,0.03378878702588046,0.9662112129741195,0.36789669166524164,Easy
ISIC_0014162.jpg,0.0251664234131309,0.4523520505926391,5.052323101445738,0.02266702584540321,0.39492809624095687,0.012295780592467075,0.987704219407533,0.50933447175037,Medium
ISIC_0000479.jpg,0.4997381410456448,0.9259180580217292,16.46368826969695,0.5074474403345616,0.9208764360478627,0.08067613603279095,0.919323863967209,0.8169757868913086,Hard
ISIC_0012228.jpg,0.0540927680330789,0.1754306246370643,4.822452572557298,0.05221561631866298,0.08737569181694611,0.010918326778756924,0.9890816732212431,0.39418276643387923,Easy
ISIC_0015279.jpg,0.1961598869200895,0.2027561305962579,18.05154218408895,0.19733879627321788,0.11772374101845805,0.09019103748871153,0.9098089625112885,0.4148573323546387,Easy
ISIC_0010262.jpg,0.1083017985026041,0.5848327369585438,21.61782956323606,0.10759075833338674,0.5420628059911288,0.11156131133350099,0.888438688666499,0.5546763530130728,Medium
ISIC_0011211.jpg,0.3899688720703125,0.4975937763664885,14.8255468556556,0.3953168819070576,0.4451741235897807,0.0708598966519572,0.9291401033480428,0.6020979060844917,Hard
ISIC_0013167.jpg,0.1145566300632588,0.4256651127658825,24.561512771848403,0.1139801400092709,0.365289248806126,0.1292007524644058,0.8707992475355942,0.4793904711622261,Medium
ISIC_0015041.jpg,0.1508320180423543,0.9208876581477292,10.658607334160786,0.15103586197262314,0.9152896109362835,0.04589033329323637,0.9541096667067637,0.7378131932150365,Hard
ISIC_0000012.jpg,0.0503218629524643,0.4647592737802987,19.836733004471142,0.04836359383173681,0.40870771372784,0.10088844143878116,0.8991115585612188,0.49026302944549677,Medium
ISIC_0015204.jpg,0.4761799897932833,0.4560612841552353,9.117584376365071,0.48338252052498787,0.39904761749797113,0.03665605710961662,0.9633439428903834,0.6176350571420697,Hard
ISIC_0009954.jpg,0.1302490234375,0.1739968946652291,9.348967271243271,0.13001009856272677,0.0857833733511174,0.03804257347828061,0.9619574265217193,0.4035009732637304,Easy
ISIC_0008541.jpg,0.031123896843032,0.7529503825207702,7.926613296711928,0.028752652804091856,0.72877636901843,0.02951939777525332,0.9704806022247466,0.6383669215870562,Hard
ISIC_0015994.jpg,0.0154122705910111,0.6911381994068805,7.063963317401304,0.012703047646939528,0.6601269841838172,0.02435013788950658,0.9756498621104934,0.6087040073239345,Hard
ISIC_0012742.jpg,0.0070181183510638,0.4405004517476806,10.077831663937168,0.004128325532298384,0.3817655621089083,0.04241014961885227,0.9575898503811477,0.4888947538600396,Medium
ISIC_0013219.jpg,0.0150118018617021,0.4018706087467647,12.339832039054638,0.012293964278986496,0.33886277458910224,0.05596474079844403,0.944035259201556,0.46903094162593206,Medium
ISIC_0013096.jpg,0.100046875,0.902682567577516,14.30645560823552,0.09915825995962664,0.8950708093094126,0.06774934471700532,0.9322506552829947,0.7091056180627198,Hard
ISIC_0015614.jpg,0.0906534127952951,0.9810612184836124,12.35777829677136,0.08956273133478071,0.9821191207880169,0.056072280208794976,0.943927719791205,0.7456130330758237,Hard
ISIC_0013980.jpg,0.0434643190298507,0.412042480584741,10.185097501129665,0.041358534613782125,0.35015978286669347,0.04305291899531863,0.9569470810046814,0.4853350251517614,Medium
ISIC_0009297.jpg,0.0519632623836575,0.1294661457841109,5.381727394332581,0.050040302044703416,0.03632696584515994,0.014269670858799056,0.985730329141201,0.3720464770486601,Easy
ISIC_0012281.jpg,0.019536572535846,0.7461373794194617,9.16407703336199,0.01691606905552615,0.7212097624334567,0.036934655188281165,0.9630653448117188,0.6297857929213657,Hard
ISIC_0000108.jpg,0.1865431467692057,0.6169706447037038,13.906873117744638,0.18751518668342343,0.5777555688969743,0.06535492544072835,0.9346450745592716,0.6051068003253907,Hard
ISIC_0001118.jpg,0.5971819680389756,0.2924230276715471,7.47913864857852,0.6069874194022066,0.21730892009076855,0.02683799418867565,0.9731620058113244,0.5792771249208226,Hard
ISIC_0010010.jpg,0.1124827067057291,0.6918900471901366,19.24082974360435,0.11186160367950898,0.6609619957496552,0.09731760866064092,0.9026823913393591,0.608289036188515,Hard
ISIC_0013615.jpg,0.1102031865776454,0.9829553448510286,13.685129531138514,0.10953304790707143,0.9842227612577696,0.0640261707260054,0.9359738292739946,0.7486632067257739,Hard
ISIC_0016045.jpg,0.0202554267421691,0.8290571489651297,13.783018153008632,0.017650386814361575,0.8133014971558766,0.06461274898884685,0.9353872510111532,0.6571187334198446,Hard
ISIC_0012494.jpg,0.083325363177092,0.215213703899723,7.451177625788181,0.08207704519016198,0.13155927797464756,0.0266704432735408,0.9733295567264592,0.41380831734166024,Easy
ISIC_0015044.jpg,0.2411609415951096,0.4573299817296749,8.435634118035011,0.24330788614363136,0.40045664891603266,0.032569604667715094,0.9674303953322849,0.5596102694686207,Medium
ISIC_0010169.jpg,0.83770751953125,0.1913035493300557,7.001507724522425,0.852687009612404,0.105004360807528,0.023975885065473226,0.9760241149345268,0.5967819369531966,Hard
ISIC_0009956.jpg,0.2709147135416667,0.570846925053769,10.535406885467223,0.27370170305464486,0.5265299881013875,0.045152078899668116,0.9548479211003319,0.6132341933893324,Hard
ISIC_0010005.jpg,0.5600115458170573,0.2978343667718317,8.87238995216297,0.5690174097662087,0.22331882107875922,0.035186777875123885,0.9648132221248761,0.5692665086167625,Medium
ISIC_0012395.jpg,0.101766954787234,0.8735941836135347,19.97741079594602,0.10091534105238453,0.8627648857137192,0.10173142536242034,0.8982685746375797,0.6847287906717368,Hard
ISIC_0010189.jpg,0.9819183349609376,0.2106849305423027,8.388197116687174,1.0,0.12652956555582787,0.03228534779175313,0.9677146522082469,0.6393119544952176,Hard
ISIC_0014938.jpg,0.1902444392407014,0.9778357939576572,23.944266338583983,0.1912960990973122,0.9785369239073579,0.1255020249345636,0.8744979750654364,0.745313085610174,Hard
ISIC_0015144.jpg,0.0998256750026061,0.4119277831574708,12.3896605489693,0.0989323016430279,0.35003239846725065,0.05626332831788527,0.9437366716821147,0.4950538698863973,Medium
ISIC_0010576.jpg,0.3058357238769531,0.8180074951245155,22.13057547467322,0.30937391282975285,0.8010296131909318,0.11463384009388057,0.8853661599061194,0.7076334794509527,Hard
ISIC_0014029.jpg,0.0403931183510638,0.4620594692127543,10.611720708118382,0.03822126814230099,0.4057092769569835,0.04560937443275777,0.9543906255672422,0.5058757467669034,Medium
ISIC_0014543.jpg,0.0721237998909944,0.5579774856560038,7.931731666268489,0.07063452071809495,0.5122370275017741,0.0295500685954744,0.9704499314045256,0.5622109171718174,Medium
ISIC_0014994.jpg,0.0828976913686775,0.92086724322734,13.929062242654105,0.0816401735670851,0.915266937869979,0.06548788939603499,0.934512110603965,0.7135960572511506,Hard
ISIC_0013333.jpg,0.0294934812856364,0.4529536439073613,8.187760531334018,0.02708716474330553,0.395596233311932,0.031084271080280747,0.9689157289197192,0.5041307896325009,Medium
ISIC_0000009.jpg,0.2313790226490482,0.5910876392829646,16.198524535165358,0.23331554453333117,0.5490095788624398,0.07908719464411286,0.9209128053558872,0.6002521995528692,Hard
ISIC_0000004.jpg,0.3449738095663334,0.1649208840064656,38.68454430207967,0.3493539131076077,0.0757034422260752,0.21383023383609998,0.7861697661639,0.392779273324697,Easy
ISIC_0000221.jpg,0.1579266989103054,0.1474806203827046,16.0509280133476,0.15828315928100786,0.05633406698626694,0.07820275159327318,0.9217972484067268,0.38473345355711314,Easy
ISIC_0001212.jpg,0.1060678218807647,0.1717631933962832,5.870225438259255,0.10530872577127563,0.0833025967421616,0.01719689905482111,0.9828031009451789,0.40362930547049614,Easy
ISIC_0000458.jpg,0.2493222873176145,0.2001690155075312,11.469817889408205,0.2516447937492568,0.11485045859434116,0.05075135257418029,0.9492486474258197,0.44108840847408753,Easy
ISIC_0000100.jpg,0.3857860336904053,0.1533203535291686,12.39721356150721,0.39104406486336946,0.06281974776807009,0.05630858825605852,0.9436914117439414,0.45318090943344985,Easy
ISIC_0012224.jpg,0.0827470082435435,0.1587020951672277,10.476557879382463,0.08148624903862099,0.06879677744377102,0.044799437835776695,0.9552005621642233,0.3822104699946418,Easy
ISIC_0013053.jpg,0.0211552671602387,0.3985981566025712,4.071420108091615,0.018569584049759554,0.33522834824655307,0.006417912839654483,0.9935820871603456,0.48648746581718205,Medium
ISIC_0000232.jpg,0.1791941214470284,0.3916214629626608,25.569648933029967,0.18000807361830146,0.3274799448989971,0.13524180960502166,0.8647581903949784,0.4786593630024166,Medium
ISIC_0014103.jpg,0.2056154554649505,0.1819412165632649,6.468580448752478,0.20699776723186633,0.09460643676279863,0.020782423459110737,0.9792175765408893,0.4323181683023972,Easy
ISIC_0011362.jpg,0.1757125854492187,0.7290095416477849,15.041493055243814,0.1764516449451034,0.7021873712584644,0.07215391166822471,0.9278460883317753,0.649733990655783,Hard
ISIC_0013365.jpg,0.0957376805404159,0.3866949596650791,15.04504648825352,0.09475636874147107,0.3220085086266115,0.07217520491479552,0.9278247950852044,0.4772311739158339,Medium
ISIC_0012685.jpg,0.0412109375,0.3843691715117819,11.740815789030494,0.039056679717133745,0.31942545917040155,0.05237525404666233,0.9476247459533377,0.46920301468111225,Medium
ISIC_0010370.jpg,0.3342908223470052,0.1158411379889371,36.00137402804609,0.33844111999384147,0.02119486151902579,0.1977518650922974,0.8022481349077026,0.3738750718237666,Easy
ISIC_0009934.jpg,0.8597462972005209,0.2683568313047443,7.813450474218487,0.875199872002608,0.19058070094914822,0.028841291877261303,0.9711587081227387,0.6349377962232698,Hard
ISIC_0000492.jpg,0.1565631622792854,0.7895232126405695,9.63458795101704,0.15689029108301533,0.7693946122660278,0.039754099077196334,0.9602459009228037,0.6830664830001463,Hard
ISIC_0009947.jpg,0.162078857421875,0.1429157243198255,15.603910613623633,0.1625246364897742,0.05126423623828648,0.07552408797761932,0.9244759120223807,0.38470342282559133,Easy
ISIC_0008807.jpg,0.0390332669954301,0.5556672619626191,5.576843269050285,0.03683216449508739,0.5096712641297056,0.015438864261036921,0.9845611357389631,0.5576729442842911,Medium
ISIC_0009935.jpg,0.1417045593261718,0.1540012391700328,9.614895936729813,0.14171205894083352,0.0635759478896857,0.039636098564861236,0.9603639014351387,0.3969857593933812,Easy
ISIC_0000000.jpg,0.4697323804591043,0.3989931869162419,14.89869789456726,0.4767962141578903,0.3356670738611225,0.0712982398271914,0.9287017601728086,0.5785114991444046,Hard
ISIC_0009980.jpg,0.8788223266601562,0.1533854279881398,14.531615187486937,0.8946862533537411,0.06289202027733559,0.06909856909401868,0.9309014309059813,0.574643872266463,Hard
ISIC_0012348.jpg,0.1119571143617021,0.3195145030654736,9.200585874995234,0.11132470511408069,0.24739705201499415,0.03715342722219535,0.9628465727778046,0.46378629755674944,Easy
ISIC_0000253.jpg,0.0987051504629629,0.5870574781917173,13.029768430217118,0.09778767306405696,0.5445336314721211,0.06009904856647199,0.939900951433528,0.5712257038565975,Hard
ISIC_0013274.jpg,0.0346879487307144,0.3960092745119874,14.563843402302592,0.032393372398573574,0.33235310336804,0.06929169031587151,0.9307083096841284,0.4667874928363044,Medium
ISIC_0014585.jpg,0.0298514660493827,0.4309984736805666,12.317109155987044,0.02745285025658367,0.3712125462444228,0.055828578402632355,0.9441714215973677,0.4858082286209937,Medium
ISIC_0013709.jpg,0.2864868683510638,0.2202223484123024,9.73706670341432,0.28960883654470787,0.13712194130932231,0.04036818279204435,0.9596318172079557,0.46312212168269035,Easy
ISIC_0013072.jpg,0.252656914893617,0.1463734011087022,11.352139658811774,0.25505115379642945,0.055104375391371446,0.050046188983573235,0.9499538110164267,0.41828837246140527,Easy
ISIC_0000203.jpg,0.9324706290756,0.1916338745517002,116.8152423271808,0.9494886052750531,0.10537122413638778,0.6820130343148072,0.3179869656851928,0.39081607896313586,Easy
ISIC_0012135.jpg,0.0281145279255319,0.7661149653922492,19.901014563262176,0.02567854818097106,0.7433971196569598,0.10127363600346115,0.8987263639965388,0.6183327123068153,Hard
ISIC_0013832.jpg,0.2722293882978723,0.2286105769932379,8.891672542621224,0.27504465829102354,0.14643801304347115,0.035302324995902565,0.9646976750040974,0.4649805560415784,Easy
ISIC_0010497.jpg,0.550970713297526,0.1536525229998112,7.41247538279864,0.5597820963808896,0.0631886593429685,0.02643852771453953,0.9735614722854604,0.505967503132321,Medium
ISIC_0011112.jpg,0.7688331604003906,0.1709401232879572,10.89392720790601,0.7823310673457643,0.08238848476995977,0.0473004412313856,0.9526995587686145,0.56198300631344,Medium
ISIC_0014308.jpg,0.0775597466931494,0.4489450568111129,7.755434976278063,0.07618740228684094,0.39114424627069805,0.028493645446556328,0.9715063545534437,0.5155317731736948,Medium
ISIC_0013249.jpg,0.0297032031170288,0.1575130000587016,8.77296870838651,0.027301397982608173,0.06747615352146501,0.03459101567774297,0.9654089843222571,0.371708955417028,Easy
ISIC_0000528.jpg,0.1348550554774183,0.6569686766695539,15.285678094938556,0.13471521274989584,0.6221778842193688,0.07361714236510854,0.9263828576348915,0.6067839570474335,Hard
ISIC_0013118.jpg,0.0310806183510638,0.4701458441622209,14.207966307983854,0.028708443331644837,0.4146901062669608,0.06715916700741673,0.9328408329925832,0.4995474448870997,Medium
ISIC_0000519.jpg,0.4772436353895399,0.2834619319310731,7.596861120571067,0.48446904661549145,0.20735661491341953,0.027543422887124493,0.9724565771128755,0.5444197096087471,Medium
ISIC_0013816.jpg,0.1259140022325172,0.2087850506168891,10.10312140976767,0.125581825030004,0.12441953511249337,0.042561693433583264,0.9574383065664167,0.4162666776007442,Easy
ISIC_0014469.jpg,0.047470305163089,0.4047407974079097,6.940404661063934,0.04545069507331649,0.3420504420685673,0.02360973700727165,0.9763902629927284,0.4899194426432109,Medium
ISIC_0013227.jpg,0.0249450390903989,0.4175971760847633,9.776525617277,0.022440879238372305,0.35632889726793576,0.04060463255203681,0.9593953674479632,0.4839301573235545,Medium
ISIC_0012976.jpg,0.0108130308769513,0.3955453627297903,5.964095895763188,0.00800487189799314,0.3318378771317059,0.017759399260083446,0.9822406007399166,0.4785205790861514,Medium
ISIC_0015212.jpg,0.0761859087935452,0.9255125017060342,7.564124359442609,0.07478401122566783,0.9204260201235949,0.027347254301777923,0.9726527456982221,0.7272948718502327,Hard
ISIC_0013169.jpg,0.6372333776595744,0.1639735452622094,20.22970115333334,0.6479003904777056,0.07465131595020241,0.10324322557720175,0.8967567744227982,0.5057004950474867,Medium
ISIC_0015941.jpg,0.0216610704787234,0.7751700706555971,28.90757613679377,0.019086267900217915,0.7534538329879893,0.15524368013163756,0.8447563198683624,0.6018178121241771,Hard
ISIC_0016065.jpg,0.01133929413676,0.9367639285224286,20.317805038343607,0.008542455811533544,0.9329219956828788,0.10377117073396853,0.8962288292660314,0.6889845024691459,Hard
ISIC_0000506.jpg,0.1023244391740995,0.1338807077459723,10.718847112120605,0.10148481770279286,0.041229833657443496,0.046251308283327755,0.9537486917166722,0.3756751799895109,Easy
ISIC_0000038.jpg,0.5224461960311328,0.5717730132359125,5.208948829425868,0.5306439771257234,0.5275585132367903,0.013234329380668028,0.986765670619332,0.689052384292913,Hard
ISIC_0008294.jpg,0.0303071460065507,0.2281820765523072,7.014486275255515,0.027918332522598864,0.14596211508631515,0.024053656471360586,0.9759463435286394,0.40694564940019956,Easy
ISIC_0012253.jpg,0.1038134413518782,0.454887595671917,5.006501353573863,0.10300585038573452,0.3977441043666065,0.012021202804430524,0.9879787971955695,0.5306416833615255,Medium
ISIC_0000020.jpg,0.239541912443699,0.8006812769058016,14.92924855959402,0.2416540294262392,0.781786898206518,0.07148130866274846,0.9285186913372515,0.6981098086072051,Hard
ISIC_0010216.jpg,0.1160214742024739,0.1664737174821438,21.037991862295776,0.11547649498068241,0.07742803853517963,0.10808674825507895,0.8919132517449211,0.3720099772699648,Easy
ISIC_0010591.jpg,0.2521451314290364,0.2039127080937973,12.263954461026646,0.2545283611586258,0.11900825047468196,0.055510059375230916,0.9444899406247691,0.4418068696981984,Easy
ISIC_0001131.jpg,0.3430283157913773,0.4227492201150244,10.312494942033842,0.3473665690591375,0.3620508219031909,0.04381632303705874,0.9561836769629413,0.5663262579630901,Medium
ISIC_0013867.jpg,0.4136815702037565,0.1500291906197363,4.935806705927782,0.41953967311580137,0.05916454101527297,0.011597579069452963,0.9884024209305471,0.47449158201075103,Medium
ISIC_0006350.jpg,0.1193810954165616,0.2261917990221633,8.06796920533586,0.11890838631381316,0.14375168793083373,0.030366445182182962,0.969633554817817,0.4265995159370227,Easy
ISIC_0000040.jpg,0.2685840416109153,0.1901100029999471,5.983859437453735,0.27132089513321117,0.10367879330277578,0.017877828386277675,0.9821221716137223,0.45304450116921585,Easy
ISIC_0012865.jpg,0.0607100837924701,0.454497206697634,6.816581493125758,0.05897527973191212,0.39731053348169915,0.02286775109143079,0.9771322489085692,0.5156643204436568,Medium
ISIC_0000386.jpg,0.162186375370732,0.8697266840229267,10.95810790367674,0.1626344672990604,0.858469592223532,0.04768503139430669,0.9523149686056933,0.7173566927261705,Hard
ISIC_0015018.jpg,0.1718105917000875,0.1431980518024622,7.961053717374821,0.17246571389031035,0.051577792676977596,0.02972577520439695,0.9702742247956031,0.40334352422182973,Easy
ISIC_0000439.jpg,0.0770095542625144,0.1703485980674469,9.898762265742564,0.07562537445277062,0.08173152945053073,0.041337111562800954,0.958662888437199,0.38713096634642463,Easy
ISIC_0014526.jpg,0.0365799055110682,0.4157906878426711,5.574849053368927,0.034326027797321364,0.3543225887979357,0.015426914316827326,0.9845730856831727,0.49491112245761504,Medium
ISIC_0009950.jpg,0.255035400390625,0.177544009899676,12.899122333450263,0.25748080382034605,0.08972284396217149,0.059316177595112346,0.9406838224048877,0.4294986763816658,Easy
ISIC_0014284.jpg,0.026223233376656,0.9173478619569516,9.610404326222511,0.023746569259220144,0.9113582689468079,0.039609183474645454,0.9603908165253545,0.7066167356774024,Hard
ISIC_0000187.jpg,0.812523637701751,0.1309936950212508,169.88114642802552,0.8269613875027351,0.038023481162229734,1.0,0.0,0.22194973934057566,Easy
ISIC_0012945.jpg,0.0057945478723404,0.6308052795279395,12.777884626778166,0.002878434352960248,0.5931204876274031,0.05858968454605341,0.9414103154539466,0.5674614140480826,Medium
ISIC_0012682.jpg,0.0079921875,0.3832781386222957,25.43761065175676,0.005123348261672344,0.31821374437690275,0.1344505962425476,0.8655494037574524,0.4315086261312875,Easy
ISIC_0000214.jpg,0.2490894841927952,0.463008486431013,66.8048678471384,0.2514069827058443,0.40676326736710827,0.3823357273293648,0.6176642726706352,0.4417395480580267,Easy
ISIC_0015057.jpg,0.3355968265514212,0.1618895889169096,17.6725906861683,0.3397752181628176,0.07233684792917451,0.08792024536696326,0.9120797546330367,0.43310645783393703,Easy
ISIC_0000054.jpg,0.2114797504852722,0.6677392313417331,9.919086563332804,0.21298821138395477,0.6341397971518133,0.04145890090814258,0.9585410990918575,0.6423923563888642,Hard
ISIC_0014089.jpg,0.0110262471438453,0.8524073139803113,12.364437028298532,0.00822267474295902,0.8392344829092745,0.056112181344364326,0.9438878186556356,0.668110198378922,Hard
ISIC_0000131.jpg,0.2602144877115885,0.3764227722638067,29.65190881009472,0.2627713005036659,0.31060008862785643,0.15970394689338957,0.8402960531066104,0.48403647916437265,Medium
ISIC_0014169.jpg,0.1027630184313684,0.1612971509878871,8.445859300149507,0.10193283140910014,0.07167887894423912,0.03263087705512204,0.967369122944878,0.39273395246067794,Easy
ISIC_0012159.jpg,0.0545309175531914,0.5073163181241183,8.977143344321735,0.052663191043570715,0.45597210025176566,0.0358144919201818,0.9641855080798182,0.5330195656895353,Medium
ISIC_0010081.jpg,0.1213289896647135,0.1414900675694387,16.541738237938297,0.12089818247299211,0.049680883993324675,0.0811438350759605,0.9188561649240395,0.37169655693899173,Easy
ISIC_0015219.jpg,0.2719720132500278,0.4539721825493269,8.982402246300595,0.2747817467483895,0.39672743508606106,0.0358460048532304,0.9641539951467696,0.5648403090228912,Medium
ISIC_0014778.jpg,0.0781296456961424,0.4096992459089447,15.24551357046603,0.07676956060901438,0.3475573570840583,0.07337646437268358,0.9266235356273165,0.48253357045543765,Medium
ISIC_0000355.jpg,0.3912293568013907,0.1564258261852135,16.217538685619775,0.39660448141559496,0.06626872459947226,0.07920113319110514,0.9207988668088949,0.44793821357680086,Easy
ISIC_0013917.jpg,0.0490058158120912,0.9724832148943792,35.26592525243517,0.047019236689300914,0.9725922825525035,0.1933448333355411,0.8066551666644589,0.6831210305258872,Hard
ISIC_0000132.jpg,0.0457547505696614,0.1492821179005452,17.31318145101886,0.04369823651756957,0.058334832695398645,0.0857665564011215,0.9142334435988785,0.3542401974671593,Easy
ISIC_0011085.jpg,0.1161893208821614,0.1527900243493956,21.71464380992926,0.11564795227559972,0.06223075753803435,0.11214145161496239,0.8878585483850376,0.36455478301887684,Easy
ISIC_0014299.jpg,0.0093198421516015,0.1697258134604318,10.657592378855414,0.006479562609026741,0.0810398570648899,0.04588425137371894,0.954115748626281,0.367976345497411,Easy
ISIC_0012828.jpg,0.2032327098319049,0.3620502768298368,12.613779857207184,0.20456376543046834,0.2946378151669373,0.05760631907599231,0.9423936809240077,0.4988338557477947,Medium
ISIC_0015986.jpg,0.0408234707446808,0.961220792234787,10.664178338096471,0.0386608780136916,0.9600840948720286,0.045923716435714496,0.9540762835642855,0.7276255566997343,Hard
ISIC_0015255.jpg,0.8548735770137489,0.16587593301224,20.17740533441326,0.8702223328360995,0.07676413161496992,0.10292985319510085,0.8970701468048992,0.5622357872367276,Medium
ISIC_0012102.jpg,0.0384453125,0.3905764850897991,8.428996676073607,0.03623156228175431,0.32631937938385325,0.032529831105670294,0.9674701688943297,0.47820020143699526,Medium
ISIC_0013136.jpg,0.0420506981382978,0.3609790361915549,12.629069613040146,0.03991450477324239,0.29344808189554655,0.057697939922669146,0.9423020600773309,0.457163579978595,Easy
ISIC_0014697.jpg,0.1706174467889747,0.1580849199587627,10.975613078091172,0.17124690277480517,0.06811133492642407,0.04778992769995065,0.9522100723000494,0.4033297849692882,Easy
ISIC_0015568.jpg,0.1703436927041846,0.1848510333798011,20.224667987655565,0.17096725985938935,0.09783811576802917,0.10321306532442201,0.896786934675578,0.3957524884085113,Easy
ISIC_0015971.jpg,0.0177420212765957,0.8155961878017397,19.16765295797142,0.015082914505943274,0.7983515850738734,0.09687911120325676,0.9031208887967432,0.6392036737348953,Hard
ISIC_0012156.jpg,0.0186291555851063,0.4693494679950871,14.459999143262763,0.015989132305716046,0.4138056409202192,0.06866942407174705,0.931330575928253,0.4954852410194053,Medium
ISIC_0010180.jpg,0.1482887268066406,0.1636175321396373,13.92111836004281,0.14843786100963557,0.07425592331680211,0.06544028724602687,0.9345597127539731,0.3939077340430203,Easy
ISIC_0000283.jpg,0.1430142720540364,0.6059077233926335,32.829412508646264,0.143049945408749,0.5654689499131508,0.17874451120066573,0.8212554887993343,0.5493894873972145,Medium
ISIC_0012965.jpg,0.0085377327127659,0.3977169495739444,13.3574320610122,0.005680628909761917,0.33424966868243366,0.062062508258479074,0.937937491741521,0.4633981468099463,Easy
ISIC_0014787.jpg,0.6095364688545358,0.9830252632225642,25.374525348482717,0.6196076826914987,0.9843004134770047,0.13407257000315062,0.8659274299968494,0.8516966865625738,Hard
ISIC_0013207.jpg,0.0428091755319148,0.1903654389990382,12.607356467810083,0.040689298069169544,0.10396248372299458,0.05756782818172776,0.9424321718182722,0.3816085781428855,Easy
ISIC_0006651.jpg,0.0465407034727471,0.7373941476519308,16.01399031777741,0.04450109635933933,0.7114994197134539,0.07798140973671219,0.9220185902632878,0.618431548567367,Hard
ISIC_0015133.jpg,0.2667824712402126,0.1447619109826328,15.435780638433036,0.26948057048133855,0.05331463427160087,0.07451660225665649,0.9254833977433435,0.4126151855391452,Easy
ISIC_0013027.jpg,0.0047950304815835,0.5125072781116,12.206006208520176,0.0018574159547347932,0.4617372454365769,0.05516281589952806,0.9448371841004719,0.5158522665984796,Medium
ISIC_0000534.jpg,0.4290867169882658,0.7386243793331623,12.650817666517147,0.43527620600637634,0.7128657304286892,0.05782826084439638,0.9421717391556036,0.723725452377531,Hard
ISIC_0010857.jpg,0.8464304606119791,0.1587266470393159,16.122913775041177,0.8615975932725007,0.06882404506045249,0.07863411207457163,0.9213658879254284,0.5654070771162061,Medium
ISIC_0016055.jpg,0.2748694259129213,0.1166968750978383,12.35395770212203,0.2777414867823528,0.022145253871258,0.05604938604878321,0.9439506139512168,0.4086761881270172,Easy
ISIC_0014850.jpg,0.155200222570422,0.2887692005328557,5.751630034266828,0.15549803264780412,0.21325093390217179,0.01648623948350588,0.9835137605164941,0.4684046979035927,Medium
ISIC_0000387.jpg,0.1024470859103732,0.5950447978359286,9.84409066703599,0.10161010274072793,0.5534044487193008,0.0410095027888352,0.9589904972111648,0.58241097919681,Hard
ISIC_0014513.jpg,0.0844076394275113,0.1411239851614117,10.279170763114609,0.08318260270607852,0.049274308285368815,0.043616634466440214,0.9563833655335597,0.37523955192741304,Easy
ISIC_0013216.jpg,0.048713639711509,0.8731673472897625,11.636177526961593,0.04672077547494396,0.8622908359459245,0.05174822989596417,0.9482517701040358,0.6884846477835183,Hard
ISIC_0010063.jpg,0.88165283203125,0.2007801017280803,11.41807269094303,0.8975776468271195,0.1155291386054372,0.05044127967657263,0.9495587203234274,0.6029516192621542,Hard
ISIC_0000316.jpg,0.4008470049253947,0.1839692856077096,17.841241866175398,0.40642901851027263,0.09685883564744446,0.08893085430500698,0.911069145694993,0.4592249898797935,Easy
ISIC_0013394.jpg,0.0271196302982978,0.4103685775472654,10.665147937278228,0.024662248923798924,0.348300725185722,0.045929526567605426,0.9540704734323946,0.47941051800657664,Medium
ISIC_0013104.jpg,0.0864814296691664,0.5367055254295645,10.039454487133629,0.08530100305645848,0.4886121220186467,0.042180181954867293,0.9578198180451327,0.5520070358873698,Medium
ISIC_0000065.jpg,0.2574257250815069,0.6511856202008719,21.026934187135566,0.2599225477156422,0.6157551492658506,0.10802048731726387,0.8919795126827361,0.6234755260742084,Hard
ISIC_0013204.jpg,0.0346708776595744,0.7123748414662678,16.446124167934762,0.03237593410498055,0.6837126648682162,0.0805708866166361,0.9194291133833639,0.603379239157709,Hard
ISIC_0013635.jpg,0.0670534703588797,0.4801917158170229,8.76454261711122,0.06545512135473351,0.42584717716282217,0.034540523987407784,0.9654594760125922,0.5246134678082195,Medium
ISIC_0002829.jpg,0.084792066903922,0.1532917344296015,9.463761596949077,0.08357529975150109,0.06278796303760391,0.038730455837538966,0.961269544162461,0.38245335060977814,Easy
ISIC_0011105.jpg,0.5279922485351562,0.2485979822932298,8.560873506466972,0.5363093329229289,0.1686362757347657,0.03332007700558513,0.9666799229944149,0.5398698165726837,Medium
ISIC_0014554.jpg,0.1574887588042931,0.4339846926415809,10.15423064722411,0.15783579847498852,0.374529078428335,0.0428679554602581,0.9571320445397419,0.5242667965789908,Medium
ISIC_0014754.jpg,0.3103692270615053,0.433081341876816,15.477962416303258,0.3140049379651297,0.37352580575348504,0.07476936824226316,0.9252306317577368,0.5517422779078842,Medium
ISIC_0011360.jpg,0.8290278116861979,0.1485864471563581,15.140880024391192,0.8438205891949372,0.057562212052832296,0.07274946848164984,0.9272505315183501,0.5585177181512897,Medium
ISIC_0012406.jpg,0.0082441167145312,0.439667077846622,10.915860677807844,0.005380696823553851,0.3808400066154308,0.04743187322447437,0.9525681267755256,0.48708002122349475,Medium
ISIC_0015360.jpg,0.3174297441669346,0.4272462448364845,22.219779558632748,0.3212173366010051,0.36704527388922514,0.11516837797589069,0.8848316220241093,0.5368135114143795,Medium
ISIC_0000204.jpg,0.5064349942788057,0.1806833522538684,21.18464416178449,0.5142883521831239,0.09320943690459299,0.10896553323981324,0.8910344667601867,0.47771792617368347,Medium
ISIC_0000350.jpg,0.1908726278429668,0.3325442584669585,31.93435588263544,0.19193780090900636,0.26186806157648007,0.17338106087518493,0.8266189391248151,0.44204830355152885,Easy
ISIC_0013321.jpg,0.5309479256194449,0.2082354371505576,8.628388983158807,0.5393285907269245,0.123809127512248,0.033724650185554456,0.9662753498144455,0.5225521711216863,Medium
ISIC_0013459.jpg,0.1914275401433842,0.1403539140331375,5.009849040183706,0.1925046501438143,0.04841905764428538,0.01204126315627351,0.9879587368437265,0.413279343488972,Easy
ISIC_0010456.jpg,0.0344874064127604,0.7506818685644292,19.509428282973044,0.03218851613679432,0.7262569290027845,0.09892713243995906,0.9010728675600409,0.6139254042813267,Hard
ISIC_0000320.jpg,0.3615615493263798,0.1352858740875746,23.90288232085246,0.36629847819132066,0.0427904289977434,0.12525403936926913,0.8747459606307308,0.4148518773676833,Easy
ISIC_0000013.jpg,0.2757675340679752,0.4782025095421713,15.204566602125931,0.2786589144913514,0.42363793975688707,0.07313109773968074,0.9268689022603193,0.5635240203167045,Medium
ISIC_0000080.jpg,0.1853332348981354,0.5898266640622731,19.750192078998268,0.18627924792736172,0.5476091239871823,0.1003698620088253,0.8996301379911746,0.5804840098736245,Hard
ISIC_0013032.jpg,0.0493241356382978,0.4224387691432909,10.584856711274202,0.047344404017135744,0.36170603116523,0.04544839722927088,0.9545516027707291,0.4906115744401311,Medium
ISIC_0015160.jpg,0.3613325740515783,0.9594335109980846,10.90073141921512,0.36606457734029696,0.9580991179428043,0.047341214125859475,0.9526587858741405,0.8081863665681452,Hard
ISIC_0001423.jpg,0.074577815308222,0.1746210983773318,9.092332784200774,0.07314132541573097,0.08647662181264444,0.03650474192320643,0.9634952580767936,0.39009932040586826,Easy
ISIC_0013177.jpg,0.1623316156914893,0.2062059627801903,18.501239843675236,0.16278283194086524,0.1215551678550292,0.09288576203304091,0.9071142379669591,0.4068077584156637,Easy
ISIC_0013674.jpg,0.2177076837110095,0.2952648131080922,15.717736618417511,0.21935011610437394,0.2204650425932101,0.07620616786476662,0.9237938321352334,0.4663513873107092,Medium
ISIC_0012877.jpg,0.0806044185542291,0.1721284741096685,10.22177000116965,0.07929756926889578,0.08370828207800624,0.04327267171996164,0.9567273282800384,0.38816227004643983,Easy
ISIC_0015966.jpg,0.0724141868495561,0.2143970471345347,5.861330314258239,0.0709311543035013,0.13065228874166893,0.017143596778370653,0.9828564032216294,0.41399344520011316,Easy
ISIC_0014932.jpg,0.5882136950000593,0.993657141753284,28.337696386651352,0.5978262263527201,0.9961083109496671,0.1518287881096558,0.8481712118903442,0.8447598051296673,Hard
ISIC_0010029.jpg,0.4354845682779948,0.287238822923951,14.82278884767885,0.44181168396437076,0.21155127735999138,0.07084336983303792,0.929156630166962,0.5202782524935259,Medium
ISIC_0012374.jpg,0.0418826462765957,0.5364886221990401,9.961652142794229,0.039742837882560327,0.48837122657386517,0.041713966749098545,0.9582860332509014,0.5406843117380016,Medium
ISIC_0014680.jpg,0.222408949168473,0.5045993795440409,7.705373497423852,0.22415251231218492,0.4529546342319669,0.028193661906686505,0.9718063380933135,0.5773522001034928,Hard
ISIC_0011140.jpg,0.1049995422363281,0.574367206168115,12.645298394179504,0.10421746594777867,0.5304396564025294,0.057795187693318005,0.942204812306682,0.5680019133552952,Medium
ISIC_0012655.jpg,0.0177001953125,0.3375159235435421,13.504067547887148,0.015040188807260943,0.2673896550863281,0.06294119249694083,0.9370588075030591,0.4386864918624172,Easy
ISIC_0010183.jpg,0.0522613525390625,0.8221313298658144,17.82293144549864,0.050344804533417414,0.8056095957103674,0.08882113271993125,0.9111788672800687,0.6537426429655253,Hard
ISIC_0014475.jpg,0.0545051417333976,0.8421783325575475,6.572580865991668,0.05263686075008889,0.8278740480114553,0.021405625450450362,0.9785943745495497,0.6868168654844466,Hard
ISIC_0000246.jpg,0.4905573527018229,0.7166355863721026,9.209626171179917,0.4980691604807637,0.688444701531342,0.03720759941432835,0.9627924005856716,0.7368725109377128,Hard
ISIC_0015139.jpg,0.1135195247256526,0.9077448714479708,27.280884993670043,0.11292072509524737,0.9006930673990887,0.14549605424127499,0.854503945758725,0.6875837892490011,Hard
ISIC_0000249.jpg,0.1637751261393229,0.5279397830779393,18.61063635808134,0.1642573943035598,0.4788767787619779,0.09354129907253855,0.9064587009274614,0.5498756054052926,Medium
ISIC_0014037.jpg,0.3038683207907093,0.2757592308201506,14.68778504560212,0.3073641881702756,0.19880189857448313,0.07003438617195185,0.9299656138280481,0.48184977131217893,Medium
ISIC_0012551.jpg,0.0322656217245933,0.9059888721648048,23.7188562616033,0.029918937773784186,0.8987428325993041,0.12415129949930596,0.8758487005006941,0.6735239126584106,Hard
ISIC_0012450.jpg,0.0337909786129045,0.4290017684026559,11.415332111829189,0.03147710720758091,0.3689949803517567,0.05042485729667735,0.9495751427033227,0.48781856888876085,Medium
ISIC_0013403.jpg,0.0373332490462015,0.4049774168430722,9.086827492342987,0.03509557679833757,0.342313234577188,0.03647175254739663,0.9635282474526033,0.4829340746388707,Medium
ISIC_0013054.jpg,0.0111007885037241,0.4396298192649511,18.728577749734644,0.008298819591031511,0.38079862676792076,0.09424803960388334,0.9057519603961166,0.47140734174356697,Medium
ISIC_0015985.jpg,0.0218180662368635,0.7793241954132711,15.345356140658186,0.019246640855192728,0.7580674559790285,0.07397475128552464,0.9260252487144753,0.6321474796554759,Hard
ISIC_0000494.jpg,0.1368029870915746,0.2221344704881868,23.51315227331761,0.13670504707887385,0.13924556803831661,0.12291865891449648,0.8770813410855035,0.39685295836497136,Easy
ISIC_0014925.jpg,0.1066355928230329,0.3942146367561452,15.330144700720505,0.10588871025518205,0.3303599561965101,0.07388359973140632,0.9261164002685937,0.4827569001364074,Medium
ISIC_0011386.jpg,0.0925877888997395,0.1313967451433481,22.208604244080437,0.09153871855620344,0.038471113676494986,0.11510141210721701,0.884898587892783,0.34798763087212287,Easy
ISIC_0014365.jpg,0.5960794692268993,0.446773860865673,8.216511531284114,0.6058612043092413,0.3887328888569787,0.031256555777761305,0.9687434442222387,0.6460186620978854,Hard
ISIC_0009992.jpg,0.5163625081380209,0.2045528413577912,25.73765221661861,0.5244294206554003,0.11971919049607524,0.13624853615154348,0.8637514638484565,0.4813080437092399,Medium
ISIC_0010265.jpg,0.1432228088378906,0.766921488405218,19.278313350266725,0.14326296810849476,0.7442928542177866,0.0975422217817677,0.9024577782182323,0.6493931060906196,Hard
ISIC_0013010.jpg,0.0201469414893617,0.166622418650256,10.27676297703592,0.017539567893073354,0.07759318791513736,0.04360220628318103,0.956397793716819,0.3701613949402099,Easy
ISIC_0015485.jpg,0.6193638651391276,0.9470185036786064,23.78104704721198,0.6296464799210519,0.9443108553016183,0.12452396551799287,0.8754760344820072,0.8415525741696128,Hard
ISIC_0013684.jpg,0.0711284906914893,0.1535535240132194,15.710420452840216,0.06961780103516056,0.06307870982838405,0.07616232718529845,0.9238376728147015,0.3659791196752893,Easy
ISIC_0008116.jpg,0.0652542556374401,0.1646154231057115,8.129401860253337,0.0636172030254118,0.07536419352345038,0.030734568252206808,0.9692654317477932,0.3852928792774607,Easy
ISIC_0002353.jpg,0.0694693772570756,0.1680165303957577,8.531165739084601,0.0679229977661583,0.07914150588253648,0.03314205906794198,0.966857940932058,0.3870376311207745,Easy
ISIC_0014438.jpg,0.0978756203620241,0.4217719019032533,9.088773701288156,0.09694029861837677,0.3609654000551689,0.036483414820706585,0.9635165851792934,0.5058520394894145,Medium
ISIC_0000099.jpg,0.398938496907552,0.2174368311295618,17.816605823261764,0.4044794558339268,0.1340283109233191,0.08878322767609458,0.9112167723239054,0.47365705864117624,Medium
ISIC_0000153.jpg,0.279224537037037,0.6576203835360861,20.186879380136556,0.28219028239627514,0.6229016780287138,0.10298662454580826,0.8970133754541918,0.6336629232195214,Hard
ISIC_0000410.jpg,0.1729673807338,0.8338914319495051,7.578066128523642,0.1736473870629917,0.8186705123932504,0.027430797603667897,0.9725692023963322,0.7112792725617643,Hard
ISIC_0012836.jpg,0.0172147606382978,0.8886169155767607,21.208291368839458,0.014544311758916946,0.8794493200089868,0.10910723446484182,0.8908927655351582,0.6672282738806293,Hard
ISIC_0000129.jpg,0.0934995015462239,0.7437415846654958,19.08358435894515,0.0924700434081407,0.7185489627696313,0.09637534670198741,0.9036246532980126,0.626805724614192,Hard
ISIC_0001292.jpg,0.0546445237045435,0.6483343147725595,5.069903661396622,0.05277924102104458,0.6125884537413036,0.012401128631072133,0.9875988713689279,0.6038897967309074,Hard
ISIC_0000262.jpg,0.0655359338831018,0.701611612345264,22.166842876061303,0.06390494056140673,0.6717588877846681,0.11485116534473784,0.8851488346552622,0.5944818823835607,Hard
ISIC_0015082.jpg,0.4695381090494174,0.4939807079879397,14.624808839369354,0.47659776370032564,0.44116140459074843,0.06965701367506069,0.9303429863249393,0.6212340479751095,Hard
ISIC_0014173.jpg,0.3573823244644055,0.9486655254587824,21.2567149253325,0.36202935239735556,0.9461400583215143,0.10939740307796195,0.890602596922038,0.780674270350658,Hard
ISIC_0011348.jpg,0.7595240275065104,0.1362750503686727,14.90387859176236,0.7728216820723577,0.043889020566095845,0.07132928413349537,0.9286707158665046,0.5357957792978043,Medium
ISIC_0015224.jpg,0.8236989327116996,0.1930014566508041,16.676436966212666,0.8383770786315449,0.10689007794618333,0.08195099064244672,0.9180490093575533,0.5736674541115032,Hard
ISIC_0015245.jpg,0.4517898692445652,0.1476838672674231,19.386826471906343,0.45846773460383455,0.05655979552233513,0.09819246526431794,0.9018075347356821,0.45287348901738145,Easy
ISIC_0000527.jpg,0.2392185260868178,0.3624696677798908,14.996789772387652,0.24132368657961722,0.2951035960094188,0.07188603606123263,0.9281139639387673,0.5032122474272405,Medium
ISIC_0013817.jpg,0.0855030991897954,0.3932732333479037,7.47344016706564,0.0843016273295128,0.3293144217791621,0.02680384716195487,0.9731961528380452,0.4934198290373588,Medium
ISIC_0012329.jpg,0.1116168550531915,0.1909521537698311,10.640390975056505,0.11097712635520215,0.10461409649671105,0.04578117535358469,0.9542188246464153,0.40356650881373035,Easy
ISIC_0005548.jpg,0.1155373414798018,0.7149271775698618,8.438465112991144,0.11498194789065441,0.6865473213157981,0.03258656884671523,0.9674134311532848,0.6419591164026326,Hard
ISIC_0000390.jpg,0.4301673041449653,0.2468649120359958,4.762045028036749,0.4363800380938209,0.16671150619839345,0.010556346480634068,0.9894436535193659,0.5220848907345907,Medium
ISIC_0010350.jpg,0.2896652221679687,0.7958102692131248,15.697239273768629,0.29285556116715045,0.7763770960480858,0.07608334156905111,0.9239166584309488,0.707135559161854,Hard
ISIC_0014890.jpg,0.1161351015102365,0.4163284352864508,11.10500804883298,0.11559256656967055,0.35491981784489957,0.04856530154532827,0.9514346984546718,0.5038682132395126,Medium
ISIC_0010336.jpg,0.2856699625651042,0.2356026914580059,12.989806425643192,0.28877435798055806,0.15420354295227742,0.059859584134602295,0.9401404158653976,0.4629241522289397,Easy
ISIC_0000240.jpg,0.172766367594401,0.2115579640743579,8.081867747904216,0.17344204985174416,0.12749916753227242,0.03044972945772002,0.9695502705422799,0.43370277416564296,Easy
ISIC_0012164.jpg,0.0187524933510638,0.4335769777698323,9.773318716119656,0.016115123238343312,0.3740762651846756,0.040585415829254914,0.9594145841707451,0.48945439134321683,Medium
ISIC_0002885.jpg,0.0749182949805047,0.1626014242511598,6.623500092517802,0.07348912927871244,0.07312742116794493,0.021710748874095652,0.9782892511259044,0.3900244886809226,Easy
ISIC_0010603.jpg,0.7219683329264323,0.2527383009495416,5.264778291272551,0.7344581123346081,0.17323456549669464,0.013568876421169338,0.9864311235788307,0.5981592475349207,Hard
ISIC_0015625.jpg,0.4023062046664523,0.966454036395034,16.53783172050953,0.4079196076646818,0.9658962013887707,0.081120426040637,0.918879573959363,0.8099462333574559,Hard
ISIC_0010090.jpg,0.0438931783040364,0.4273263360733208,18.852839451820977,0.04179661924666843,0.36713422422008996,0.09499265334912775,0.9050073466508722,0.4740554158275084,Medium
ISIC_0015537.jpg,0.4837932833777147,0.1933788160166079,9.010904346893762,0.4911595866297705,0.1073091779847029,0.03601679807039771,0.9639832019296023,0.5031076885266845,Medium
ISIC_0015108.jpg,0.3760929012005052,0.5445140370145566,11.10365783368287,0.3811424196292326,0.497284352795482,0.04855721064730475,0.9514427893526952,0.6272043222989443,Hard
ISIC_0007796.jpg,0.0460422112517846,0.1371682602612346,6.5691639665021695,0.04399188087826646,0.04488103066125111,0.02138515035407488,0.9786148496459252,0.37146557986014084,Easy
ISIC_0012547.jpg,0.0468940792438789,0.405702460592327,15.383222873942344,0.04486207373416965,0.343118477247113,0.07420166021737959,0.9257983397826204,0.4724923282563047,Medium
ISIC_0010094.jpg,0.2024345397949218,0.7088190407636337,26.126596231500507,0.20374842564728066,0.6797635480673979,0.13857920646064958,0.8614207935393504,0.6243398033775519,Hard
ISIC_0001372.jpg,0.0598261198769631,0.4385236515503388,5.414399435587813,0.05807230052470033,0.3795701030480559,0.014465451623068127,0.9855345483769319,0.5112832082823235,Medium
ISIC_0012674.jpg,0.086854222074468,0.4825943357332942,8.55788718210765,0.08568181474423052,0.4285155569373969,0.03330218204576747,0.9666978179542325,0.5311709127449977,Medium
ISIC_0013320.jpg,0.0841579715537481,0.4023042237025709,7.9642230606736835,0.08292756412954608,0.33934435279054415,0.02974476686911833,0.9702552331308817,0.4960589637444127,Medium
ISIC_0015011.jpg,0.7844947575570872,0.8725335880995164,13.261087796927775,0.7983295672122582,0.861586975050678,0.06148518425511979,0.9385148157448802,0.8726973673340438,Hard
ISIC_0011305.jpg,0.1307017008463541,0.7345106523645195,20.62683917196593,0.1304725136914431,0.7082969737281768,0.10562299683791973,0.8943770031620802,0.6289688690208595,Hard
ISIC_0004168.jpg,0.0309710991216669,0.1520799333034561,5.501476371252907,0.028596568191494417,0.061442121527711016,0.014987242988399206,0.9850127570116008,0.37648045561301824,Easy
ISIC_0014347.jpg,0.1497976945067499,0.2967730251089082,12.114159283298658,0.14997928870102656,0.2221400817333975,0.0546124413124259,0.9453875586875741,0.45723650040926656,Easy
ISIC_0015215.jpg,0.1796135568751419,0.9742757082770702,11.408890633761908,0.18043653168509624,0.974583048156351,0.050386258009623854,0.9496137419903762,0.7673071618804461,Hard
ISIC_0000310.jpg,0.7384493155149935,0.1325147332717294,36.061354840111015,0.7512936237517848,0.03971276529595594,0.19811128828033192,0.801888711719668,0.48436956115821234,Medium
ISIC_0000447.jpg,0.077622455451341,0.4991133301330502,8.731873946056043,0.0762514599975277,0.446861759037074,0.034344763418397935,0.965655236581602,0.5357869014177722,Medium
ISIC_0011385.jpg,0.2425409952799479,0.2504957177150213,22.21142817589365,0.24471762670021308,0.17074392446551517,0.11511833396172608,0.8848816660382739,0.43918555957465516,Easy
ISIC_0014317.jpg,0.0421429380921935,0.444413140983166,6.809074938655028,0.04000872893667356,0.3861110437847484,0.02282276954406354,0.9771772304559364,0.5064586304076455,Medium
ISIC_0012089.jpg,0.0150728483198473,0.3477536434615946,14.931291663960351,0.012356323931243819,0.2787597950664745,0.07149355156276187,0.9285064484372382,0.43957025596243415,Easy
ISIC_0012207.jpg,0.1266476063829787,0.1467779790193318,17.262353291892182,0.12633121002476486,0.05555370468671797,0.08546197868090889,0.9145380213190911,0.3738925918425603,Easy
ISIC_0000236.jpg,0.4908650716145833,0.540534342071335,11.319445117563063,0.49838349885477884,0.49286445374130683,0.04985027339253026,0.9501497266074698,0.6542940605228318,Hard
ISIC_0010042.jpg,0.1508076985677083,0.1541433154743196,12.892124643100065,0.1510110193522962,0.06373373961289489,0.05927424531563896,0.940725754684361,0.39250026482275835,Easy
ISIC_0013891.jpg,0.0111677447121834,0.1337750928003452,11.08796063295586,0.008367216120541214,0.04111253637588198,0.0484631482674488,0.9515368517325512,0.351574716686881,Easy
ISIC_0014336.jpg,0.3148145661265302,0.1263181854354437,7.204799052398955,0.3185459024483026,0.03283080165012449,0.025194068258559393,0.9748059317414406,0.43395087238162966,Easy
ISIC_0013663.jpg,0.1857741882232098,0.6397731655780512,9.04845672083418,0.1867296867709707,0.6030803342076921,0.036241823265877215,0.9637581767341228,0.6252299172327624,Hard
ISIC_0010088.jpg,0.0686365763346354,0.5213021668627933,16.0702744196754,0.06707228213906284,0.471504959049698,0.07831868111806557,0.9216813188819344,0.527958515763322,Medium
ISIC_0000523.jpg,0.2164990136193791,0.6860206240488815,10.36436011604176,0.21811544584015277,0.654443340887736,0.04412711486444702,0.955872885135553,0.6508617076125762,Hard
ISIC_0015110.jpg,0.2593893476673414,0.6467224151149747,17.398840686822275,0.26192841055089494,0.6107982577907022,0.08627985247960304,0.913720147520397,0.6296034573861435,Hard
ISIC_0012679.jpg,0.0121627327127659,0.3384800720182441,23.9561764250532,0.009383607695118005,0.2684604504593951,0.12557339377905172,0.8744266062209483,0.41577939428486943,Easy
ISIC_0010848.jpg,0.1305287679036458,0.1355697439782089,16.82643196494219,0.13029586072092225,0.043105698454077086,0.08284980609319859,0.9171501939068014,0.37081881242924186,Easy
ISIC_0015193.jpg,0.4061250578100739,0.9438102492502282,19.645698814233704,0.4118206096440532,0.9407477277464034,0.0997437067258798,0.9002562932741202,0.7943439461555167,Hard
ISIC_0014833.jpg,0.8617322040000365,0.1913194583380295,11.694969612848467,0.8772284984159323,0.10502202955106221,0.052100529876794484,0.9478994701232055,0.5930807509675299,Hard
ISIC_0001449.jpg,0.0523320053329973,0.6369949866511948,8.771493828289596,0.05041697716709098,0.5999948538916553,0.034582177749609755,0.9654178222503902,0.5904984236360714,Hard
ISIC_0010092.jpg,0.1405614217122396,0.5539822998832131,22.30721915128734,0.1405443308489346,0.5077999241382392,0.1156923424917151,0.8843076575082849,0.547763732495429,Medium
ISIC_0014331.jpg,0.3245195142178853,0.1823636127136028,7.240753070238046,0.3284596174538943,0.09507555521835905,0.025409515620298816,0.9745904843797012,0.46125179598371263,Easy
ISIC_0000060.jpg,0.505168973672804,0.1081794055752042,8.807119691549904,0.5129950977153037,0.012685645528368004,0.034795658709748156,0.9652043412902518,0.47114455209176126,Medium
ISIC_0012178.jpg,0.073860704787234,0.9804735349479732,20.016773670884923,0.07240878885132429,0.9814664320919273,0.101967299628101,0.898032700371899,0.7250002151797666,Hard
ISIC_0001385.jpg,0.0747595623897707,0.494254119451067,4.495738294308152,0.07332698212946206,0.4414650587864891,0.008960555894668288,0.9910394441053317,0.5417815744838272,Medium
ISIC_0015130.jpg,0.3234062177117762,0.9544392816337754,26.09883436986643,0.327322372393499,0.9525524642523647,0.1384128489794689,0.8615871510205311,0.7644070816565065,Hard
ISIC_0013082.jpg,0.0253916213906744,0.3763033656073082,5.175414565453182,0.022897068144258015,0.3104674740994442,0.013033381916795629,0.9869666180832044,0.4753495730049637,Medium
ISIC_0009972.jpg,0.103833516438802,0.1592858290109452,15.285161430557269,0.10302635731566362,0.06944507956253808,0.07361404635569031,0.9263859536443096,0.3777697049294395,Easy
ISIC_0011345.jpg,0.116675059000651,0.7595651643258882,22.26103534736677,0.11614413929573925,0.7361228285489056,0.11541559515420449,0.8845844048457955,0.6330897079395255,Hard
ISIC_0013737.jpg,0.0113694278781653,0.384164133761025,11.061544124576844,0.00857323777157416,0.31919774167607845,0.048304852550344314,0.9516951474496557,0.46291570772070445,Easy
ISIC_0013491.jpg,0.0661730385638297,0.4210906181599658,11.193145883823307,0.06455575024879609,0.3602087577960153,0.0490934501406556,0.9509065498593444,0.49303973313137567,Medium
ISIC_0000518.jpg,0.1871192530100212,0.2375901075135714,23.942083957238896,0.18810368576972716,0.15641079211824885,0.12548894744472053,0.8745110525552795,0.4156691066840791,Easy
ISIC_0009948.jpg,0.5015474955240885,0.1160103365414259,13.012437101338636,0.5092957165411452,0.02138277555082534,0.05999519399591973,0.9400048060040803,0.46487872145704456,Easy
ISIC_0000348.jpg,0.2101169781254527,0.2964538894674295,28.00843896254334,0.21159612389769789,0.22178564569243217,0.14985577792551832,0.8501442220744817,0.43916376697746595,Easy
ISIC_0013942.jpg,0.0423626359948851,0.1392462066651004,6.675210241022975,0.04023315284642645,0.04718882396604103,0.022020611741729878,0.9779793882582701,0.37122660368841753,Easy
ISIC_0013806.jpg,0.0225541228198893,0.3730884181339435,8.63719779586613,0.01999853103774893,0.3068969131646293,0.033777435258598124,0.9662225647414019,0.46593629568477957,Easy
ISIC_0015149.jpg,0.3893888461777536,0.9788806247322086,10.721843245488945,0.3947243788518568,0.9796973260532759,0.04626926202169761,0.9537307379783024,0.8243657834266804,Hard
ISIC_0000077.jpg,0.4146492141416806,0.1644084393686784,4.859577684104068,0.4205281324189493,0.07513431479239326,0.011140791688598986,0.9888592083114011,0.481286481930685,Medium
ISIC_0012167.jpg,0.0503095079787234,0.174889329398499,25.7559329254904,0.04835097308534889,0.0867745225446532,0.13635807969448713,0.8636419203055129,0.349072224396128,Easy
ISIC_0010225.jpg,0.1323420206705729,0.7230352500157489,16.140652702926506,0.13214811907358967,0.695552248137086,0.07874040910179357,0.9212595908982064,0.6336987858376041,Hard
ISIC_0014930.jpg,0.156515440321769,0.4212412329908868,15.823489635911033,0.1568415425599039,0.36037603251385925,0.07683987196751615,0.9231601280324838,0.5064668434568891,Medium
ISIC_0013326.jpg,0.0345073919377829,0.1448353990295163,8.85947903687776,0.032208931578221224,0.053396251016991574,0.035109411761320174,0.9648905882386798,0.36712243918488985,Easy
ISIC_0013602.jpg,0.0429018921857463,0.1667014346461517,4.051567637532806,0.040784009187014296,0.07768094406994487,0.006298950824754037,0.9937010491752459,0.3890637471360676,Easy
ISIC_0006815.jpg,0.0077627138185477,0.8849123290170668,11.055805753982115,0.0048889382825784335,0.8753349597716049,0.04827046649616672,0.9517295335038333,0.6844615552056282,Hard
ISIC_0000075.jpg,0.6189094165643968,0.3623330967173609,34.0491550230937,0.6291822555262206,0.2949519184766643,0.18605357768428363,0.8139464223157163,0.5601575790827216,Medium
ISIC_0011164.jpg,0.0891469319661458,0.8802934999390786,23.26556332830633,0.0880238440103985,0.8702052303414715,0.12143503098625619,0.8785649690137438,0.6775857922939985,Hard
ISIC_0015968.jpg,0.0818025265957446,0.1888353408149741,12.73670658836608,0.08052145027863274,0.10226313751354228,0.05834293327121139,0.9416570667287886,0.3906155909301511,Easy
ISIC_0010220.jpg,0.0754674275716145,0.6768055832364952,24.660316946273586,0.07405007447463718,0.6442090011325685,0.12979281699538578,0.8702071830046142,0.5807686331233017,Hard
ISIC_0014189.jpg,0.5284538672071525,0.4342114972958327,8.303399356099147,0.5367808816537776,0.37478097051833487,0.03177721393361621,0.9682227860663838,0.6229855837440126,Hard
ISIC_0014908.jpg,0.1466034528661246,0.2259466631232261,23.40832060872713,0.14671633448570615,0.14347943693086643,0.12229047583732691,0.8777095241626731,0.4012691918507087,Easy
ISIC_0015636.jpg,0.6508395421901454,0.6244611298474442,46.1383772668904,0.661799242507159,0.5860745955245105,0.25849585797585145,0.7415041420241486,0.6594060985450461,Hard
ISIC_0014066.jpg,0.0621772086722287,0.500360892119092,7.655066574420113,0.06047396450576431,0.4482473170059134,0.027892207591152424,0.9721077924088476,0.534655145271903,Medium
ISIC_0010332.jpg,0.3727798461914062,0.2083233206269158,8.986909326564565,0.3777580962048433,0.12390673200193254,0.03587301264291237,0.9641269873570877,0.4814466624269645,Medium
ISIC_0015330.jpg,0.1632654532304465,0.9726908603081724,20.860119935426415,0.1637367576224453,0.9728228961500587,0.10702088580980185,0.8929791141901982,0.7426060378322041,Hard
ISIC_0003346.jpg,0.0292493816032198,0.8578544907246557,10.023695752554836,0.02683781413765013,0.8452841856336654,0.04208575084553906,0.957914249154461,0.68009311499194,Hard
ISIC_0012510.jpg,0.9272833515009224,0.1909282438410207,7.170236078735952,0.944189742154285,0.104587541830275,0.024986956454730154,0.9750130435452699,0.6191370175115256,Hard
ISIC_0013836.jpg,0.0154960308621918,0.3861680997529653,6.155257892599141,0.012788609717901678,0.32142337140869465,0.018904899828822826,0.9810951001711772,0.4751497860528653,Medium
ISIC_0010494.jpg,0.3290723164876302,0.178910396922195,31.79224788687058,0.333110356824594,0.09124037050494213,0.17252950673437545,0.8274704932656245,0.4093884100510939,Easy
ISIC_0006671.jpg,0.0285065704522549,0.1249432348739263,9.025319338014468,0.026079024087015932,0.031303764333674086,0.03610317706204066,0.9638968229379593,0.3564051497835094,Easy
ISIC_0014683.jpg,0.24109794464455,0.4603395490979537,15.995000415865256,0.24324353404115845,0.4037991121335184,0.0778676164943276,0.9221323835056724,0.5450768625906823,Medium
ISIC_0015153.jpg,0.7130338469232093,0.1809234377128501,13.588683146185415,0.7253314331268852,0.09347607882268319,0.06344823478347891,0.9365517652165211,0.5465164076365769,Medium
ISIC_0000157.jpg,0.3334588023977798,0.2286665543690711,16.220744081184282,0.3375912021397795,0.1465001822182522,0.07922034089191886,0.9207796591080811,0.4652707541100741,Easy
ISIC_0015173.jpg,0.404380100117962,0.9667769532937084,12.728793847278736,0.41003811548812646,0.9662548369413422,0.05829551773064441,0.9417044822693555,0.8186080324428429,Hard
ISIC_0000443.jpg,0.1039466857910156,0.1785923018374834,9.409108024708887,0.10314196109784278,0.0908870901193565,0.03840295508361819,0.9615970449163818,0.39869929204293686,Easy
ISIC_0009929.jpg,0.0218594868977864,0.4132969866395404,18.515928730710744,0.019288952532068016,0.35155305300527756,0.09297378229194081,0.9070262177080592,0.46290263553294875,Easy
ISIC_0016043.jpg,0.0317187925802867,0.1400981263640396,10.67794239761274,0.02936034557500301,0.048134976654952,0.0460061948480821,0.9539938051519179,0.3604919088589028,Easy
ISIC_0014600.jpg,0.0457935175619834,0.8950805076122954,35.93003374553708,0.043737837441746245,0.8866278662875384,0.19732437251772345,0.8026756274822766,0.6465220754942488,Hard
ISIC_0010093.jpg,0.6356366475423177,0.2924036229983262,10.360290347589183,0.6462693124776668,0.21728736901762363,0.04410272757955657,0.9558972724204434,0.5830463210736213,Hard
ISIC_0010571.jpg,0.2857564290364583,0.5679594811665354,22.30782207721696,0.2888626844658184,0.523323156751687,0.11569595540645086,0.8843040445935492,0.5910513494248716,Hard
ISIC_0014325.jpg,0.2142344424733775,0.502832348474557,9.645980150650024,0.21580216062316698,0.45099214739211196,0.03982236458694603,0.960177635413054,0.5704095715072054,Medium
ISIC_0000109.jpg,0.3553476333618164,0.8360398049971124,21.115628198418413,0.3599508922628341,0.8210565224107539,0.1085519686893457,0.8914480313106543,0.7304171429887392,Hard
ISIC_0010187.jpg,0.3783963521321614,0.7111644015599176,13.948329395739767,0.38349542099006895,0.6823683351460786,0.06560334401140268,0.9343966559885973,0.6958600189019577,Hard
ISIC_0010006.jpg,0.3475735982259114,0.1619209410147454,20.51459147364812,0.3520096268325254,0.07237166796175186,0.10495037464108696,0.8950496253589131,0.43021844276845167,Easy
ISIC_0015003.jpg,0.4095008375331984,0.3121884892254736,12.665234221600675,0.4152690070781953,0.23926068927758345,0.05791464920777812,0.9420853507922219,0.5292514002578599,Medium
ISIC_0012699.jpg,0.0300272606382978,0.383954432391609,19.186570794737595,0.027632426431296226,0.31896484470845543,0.09699247260946539,0.9030075273905346,0.45054667907789336,Easy
ISIC_0000511.jpg,0.5089751139018612,0.8327681769079212,12.98266315140408,0.5168831133076593,0.8174230112740125,0.05981677947238386,0.9401832205276162,0.7852541100211856,Hard
ISIC_0014955.jpg,0.1219057901850819,0.9559743541286694,13.089337534831348,0.12148739077376632,0.9542573349937336,0.060456004678797255,0.9395439953212027,0.740915180053356,Hard
ISIC_0014433.jpg,0.0449007486269495,0.6148750524992102,9.189921542493307,0.042825863806806794,0.5754281779449734,0.037089523312692524,0.9629104766873074,0.5778964039702487,Hard
ISIC_0012448.jpg,0.0175259308510638,0.1961739644373864,13.239101927721986,0.014862175675194806,0.11041350483325206,0.06135343826953525,0.9386465617304648,0.3764072424577622,Easy
ISIC_0015999.jpg,0.0157425199468085,0.8908608570464537,19.25196222411065,0.013040401125117538,0.8819414695131625,0.09738431785474076,0.9026156821452592,0.6719521768373851,Hard
ISIC_0014867.jpg,0.1409189344010543,0.9434722316531776,8.119702915869428,0.14090953413229365,0.9403723211690619,0.0306764492406259,0.9693235507593742,0.7506395547664791,Hard
ISIC_0013809.jpg,0.2594349726962099,0.1533970978713517,7.053622981761149,0.26197501703751047,0.06290498099580935,0.024288175467305485,0.9757118245326946,0.43215488524414447,Easy
ISIC_0014489.jpg,0.5678676545729918,0.1982068573782982,6.687757041357611,0.5770425143341193,0.1126712611977391,0.02209579596849603,0.977904204031504,0.5315956044736518,Medium
ISIC_0000006.jpg,0.0917226493033319,0.7181809010724081,19.31180168141259,0.09065496860534307,0.6901609473943362,0.09774289400223336,0.9022571059977667,0.6145181082082886,Hard
ISIC_0000319.jpg,0.1571440859046791,0.2078377567515218,87.94960057414019,0.15748371118253118,0.12336745867967677,0.5090413684375631,0.4909586315624369,0.2605534323143564,Easy
ISIC_0013766.jpg,0.0377524192153697,0.8243711685235553,8.520045087243762,0.03552376390009867,0.8080971885801967,0.033075420754787276,0.9669245792452127,0.6705434191429278,Hard
ISIC_0013146.jpg,0.1528859707446808,0.6609576251665155,9.9791941801317,0.15313399805064792,0.626608060386239,0.041819083948539414,0.9581809160514606,0.6242900442851688,Hard
ISIC_0013433.jpg,0.0404294090904326,0.3807234168342714,9.501244702641785,0.038258339545883764,0.31537643835830914,0.038955065956703824,0.9610449340432962,0.4720808871449482,Medium
ISIC_0015163.jpg,0.350177908993684,0.2256000051957067,10.221411373080215,0.3546699599424665,0.14309443429427615,0.04327052271185745,0.9567294772881425,0.48076058075417694,Medium
ISIC_0010238.jpg,0.3536389668782552,0.1241959567134559,8.475013993069364,0.3582054699897648,0.030473827848141562,0.03280558080311531,0.9671944191968846,0.44025894535560745,Easy
ISIC_0010071.jpg,0.8017807006835938,0.2090139235466083,10.174794063772833,0.815987354986693,0.12467372425513489,0.04299117767880398,0.957008822321196,0.5888194162611458,Hard
ISIC_0014576.jpg,0.0586158698729721,0.4757488466999741,12.14171532984614,0.05683601636200907,0.42091287106940795,0.05477756548728706,0.9452224345127129,0.5134020045977149,Medium
ISIC_0011123.jpg,0.2801081339518229,0.6466090229791673,12.118220075647509,0.28309288670807053,0.6106723230643082,0.054636774809784856,0.9453632251902151,0.6459192797193162,Hard
ISIC_0015331.jpg,0.2745190048299598,0.9900495727702344,21.29748909380264,0.2773835276551395,0.9921016996481624,0.10964173424182033,0.8903582657581797,0.7778119547884127,Hard
ISIC_0000122.jpg,0.3906917572021484,0.1651601986458146,15.456464757641944,0.3960553173022128,0.07596922806222592,0.07464054776209086,0.9253594522379092,0.45327732883371175,Easy
ISIC_0011124.jpg,0.270758310953776,0.6213578150007486,16.274767152781315,0.2735419360298355,0.5826280151832007,0.07954406349507076,0.9204559365049292,0.6235962678574645,Hard
ISIC_0011398.jpg,0.3930066426595052,0.1640460532427005,9.67486451730954,0.39841999916128085,0.07473184422158126,0.039995448458132764,0.9600045515418673,0.46549933051860626,Easy
ISIC_0010252.jpg,0.8331629435221354,0.2294744911448087,11.035552402860992,0.8480446734606275,0.14739748692171903,0.04814910228355057,0.9518508977164495,0.6041179773346017,Hard
ISIC_0013181.jpg,0.0170131316489361,0.1995774630870596,8.288219345435703,0.014338345449918556,0.1141934730662944,0.03168625071322587,0.9683137492867742,0.38817178783936834,Easy
ISIC_0000050.jpg,0.2820538793509601,0.3029881109895357,7.8123473674053585,0.2850804877935076,0.22904263396348518,0.028834681727217187,0.9711653182727829,0.5027950369292449,Medium
ISIC_0000014.jpg,0.2805578447556622,0.6133847502172748,10.132620026335829,0.28355227141597744,0.5737730295629144,0.042738458076216956,0.9572615419237831,0.6354388193524843,Hard
ISIC_0012814.jpg,0.0573123337765957,0.4430442462529197,12.407794289105428,0.05550443939350488,0.38459073215036393,0.05637199117966283,0.9436280088203371,0.4979822057956398,Medium
ISIC_0012314.jpg,0.3206717087765957,0.1552294848590001,15.355922713532234,0.3245290403727155,0.06494005293703553,0.07403806938973567,0.9259619306102643,0.4311949569815856,Easy
ISIC_0001152.jpg,0.6078369713549637,0.4698520104847603,9.331843092606666,0.6178716266400004,0.41436377090417,0.037939960214702605,0.9620600397852974,0.6569344289465222,Hard
ISIC_0013690.jpg,0.0115535057332718,0.1418103377729019,9.209219448507737,0.008761275397039877,0.050036580093041697,0.03720516220892135,0.9627948377910787,0.35918314411335417,Easy
ISIC_0011315.jpg,0.3195813496907552,0.2053953184722314,10.738805775275292,0.3234152261483603,0.12065485613236245,0.046370906636417734,0.9536290933635823,0.46288593166728886,Easy
ISIC_0013432.jpg,0.0405427381613701,0.4043133982395928,16.760235331152426,0.038374106482558436,0.34157576719857086,0.08245313581924303,0.9175468641807569,0.46736523596333285,Medium
ISIC_0000423.jpg,0.3222140559443721,0.5659270929968729,9.128192658511114,0.32610456557048934,0.5210659609924723,0.03671962514841498,0.963280374851585,0.627100656987666,Hard
ISIC_0000107.jpg,0.1956424713134765,0.7546112836029937,18.566194140063622,0.1968102503381834,0.7306209865650342,0.09327498784510864,0.9067250121548913,0.6588047114647715,Hard
ISIC_0014049.jpg,0.0332185194113701,0.5242404163620892,7.4910121849886835,0.030892333613439182,0.4747682157485533,0.02690914401414259,0.9730908559858574,0.5382121692978312,Medium
ISIC_0000508.jpg,0.1923468053975853,0.6742092176652477,18.27685879678006,0.19344369007055132,0.6413254450066911,0.09154120285764512,0.9084587971423549,0.6228516795201385,Hard
ISIC_0011199.jpg,0.0466651916503906,0.6042836647644986,29.401867168501543,0.04462826245060596,0.5636652500575513,0.15820562166455598,0.841794378335444,0.5312511980530774,Medium
ISIC_0007141.jpg,0.1646052807697152,0.1402320421796639,10.078515077635194,0.16510540671318952,0.04828370523723319,0.04241424484066795,0.9575857551593321,0.3957448480789569,Easy
ISIC_0015950.jpg,0.028299534574468,0.8722625325041194,17.258383451460695,0.0258675345799118,0.8612859373111487,0.08543819019497895,0.914561809805021,0.6710778920011947,Hard
ISIC_0015060.jpg,0.3154738290181887,0.1395258853438524,11.597989793893897,0.31921934700051885,0.0474994386099585,0.05151939743620779,0.9484806025637922,0.4307728230914404,Easy
ISIC_0013417.jpg,0.0139397213808066,0.336649175333259,12.57015754126956,0.011198821857758803,0.2664270336669745,0.05734492095009202,0.942655079049908,0.4392997965986973,Easy
ISIC_0010178.jpg,0.1186993916829427,0.3945967275798395,12.082130932062825,0.11821201818595418,0.33078431105142975,0.05442051773366188,0.9455794822663381,0.49281954776027875,Medium
ISIC_0013712.jpg,0.0173869231353764,0.4080551256414659,7.704479924697256,0.01472017771045239,0.3457313765205086,0.02818830734833564,0.9718116926516643,0.48210668746389906,Medium
ISIC_0015948.jpg,0.0692408577127659,0.1462234846185165,10.741202027776229,0.06768956244902229,0.054937876259495616,0.04638526570698667,0.9536147342930134,0.37266269811860847,Easy
ISIC_0000053.jpg,0.5533881895105818,0.1922329912558197,10.39677221680971,0.5622515758653168,0.1060366106526052,0.04432133798660653,0.9556786620133935,0.517465069932059,Medium
ISIC_0000078.jpg,0.1122221463166424,0.5371719588227302,14.67935503621304,0.11159543827451804,0.48913014878770844,0.06998387100309245,0.9300161289969076,0.5490565642326305,Medium
ISIC_0000139.jpg,0.2677491243220558,0.1697113182857091,8.83843019351058,0.2704680176137149,0.08102375854227421,0.03498328071829125,0.9650167192817087,0.4377823595689364,Easy
ISIC_0015008.jpg,0.9150768165599108,0.9386629888945104,13.466247724081413,0.931720627691037,0.9350311159200171,0.06271456466088474,0.9372854353391152,0.9349925056594564,Hard
ISIC_0014127.jpg,0.0893544861279976,0.5023369283860422,9.193875050002324,0.0882358629505777,0.4504419276361038,0.037113213926805444,0.9628867860731946,0.5392461119177041,Medium
ISIC_0011225.jpg,0.0236498514811197,0.5607568741328488,20.12999062697002,0.021117830344519355,0.5153238511591793,0.10264572991096584,0.8973542700890341,0.5254829925809634,Medium
ISIC_0013094.jpg,0.0151008976063829,0.1890054480533546,13.28033767479266,0.012384976596895051,0.10245206074327547,0.06160053535213366,0.9383994646478664,0.3725168810732872,Easy
ISIC_0013565.jpg,0.0245513020396612,0.1907543114805844,16.771408305475433,0.022038672356747373,0.10439437037207258,0.0825200876645541,0.9174799123354459,0.36838538555542194,Easy
ISIC_0014940.jpg,0.2508063992881441,0.968998742209084,27.88451041953775,0.25316083102979864,0.9687223835412069,0.14911316057036605,0.850886839429634,0.7485895549743042,Hard
ISIC_0009982.jpg,0.1342811584472656,0.1812219179242593,13.440341541230293,0.134128970397445,0.09380757468428044,0.06255932696886957,0.9374406730311304,0.39915950803396905,Easy
ISIC_0000332.jpg,0.1401383456468202,0.743625022988823,23.656433916029474,0.14011215382966843,0.7184195079114502,0.12377724590319175,0.8762227540968083,0.62907380555588,Hard
ISIC_0014605.jpg,0.3280028425033159,0.6130259446703092,22.53859220077445,0.33201787696930957,0.5733745356280044,0.11707879986381449,0.8829212001361855,0.6213767035411941,Hard
ISIC_0014723.jpg,0.4169522990073545,0.4552516882207984,13.707448712565864,0.4228807598392155,0.39814847011207005,0.0641599140193482,0.9358400859806518,0.59252360809786,Hard
ISIC_0001105.jpg,0.1440336439344618,0.1643499684986864,6.106953218848979,0.14409124539429485,0.07506937631176558,0.01861544359709563,0.9813845564029043,0.40953515661429646,Easy
ISIC_0014501.jpg,0.1244365481668204,0.5174071169253676,13.650056204598204,0.12407258887507619,0.4671790677992353,0.0638160007332009,0.9361839992667991,0.5455541740818428,Medium
ISIC_0013493.jpg,0.1862469112915059,0.944547081618178,6.807891613234249,0.18721257876910835,0.9415660630039171,0.022815678699832247,0.9771843213001677,0.7654440823489026,Hard
ISIC_0012261.jpg,0.0416437661150008,0.1674615043875909,7.531064632574571,0.039498819076869744,0.07852508704553052,0.02714915040792603,0.972850849592074,0.3817825369446556,Easy
ISIC_0005666.jpg,0.0835213136180398,0.1835238647369003,6.881336623452159,0.08227721079728224,0.09636414564891756,0.02325578344014778,0.9767442165598522,0.4009754367548358,Easy
ISIC_0010016.jpg,0.0644327799479166,0.2400620231592355,16.527887830582895,0.06277805625272455,0.15915613259789554,0.08106083924119475,0.9189391607588052,0.4009856733679212,Easy
ISIC_0000177.jpg,0.1224419732617261,0.1903869002200577,23.304901733570176,0.1220351078931816,0.10398631882388516,0.12167075862223452,0.8783292413777655,0.3795185389850674,Easy
ISIC_0014574.jpg,0.0352329720819304,0.919379384305704,18.353550929030195,0.032950119959146415,0.9136145031144745,0.09200076533640367,0.9079992346635963,0.691483063367835,Hard
ISIC_0010480.jpg,0.4569892883300781,0.1555772973392812,5.493153728612396,0.4637790004162014,0.06532633783438505,0.01493737119360779,0.9850626288063922,0.4868472053200416,Medium
ISIC_0013601.jpg,0.0326947664779104,0.4612091560402412,5.810370291323226,0.030357314026854553,0.4047649084964449,0.01683822889029024,0.9831617711097098,0.5136019117936901,Medium
ISIC_0000115.jpg,0.2164281209309896,0.2377034662910843,40.40812867522489,0.21804302815156154,0.15653668979650306,0.22415847329994315,0.7758415267000569,0.3886699673015115,Easy
ISIC_0012358.jpg,0.0715530252659574,0.9443018551364624,20.1527258024446,0.07005146793803106,0.9412937114015814,0.10278196596660229,0.8972180340333977,0.7080566634568295,Hard
ISIC_0000490.jpg,0.2975029781368125,0.2101203493984836,10.792956170451648,0.30086191815402674,0.1259025346654775,0.04669539220101041,0.9533046077989896,0.45923310613434404,Easy
ISIC_0013233.jpg,0.0089222074468085,0.7517368320672195,18.69786660359666,0.006073374229393688,0.7274285846836086,0.09406400911691427,0.9059359908830857,0.6095673742398718,Hard
ISIC_0013499.jpg,0.0696806886733496,0.474472495872298,7.807085009824938,0.06813885478452139,0.4194953398524362,0.02880314808715768,0.9711968519128423,0.5247517478065996,Medium
ISIC_0013501.jpg,0.0662992260869109,0.1944697377480162,10.912530463910032,0.06468465224078129,0.10852076932464803,0.0474119175744126,0.9525880824255875,0.39298529963901013,Easy
ISIC_0013998.jpg,0.0446031779305718,0.1938810580481154,9.217777613220203,0.04252189195140535,0.10786697427605131,0.03725644532328382,0.9627435546767161,0.3907375068351225,Easy
ISIC_0000420.jpg,0.2271351284450954,0.4025982768454182,9.021645244513731,0.22898035827001176,0.33967093189434244,0.0360811607812717,0.9639188392187283,0.5304850560517949,Medium
ISIC_0001184.jpg,0.0486878557091648,0.151487735917659,4.038298396601167,0.04669443682289371,0.060784419693094824,0.0062194375151762155,0.9937805624848238,0.38381057395264967,Easy
ISIC_0012182.jpg,0.0307549867021276,0.3895466016678723,10.699825903561546,0.0283758068936169,0.32517557795499297,0.046137327442035275,0.9538626725579648,0.471016118300689,Medium
ISIC_0000167.jpg,0.2677112395376644,0.3117610533736106,36.89799207512087,0.2704293178749869,0.23878597366638124,0.20312467192559044,0.7968753280744095,0.4420280837613425,Easy
ISIC_0015156.jpg,0.2684799421539859,0.9898726143386184,8.755029767174902,0.2712145563523624,0.9919051673974029,0.03448352011010609,0.9655164798898939,0.8024964740085145,Hard
ISIC_0015383.jpg,0.1658586193924878,0.9689530528645298,19.75388821534921,0.1663857063907052,0.9686716403828337,0.10039201037702726,0.8996079896229727,0.7439278791188503,Hard
ISIC_0013935.jpg,0.0207569071775951,0.8100722201510369,9.364798751546315,0.018162654790541882,0.7922165974069867,0.03813744050201591,0.961862559497984,0.6580791984847245,Hard
ISIC_0010461.jpg,0.119140625,0.7430719168697844,23.10614189430236,0.11866274304456259,0.7178052213273587,0.12047972948102285,0.8795202705189772,0.6246198689737261,Hard
ISIC_0011176.jpg,0.2808837890625,0.6562479078820932,11.723362803506152,0.2838852272376127,0.6213773893755611,0.05227067047265054,0.9477293295273495,0.6512275278941999,Hard
ISIC_0013192.jpg,0.0126339760638297,0.3616579982615576,18.551566483504462,0.009864988145250246,0.2942021456752684,0.09318733449776355,0.9068126655022365,0.4375315382322027,Easy
ISIC_0000163.jpg,0.295245774687243,0.2766118880597807,17.46416668104891,0.29855615912285755,0.199748870385324,0.08667130561766735,0.9133286943823327,0.4742036309686604,Medium
ISIC_0014922.jpg,0.3897449503115822,0.4441505688697958,19.903151978395503,0.3950881432802554,0.3858194279066233,0.10128644404214762,0.8987135559578524,0.5676495515679615,Medium
ISIC_0010047.jpg,0.2967185974121094,0.2412394668801356,8.136375526256531,0.3000606643103805,0.16046381634315715,0.030776356570518384,0.9692236434294816,0.4784289678151765,Medium
ISIC_0013457.jpg,0.3189206159336743,0.1160992001056889,7.22412012215385,0.32274027909036335,0.021481468538413664,0.02530984595893505,0.974690154041065,0.43041921110232906,Easy
ISIC_0011132.jpg,0.189062754313151,0.1264097471728372,9.497404320488736,0.1900889944855345,0.03293249126258925,0.038932053223978136,0.9610679467760219,0.397069026498027,Easy
ISIC_0010607.jpg,0.0478223164876302,0.5850175260352437,16.145487207932575,0.04581027865041474,0.5422680350544065,0.07876937891967416,0.9212306210803258,0.5507905010624803,Medium
ISIC_0010044.jpg,0.1645762125651041,0.1083662964122869,11.066939071684994,0.16507571321111966,0.012893208833053655,0.04833718070700198,0.951662819292998,0.37950819858855067,Easy
ISIC_0000234.jpg,0.42727644576757,0.1358316786188645,13.172971268628562,0.4334269933371413,0.04339660634702031,0.06095716333593725,0.9390428366640627,0.45438038370551537,Easy
ISIC_0014458.jpg,0.0268791335632232,0.4158550484095972,11.570126672553805,0.024416578769887575,0.3543940684497536,0.0513524331762073,0.9486475668237927,0.47988842046070074,Medium
ISIC_0014780.jpg,0.2188615362778646,0.9701850632788444,21.695221757943816,0.22052878964271685,0.9700399265813117,0.11202506879848395,0.887974931201516,0.7539393939637344,Hard
ISIC_0013789.jpg,0.0135038231382978,0.4226115587568362,15.056419987219918,0.01075354683856319,0.361897933474421,0.07224335836448849,0.9277566416355115,0.47216238467183824,Medium
ISIC_0000388.jpg,0.1019914415147569,0.1176235928793998,5.701050957334856,0.10114465680124282,0.02317447824766089,0.016183154339225833,0.9838168456607742,0.378891851480646,Easy
ISIC_0000149.jpg,0.5180390675862631,0.1325680735451689,11.141465601325969,0.5261420452262222,0.039772005671785786,0.04878376623918372,0.9512162337608163,0.48036999539155556,Medium
ISIC_0012413.jpg,0.0413319481382978,0.3819178334370877,12.16372751783043,0.039180293462352814,0.31670297239883166,0.05490946918296169,0.9450905308170383,0.4672579481110843,Medium
ISIC_0013795.jpg,0.0104145611702127,0.1875937494456744,7.460442160756544,0.007597830554362772,0.10088421058644532,0.02672595917236494,0.973274040827635,0.38289905616284103,Easy
ISIC_0013898.jpg,0.0480534913214824,0.4278359973456651,13.028250228339028,0.046046426376059685,0.36770026041324616,0.060089951041108175,0.9399100489588919,0.48756022789492554,Medium
ISIC_0000026.jpg,0.5335939119537154,0.2358828996828087,5.0456937211323005,0.5420314959026888,0.1545147457166721,0.012256055338257948,0.9877439446617421,0.5430241528939508,Medium
ISIC_0014327.jpg,0.1243454918612694,0.3164730012553561,7.587471582784118,0.12397957382190977,0.24401912200638703,0.027487157933560626,0.9725128420664394,0.46898203698128604,Medium
ISIC_0014933.jpg,0.0643239315481661,0.394644196440587,20.755759137459325,0.06266686637269804,0.33083703056277775,0.10639552430801764,0.8936044756919823,0.4607630953104794,Easy
ISIC_0000024.jpg,0.3328231300529559,0.1597159637167599,7.241396543153034,0.33694185559982903,0.06992279255474527,0.025413371504848497,0.9745866284951515,0.4533099008951584,Easy
ISIC_0010032.jpg,0.1317532857259114,0.7125066348783703,18.229960597670757,0.13154671962247813,0.6838590362825606,0.09126017464784533,0.9087398253521547,0.624489233291898,Hard
ISIC_0010853.jpg,0.0547370910644531,0.5744815617640403,32.70246386401813,0.0528737996334478,0.5305666611597988,0.1779837964821068,0.8220162035178932,0.5131507856035441,Medium
ISIC_0000359.jpg,0.6798402868318123,0.2062781340182391,31.147693944458588,0.6914238334499513,0.12163532213603356,0.16866714434102928,0.8313328556589707,0.5124765866975409,Medium
ISIC_0013525.jpg,0.0798282912234042,0.6007760710658641,11.111328428732836,0.07850474636109449,0.5597696725592228,0.04860317517549414,0.9513968248245058,0.5765229443025398,Hard
ISIC_0000372.jpg,0.2822640518615095,0.173630438684937,22.49164125174489,0.28529518140670196,0.08537638274912447,0.1167974555605199,0.8832025444394801,0.4145952390051433,Easy
ISIC_0014753.jpg,0.5085518377288724,0.9454120371774078,13.058737356938032,0.5164507318762319,0.9425266934825559,0.060272639147151336,0.9397273608528487,0.8350279366605774,Hard
ISIC_0014843.jpg,0.2745166389561304,0.2359338300776061,7.696448411701136,0.2773811108880777,0.15457130965109556,0.02814018009052724,0.9718598199094728,0.47132473855077306,Medium
ISIC_0002836.jpg,0.0969004499098608,0.1861798534254525,7.595652553674333,0.09594415089521352,0.0993139199557213,0.02753618078832618,0.9724638192116738,0.40407394243017775,Easy
ISIC_0014080.jpg,0.0503467673046285,0.4361796031709081,10.879766617719476,0.04838903391110979,0.37696677355597186,0.0472155866871726,0.9527844133128274,0.4963585125596558,Medium
ISIC_0012108.jpg,0.0597056183510638,0.4507947089622386,18.134605763892125,0.057949206843594635,0.39319849311874805,0.09068877961047707,0.909311220389523,0.4900256260947309,Medium
ISIC_0013212.jpg,0.0184212101063829,0.1905965531050069,8.944505590780754,0.015776713630895778,0.10421916194405204,0.03561891661827881,0.9643810833817212,0.3831652223689472,Easy
ISIC_0015617.jpg,0.6089583420134421,0.2102970431702134,15.818548868189785,0.619017119538998,0.12609877298165229,0.07681026539126995,0.9231897346087301,0.5283101961904659,Medium
ISIC_0012496.jpg,0.0519269053695706,0.4034548880123831,9.878260644965891,0.0500031629407413,0.3406222949864088,0.04121425964323291,0.9587857403567671,0.4843247178546173,Medium
ISIC_0016054.jpg,0.1020940985032701,0.1321124424480197,6.399951421097086,0.10124952208417604,0.03926597606799101,0.020371177544585443,0.9796288224554146,0.3838888588076355,Easy
ISIC_0013129.jpg,0.0594376662234042,0.1218293275586762,9.0727482934015,0.05767549069346649,0.027845419864104864,0.03638738572416916,0.9636126142758308,0.36282145561554935,Easy
ISIC_0000365.jpg,0.1438074931189338,0.1451196923013027,27.27679582615373,0.14386022976058693,0.053711990685736094,0.14547155071132062,0.8545284492886793,0.3565348109654789,Easy
ISIC_0014286.jpg,0.009226165520711,0.3934125363454136,11.87939698845942,0.006383870863682974,0.32946913343312606,0.053205674555915794,0.9467943254440843,0.46476163499460066,Easy
ISIC_0013516.jpg,0.0648623870639778,0.1347296986747423,9.193163094624182,0.0632169048146039,0.04217273361751837,0.0371089476746001,0.9628910523254,0.3696851879645483,Easy
ISIC_0001188.jpg,0.0377541388038738,0.1699763681221661,6.582792061223764,0.035525520479340114,0.08131812621069587,0.021466814024222756,0.9785331859757772,0.3838952456956354,Easy
ISIC_0014958.jpg,0.3548811888970321,0.3331583692156646,23.8193654064986,0.3594744139296912,0.2625501006664329,0.12475358072960657,0.8752464192703935,0.5012248904936337,Medium
ISIC_0015582.jpg,0.1291211639386685,0.9475875851885296,14.064266817306253,0.12885797723940665,0.9449428843549361,0.06629807614718673,0.9337019238528133,0.7369873214003109,Hard
ISIC_0000380.jpg,0.4079786893676724,0.3257963001094202,11.866731145601152,0.413714115391268,0.2543736944986977,0.05312977699030205,0.9468702230096979,0.5365825847006903,Medium
ISIC_0014490.jpg,0.0259630842015344,0.8298875791468452,7.377557097009247,0.023480823913977888,0.8142237833177782,0.026229286772860735,0.9737707132271393,0.6723794689351046,Hard
ISIC_0015949.jpg,0.0150593417553191,0.6029586819549244,17.284594470682514,0.01234252682175114,0.5621937075523122,0.08559525455883155,0.9144047454411685,0.5480047756307717,Medium
ISIC_0016057.jpg,0.0442888207749874,0.8899921183335733,13.705312745794268,0.0422007725367422,0.8809766374166911,0.06414711465968378,0.9358528853403162,0.6904893579699727,Hard
ISIC_0009944.jpg,0.1303761800130208,0.2016236409327854,85.61772027817896,0.1301399904528156,0.1164659838124765,0.49506803561269186,0.5049319643873081,0.2558475786737523,Easy
ISIC_0013487.jpg,0.0355809529622395,0.726110411043063,14.173900402449055,0.03330558639155859,0.6989675604939319,0.0669550337863235,0.9330449662136765,0.6144791589702492,Hard
ISIC_0013291.jpg,0.0544388147482391,0.940286453148592,6.681018856010284,0.05256910697934722,0.9368341556563478,0.022055418721577763,0.9779445812784222,0.7301565424548238,Hard
ISIC_0010590.jpg,0.0715929667154948,0.4614062886192283,12.54757374164824,0.07009226858362923,0.4049838464079791,0.05720959198440476,0.9427904080155952,0.5094932485145572,Medium
ISIC_0000127.jpg,0.4293721516927083,0.224752419063559,8.411975321062192,0.43556778080779845,0.1421530945189267,0.03242783399238933,0.9675721660076106,0.504403441112184,Medium
ISIC_0000442.jpg,0.1980113276728877,0.259384291753407,7.485025226827946,0.199230064088378,0.18061568613210757,0.02687326834799735,0.9731267316520027,0.46264814655313846,Easy
ISIC_0014983.jpg,0.3585008552931472,0.4722365811283727,13.295416710428476,0.3631719443779341,0.417012104930442,0.06169089349958329,0.9383091065004168,0.5860060153418062,Hard
ISIC_0013330.jpg,0.016237582933297,0.4471848805853342,11.732445400104607,0.013546113604119453,0.38918937250612673,0.052325096141671405,0.9476749038583286,0.4907484937538956,Medium
ISIC_0013918.jpg,0.0665300864361702,0.3879158714813716,12.68709478062902,0.0649204787168329,0.3233644685831036,0.05804564429683559,0.9419543557031644,0.4752599316085572,Medium
ISIC_0015218.jpg,0.2849040091486396,0.975887114268238,15.65274407646456,0.28799192784214717,0.976372695834846,0.07581671287369529,0.9241832871263047,0.7860112107886819,Hard
ISIC_0013334.jpg,0.25810270103136,0.1501656234828122,5.616841971764639,0.2606140863585394,0.05931606506198281,0.01567854859927623,0.9843214514007238,0.43339245560468126,Easy
ISIC_0000306.jpg,0.138940949587136,0.8327643358826637,46.35641028321407,0.13888900011748095,0.8174187453832483,0.25980237782988425,0.7401976221701158,0.62075891594221,Hard
ISIC_0013579.jpg,0.0955987214122505,0.6131094898956875,5.759639487808845,0.09461442040943575,0.573467322001809,0.016534234554385713,0.9834657654456143,0.5972535518090476,Hard
ISIC_0013987.jpg,0.1132283909574468,0.1353216047867632,8.528270458402044,0.1126233286352841,0.042830111959830164,0.03312470966940345,0.9668752903305966,0.3836942285584619,Easy
ISIC_0009973.jpg,0.2700309753417969,0.6889653677151963,16.52329704088751,0.2727989544185272,0.6577138100898294,0.0810333298392526,0.9189666701607474,0.6529235971968251,Hard
ISIC_0012313.jpg,0.027477892287234,0.3783059641895024,10.211494330971847,0.025028217625765885,0.31269158516966794,0.04321109679267176,0.9567889032073282,0.4662098045968735,Medium
ISIC_0012259.jpg,0.0385255789608837,0.4839888156603468,7.403792413160987,0.036313555385706846,0.43006428381183837,0.026386496731274522,0.9736135032687254,0.521868828515216,Medium
ISIC_0011324.jpg,0.1510429382324218,0.6643641167627827,15.318745488423009,0.15125131934896058,0.6303913526232587,0.07381529219964744,0.9261847078003526,0.614134018616667,Hard
ISIC_0013114.jpg,0.1316499335106383,0.1596906283503458,11.928715498674112,0.1314411441574917,0.06989465477945134,0.053501206002727314,0.9464987939972727,0.3920927258501989,Easy
ISIC_0010365.jpg,0.1579004923502604,0.6642508031156076,19.92676970734384,0.15825638898145372,0.6302655050673229,0.10142796862543532,0.8985720313745647,0.6061705102533902,Hard
ISIC_0013796.jpg,0.018328125,0.349273896321117,12.009164599632998,0.015681626134573436,0.2804482069351668,0.05398328137559579,0.9460167186244042,0.4472055408262515,Easy
ISIC_0013244.jpg,0.096837267287234,0.5042614230546608,18.29866425264102,0.09587960912660932,0.45257929552156967,0.09167186775183843,0.9083281322481616,0.5229164667771367,Medium
ISIC_0013879.jpg,0.038285164110976,0.3628943360237608,7.824456075790941,0.03606796887842609,0.2955752378805166,0.028907240774370725,0.9710927592256293,0.4671295531007834,Medium
ISIC_0013863.jpg,0.0088905182217424,0.1931944580323136,5.133202402578136,0.006041003325078064,0.10710442769805095,0.012780433855039505,0.9872195661449605,0.389878870061226,Easy
ISIC_0014572.jpg,0.0546235317187021,0.421706950579424,15.209940041631102,0.05275779746842853,0.3608932643013344,0.07316329701626886,0.9268367029837311,0.4819396011319468,Medium
ISIC_0014181.jpg,0.4598812632326429,0.2032007854532925,5.7251055321734565,0.4667331857160579,0.1182175802724916,0.01632729663536457,0.9836727033646354,0.5082557747156334,Medium
ISIC_0010862.jpg,0.1565450032552083,0.1471605469544542,15.795681935329975,0.15687174143310625,0.0559785894275661,0.07667323980548517,0.9233267601945149,0.38477373719738317,Easy
ISIC_0000069.jpg,0.1310210569555821,0.627603632149875,24.15373066414161,0.1307987395941866,0.5895646979450275,0.1267571985989336,0.8732428014010664,0.5741605445669309,Hard
ISIC_0013314.jpg,0.0415898037900385,0.3812016525179653,7.307438129200264,0.0394436959473404,0.31590757289906873,0.025809112685782454,0.9741908873142175,0.47719076370643876,Medium
ISIC_0011128.jpg,0.3961092631022135,0.2305871595106431,11.468307559839191,0.4015893612794494,0.14863323034625925,0.05074230222207619,0.9492576977779238,0.49209082668063936,Medium
ISIC_0016026.jpg,0.0208231382978723,0.8677979360661291,15.152177529773988,0.018230310634215492,0.8563275005829373,0.07281716655477907,0.9271828334452209,0.671602569597556,Hard
ISIC_0012889.jpg,0.0826486037234042,0.4321309811262691,11.736121747011785,0.08138572770056335,0.3724703231995717,0.05234712592553409,0.9476528740744659,0.5010130671310326,Medium
ISIC_0000255.jpg,0.199804941813151,0.5546529035356842,11.64417351314864,0.20106226136024274,0.5085447049547517,0.051796144266375126,0.9482038557336249,0.58555479682873,Hard
ISIC_0009962.jpg,0.6786053975423177,0.3159625319787003,9.589069186956678,0.6901623799764998,0.24345218843352126,0.03948133685990163,0.9605186631400984,0.6061030024665679,Hard
ISIC_0014740.jpg,0.5516587716473376,0.9665592837688692,21.47963986653452,0.5604849558215625,0.9660130904404959,0.11073323682713672,0.8892667631728632,0.8377698422420912,Hard
ISIC_0014720.jpg,0.4951473970625817,0.1867097014565397,12.172833971601744,0.5027579430715867,0.09990237581599964,0.05496403781138625,0.9450359621886137,0.4964130228603113,Medium
ISIC_0011158.jpg,0.6506334940592448,0.148025732938718,15.695292994280646,0.6615887619947488,0.05693947581913399,0.07607167887302725,0.9239283211269728,0.5115478932207812,Medium
ISIC_0010589.jpg,0.5571695963541666,0.2281474302207823,11.042212481369678,0.5661143260227223,0.14592363643653863,0.04818901149064101,0.951810988509359,0.5330318820585717,Medium
ISIC_0000342.jpg,0.1694394647254817,0.2582129507611771,28.37440961533568,0.17004358068083422,0.17931478015375074,0.15204878489266832,0.8479512151073316,0.4110197325192749,Easy
ISIC_0014898.jpg,0.4277007158679129,0.4839943352490414,15.64060279114404,0.43386039007668076,0.43007041393618173,0.07574395861568335,0.9242560413843166,0.6039828775781537,Hard
ISIC_0000230.jpg,0.6324762333664411,0.7843838219263886,25.631003276258788,0.6430409134028503,0.7636867405621086,0.13560946340769436,0.8643905365923057,0.768771612382863,Hard
ISIC_0012670.jpg,0.0282257313829787,0.8204722461843816,8.621981426400303,0.025792143779256232,0.8037669965918466,0.03368625416525449,0.9663137458347455,0.6661646456237136,Hard
ISIC_0013678.jpg,0.0399428191489361,0.9081561045806316,15.762001228403664,0.03776128237884122,0.9011497880673873,0.07647141481109183,0.9235285851889081,0.6931352406377831,Hard
ISIC_0012213.jpg,0.0151173537234042,0.3692220797560029,12.133007129947362,0.012401786707852072,0.3026029093317759,0.05472538331665769,0.9452746166833423,0.4549877262488432,Easy
ISIC_0016025.jpg,0.2258118351063829,0.2525494181958604,8.308254107712422,0.22762859905344474,0.1730247899444837,0.031806305075297824,0.9681936949247022,0.4649848589648004,Easy
ISIC_0012777.jpg,0.010197972074468,0.3778790695555408,10.146136422494482,0.007376582326312542,0.31221747064184635,0.042819452414753455,0.9571805475852465,0.461744325493153,Easy
ISIC_0013721.jpg,0.1280088098404255,0.1687767267904988,11.62522112258111,0.1277216948593797,0.07998578952086569,0.051682575803325914,0.9483174241966741,0.39583583799202715,Easy
ISIC_0013568.jpg,0.01765625,0.4734619286463919,13.452644806326472,0.014995298170046226,0.418372991232834,0.06263305185874461,0.9373669481412554,0.4991764528850845,Medium
ISIC_0015976.jpg,0.0351386303191489,0.8888012980214853,11.952015614935124,0.032853748774000754,0.8796540974616991,0.0536408273546197,0.9463591726453803,0.6913007866040629,Hard
ISIC_0011372.jpg,0.0418561299641927,0.7006681938575161,33.46988998805572,0.039715751167444684,0.670711115394779,0.18258244619335098,0.817417553806649,0.5643095277821,Medium
ISIC_0015455.jpg,0.3393773319419702,0.2120535195409252,16.870472056815533,0.34363704747568025,0.12804953764084134,0.08311370765900793,0.9168862923409921,0.4580392792446038,Easy
ISIC_0014835.jpg,0.4299877321593141,0.1914897300169862,7.353757885107592,0.4361966032653214,0.10521113541055915,0.02608667468876387,0.9739133253112361,0.49200326883948664,Medium
ISIC_0014454.jpg,0.4329772365786936,0.1656045710449329,8.552328556822168,0.439250416077374,0.0764627536149595,0.03326887307990961,0.9667311269200904,0.4787535998873589,Medium
ISIC_0011107.jpg,0.5996564229329427,0.1846891754496198,8.193532750810103,0.6095151032581185,0.097658354323314,0.03111885996720485,0.9688811400327951,0.5305505165553335,Medium
ISIC_0000327.jpg,0.1622573518759959,0.1803087659629856,25.5583296253898,0.1627069706075434,0.09279341667781661,0.13517398088616456,0.8648260191138355,0.3804832160128549,Easy
ISIC_0015974.jpg,0.1956596441729838,0.8133327540207952,38.62537437824704,0.19682779260975286,0.7958377871646581,0.21347566973588963,0.7865243302641104,0.6428255786107402,Hard
ISIC_0013969.jpg,0.0587463839510313,0.4568154702996516,7.102338108254369,0.056969337979179704,0.3998852260770044,0.024580091256153846,0.9754199087438462,0.5155933929859429,Medium
ISIC_0000209.jpg,0.5958004109126964,0.200289549365999,26.978476204646267,0.6055761430630702,0.11498432500738001,0.14368392920830728,0.8563160707916927,0.49709839054581195,Medium
ISIC_0013599.jpg,0.0121950247423732,0.4291730264420714,5.698595667549248,0.009416594371137848,0.36918518167553444,0.016168441499370703,0.9838315585006293,0.4943692667382185,Medium
ISIC_0015368.jpg,0.6131510944871358,0.9499952960291832,9.871331841260057,0.6233000639424013,0.9476169181738995,0.041172740153391375,0.9588272598466087,0.8704613242014732,Hard
ISIC_0011104.jpg,0.4312362670898437,0.2113690469756629,13.807326449615898,0.4374719959165013,0.12728935383605888,0.06475841166265017,0.9352415883373498,0.4876182964316213,Medium
ISIC_0015496.jpg,0.3001671395199859,0.4073334421652811,10.975840892538224,0.3035833893492422,0.3449298658119464,0.047791292833099415,0.9522087071669005,0.5471408411705043,Medium
ISIC_0000287.jpg,0.3089154561360677,0.6798349042136791,12.84839662425054,0.3125198944077054,0.6475734029555408,0.0590122137858838,0.9409877862141162,0.6665050599590834,Hard
ISIC_0000496.jpg,0.2477146216311285,0.52349164339212,15.28106898162487,0.2500025449407044,0.4739366191088672,0.07358952316249714,0.9264104768375029,0.576318950771849,Hard
ISIC_0000134.jpg,0.0898675918579101,0.2340726295840886,15.154404937220791,0.08876000629747718,0.152504237069329,0.0728305138546575,0.9271694861453426,0.40770101655297075,Easy
ISIC_0009961.jpg,0.3815409342447917,0.230897220983822,9.63776038034996,0.3867076474319669,0.14897758850224652,0.039773109234368234,0.9602268907656317,0.4923473590268614,Medium
ISIC_0013031.jpg,0.0556836768617021,0.2116933236831726,8.56363400478306,0.05384074780606364,0.127649499609356,0.033336618747371795,0.9666633812526282,0.4028521702336782,Easy
ISIC_0010038.jpg,0.5370292663574219,0.1728858112891678,8.026700531151441,0.5455407495515453,0.08454939023607298,0.030119150790348687,0.9698808492096513,0.5096632407056935,Medium
ISIC_0015993.jpg,0.0307069481382978,0.8431177490787861,14.476029122607244,0.028326734953550495,0.8289173757672098,0.06876548056184398,0.931234519438156,0.6645807158486261,Hard
ISIC_0011210.jpg,0.0428810119628906,0.2444237666140867,39.683631431315696,0.04076267980156101,0.16400033951468135,0.21981706643725857,0.7801829335627415,0.3488548325032223,Easy
ISIC_0000199.jpg,0.3041248239780448,0.6044734645685499,25.614218859443863,0.30762620909746996,0.5638760440973903,0.13550888609983147,0.8644911139001685,0.6050288597783826,Hard
ISIC_0012768.jpg,0.1908620345744681,0.223958838632581,13.905393598032198,0.19192697976458753,0.14127173415177952,0.06534605971061404,0.934653940289386,0.43161931770314377,Easy
ISIC_0000357.jpg,0.0893678473127625,0.211809526880311,35.5205011125763,0.08824951155298642,0.12777855633567592,0.19487032897487172,0.8051296710251283,0.3549691852813119,Easy
ISIC_0015007.jpg,0.2293386965560629,0.9585086753656082,11.376761662584569,0.23123132819194275,0.9570719839047515,0.05019373148570269,0.9498062685142973,0.7730688195898903,Hard
ISIC_0013494.jpg,0.0645680917742747,0.4576404240404088,7.235639189584695,0.06291627882442435,0.4008014300349789,0.025378871698945003,0.974621128301055,0.5171670366254669,Medium
ISIC_0013523.jpg,0.0323580452127659,0.4142543931407709,15.595824788773214,0.03001334941956949,0.35261636065815616,0.07547563526673438,0.9245243647332656,0.47213340927479774,Medium
ISIC_0000382.jpg,0.2713250448773353,0.3755780326791608,8.756312654837537,0.2741208611873201,0.30966191026381873,0.03449120756143794,0.965508792438562,0.5303230567558541,Medium
ISIC_0015945.jpg,0.0238736702127659,0.8662921149985299,37.28679549203595,0.02134646372798175,0.8546551168431296,0.20545449972910645,0.7945455002708935,0.62528958776406,Hard
ISIC_0000554.jpg,0.340084326937359,0.767723408227965,17.39261663273214,0.34435925091548103,0.7451834764178928,0.08624255606285638,0.9137574439371436,0.7039783086740277,Hard
ISIC_0014964.jpg,0.4086362233807971,0.9701381846710344,18.91530074227071,0.4143857938743717,0.9699878626122698,0.09536694031473088,0.9046330596852691,0.808213164403345,Hard
ISIC_0012148.jpg,0.0487096077127659,0.5599294293664038,16.249043627420996,0.04671665674230718,0.514404880636873,0.079389920342049,0.920610079657951,0.5396546443206088,Medium
ISIC_0011114.jpg,0.1619923909505208,0.1258363654241568,17.52949403733526,0.16243631000451372,0.032295686310242246,0.08706276691760594,0.912937233082394,0.37305538360406326,Easy
ISIC_0010089.jpg,0.0685831705729166,0.3787998953557254,11.40484370461516,0.06701772754522546,0.31324015130992827,0.05036200758476966,0.9496379924152304,0.4744237897556083,Medium
ISIC_0000138.jpg,0.1796410878499349,0.1317873177643607,21.51972976830452,0.1804646548893993,0.03890488852176061,0.11097346765773246,0.8890265323422676,0.3718374054508477,Easy
ISIC_0014541.jpg,0.2467144395648163,0.1685445056564343,9.40050113599582,0.24898084756882916,0.07972788182053822,0.03835138000029053,0.9616486199997095,0.4307133816203209,Easy
ISIC_0013988.jpg,0.3672641289893617,0.1991269804023785,16.288913000462408,0.37212372826410006,0.11369316135387646,0.07962882969772712,0.9203711703022729,0.4606381062133711,Easy
ISIC_0008528.jpg,0.0858842746415395,0.4946569468695596,7.131646052113231,0.08469100239470091,0.44191244396334134,0.024755713330177894,0.9752442866698221,0.5392732285184495,Medium
ISIC_0012136.jpg,0.4435339095744681,0.2174747726921408,40.78220242725317,0.45003417777317933,0.13407044929798081,0.22640003649132678,0.7735999635086732,0.4368967113905228,Easy
ISIC_0006940.jpg,0.0621220180697635,0.18002122245723,9.502293858308562,0.06041758667677682,0.09247406725851301,0.03896135281514264,0.9610386471848573,0.38845755008729943,Easy
ISIC_0013874.jpg,0.3171247923392168,0.4216874444749632,7.475374566338811,0.3209058248358756,0.360871600577384,0.02681543866813425,0.9731845613318657,0.5651896929060755,Medium
ISIC_0013196.jpg,0.0029767287234042,0.1362105846764633,12.29412883030543,0.0,0.0438174241608215,0.05569087333272406,0.944309126667276,0.34803516399787515,Easy
ISIC_0000133.jpg,0.1420106887817382,0.1451661212318274,19.64748351188108,0.1420247736662225,0.05376355523755231,0.09975440117458789,0.9002455988254121,0.3720975751004708,Easy
ISIC_0016041.jpg,0.0463374335106383,0.1348052742459974,15.68007809151691,0.044293453777990634,0.04225666879362479,0.07598050656860666,0.9240194934313933,0.3513828536629352,Easy
ISIC_0002673.jpg,0.0556147709855547,0.2553356737170208,5.83089009857212,0.05377035966880566,0.17611924022732323,0.016961189788706692,0.9830388102112934,0.42795386958208337,Easy
ISIC_0009930.jpg,0.0244013468424479,0.5567498465835753,19.54635196870064,0.021885491414944686,0.5108735961703508,0.09914839034530105,0.9008516096546989,0.5251188747010211,Medium
ISIC_0012473.jpg,0.1574289826324836,0.3123029145758735,7.93711738990701,0.15777473643469048,0.23938777150504606,0.029582341482309194,0.9704176585176908,0.4748449731918828,Medium
ISIC_0016042.jpg,0.0257863760114455,0.9459094783258066,14.812882189549526,0.023300314485261236,0.9430791578529872,0.07078400613779892,0.9292159938622011,0.7082823396142806,Hard
ISIC_0012324.jpg,0.0550181183510638,0.4219035022052287,22.52747319945493,0.053160872207358316,0.36111155699898717,0.1170121714410833,0.8829878285589167,0.46678058084705526,Medium
ISIC_0014587.jpg,0.0410552813488419,0.9307017467632568,44.986507587369545,0.03889767518594791,0.9261892606853789,0.2515935060709532,0.7484064939290468,0.6421423959458049,Hard
ISIC_0000330.jpg,0.1762050919889903,0.1874044069114877,34.177510600913244,0.17695474598466848,0.10067392439624566,0.18682272317254373,0.8131772768274563,0.3691203031442751,Easy
ISIC_0013526.jpg,0.0120679853723404,0.5187263805887399,9.004984075180348,0.009286822207789857,0.46864425854906366,0.03598132200963744,0.9640186779903626,0.5271859462681998,Medium
ISIC_0008785.jpg,0.0955568087574535,0.1544941608671092,15.052923750510796,0.09457160615521472,0.06412339290086706,0.07222240785546977,0.9277775921445303,0.37401441594973606,Easy
ISIC_0004985.jpg,0.0557727241164262,0.2175738375159048,4.729054298953295,0.05393171059092917,0.1341804719321534,0.010358656042399874,0.9896413439576002,0.4135295868057537,Easy
ISIC_0015991.jpg,0.0341815159574468,0.9544269669715542,10.517912068120426,0.03187604555288558,0.9525387874342466,0.045047244656709534,0.9549527553432905,0.7232179907320717,Hard
ISIC_0012711.jpg,0.0131225066489361,0.3539852571382816,8.32041274155113,0.010364027701842408,0.2856807032738954,0.03187916329088388,0.9681208367091161,0.45570558108320935,Easy
ISIC_0014794.jpg,0.3739158609136399,0.9135299092245452,10.839803912322342,0.3789185481817491,0.9071180028179705,0.046976118055758034,0.9530238819442419,0.7911351968531102,Hard
ISIC_0014062.jpg,0.069487588829029,0.5162891491456252,6.2705350568476685,0.06794160109432146,0.46593743877922766,0.019595675502832297,0.9804043244971677,0.5465018893592801,Medium
ISIC_0011322.jpg,0.406097412109375,0.304251219826304,14.103163763344588,0.4117923692459306,0.2304454584594836,0.06653115842581231,0.9334688415741876,0.5218403702462417,Medium
ISIC_0013778.jpg,0.1297966693044608,0.629703328493809,11.991742068480065,0.12954801366393717,0.5918966470057,0.053878880293399045,0.946121119706601,0.6002880541155746,Hard
ISIC_0012303.jpg,0.0287757646276595,0.3615764873674605,12.465367137789372,0.026354009003061354,0.29411161865526697,0.056716985121989125,0.9432830148780109,0.45438220492017595,Easy
ISIC_0013302.jpg,0.0085119630953379,0.8047691613894354,8.283986395866515,0.0056543049520673995,0.7863269539194727,0.03166088559767359,0.9683391144023265,0.6548630478466202,Hard
ISIC_0000037.jpg,0.4297815803855794,0.6981639006840217,5.334698530513658,0.43598601688057576,0.6679298160271584,0.013987859666494063,0.9860121403335059,0.7212726797477343,Hard
ISIC_0013777.jpg,0.0985393815246101,0.4703415369445874,4.370513853188977,0.09761833820557657,0.4149074451223331,0.008210173125622491,0.9917898268743776,0.5374940020063594,Medium
ISIC_0015638.jpg,0.2160914543617361,0.9844164590916424,19.3885830065114,0.21769911941675207,0.9858454930355233,0.0982029909515487,0.9017970090484513,0.7643919302353552,Hard
ISIC_0000460.jpg,0.1765879099856452,0.7115865257302979,10.88236771897902,0.17734579892819002,0.6828371515372914,0.04723117327353116,0.9527688267264689,0.6509403997012282,Hard
ISIC_0014628.jpg,0.0623126785532088,0.6347649153808943,20.679848563782897,0.06061234853206059,0.5975181088046649,0.10594064516488806,0.8940593548351119,0.5670811048471702,Medium
ISIC_0012544.jpg,0.0052521964877159,0.3395576275016864,10.710844116828348,0.0023244162366918278,0.2696571970769216,0.04620335191223603,0.953796648087764,0.44227280972065897,Easy
ISIC_0012382.jpg,0.3989554521276596,0.408377334273045,12.942374219224812,0.4044967757843708,0.3460892254627722,0.059575355991309545,0.9404246440086904,0.5687085095342432,Medium
ISIC_0013839.jpg,0.0100298684334646,0.3612938295637951,10.377337421231822,0.007204862542484485,0.29379769535790373,0.044204878806663406,0.9557951211933366,0.4538485861964504,Easy
ISIC_0011130.jpg,0.1191050211588541,0.7702607815870489,15.839360282604591,0.11862637331533764,0.7480015150539964,0.07693497368812297,0.923065026311877,0.6519299585595899,Hard
ISIC_0013429.jpg,0.0555122474006372,0.4571954176589896,8.23466344696359,0.053665630659164784,0.4003072003735606,0.03136532755289815,0.9686346724471019,0.5125614231707011,Medium
ISIC_0012950.jpg,0.0690665134616365,0.3805743264621837,6.312302565226107,0.06751146781087582,0.315210856723541,0.01984595906020372,0.9801540409397963,0.48601612397106403,Medium
ISIC_0014907.jpg,0.1476711392796247,0.1609247864128421,17.72141921199708,0.1478069883170451,0.07126532618290174,0.08821284067896754,0.9117871593210325,0.38458338331478337,Easy
ISIC_0014901.jpg,0.188412754798112,0.9541480964121198,11.216677498266543,0.18942501257803626,0.9522290702977659,0.04923445869975333,0.9507655413002467,0.7610158207187018,Hard
ISIC_0010333.jpg,0.3499615987141927,0.164657133995313,8.82151828936981,0.35444899652839457,0.07541051815991842,0.034881939467768824,0.9651180605322311,0.4565677775823469,Easy
ISIC_0000509.jpg,0.299607347246682,0.7151379364823138,18.190106847780616,0.30301155516655237,0.6867813928039639,0.0910213589108203,0.9089786410891797,0.6686079702944365,Hard
ISIC_0015627.jpg,0.110348539170275,0.4791414604635203,13.610504475781374,0.1096815272358725,0.42468075041157205,0.06357899479789889,0.9364210052021011,0.5250400337943324,Medium
ISIC_0010463.jpg,0.3223368326822917,0.2964153279091375,15.748559027594473,0.3262299834065863,0.2217428187427654,0.07639086507355561,0.9236091349264444,0.49351782057300825,Medium
ISIC_0010558.jpg,0.441663106282552,0.74296050629859,13.690064109268569,0.44812313090378914,0.7176814873514453,0.06405574021234697,0.935944259787653,0.7266838685922039,Hard
ISIC_0000542.jpg,0.4249007521233644,0.7076999677956199,14.290236114065536,0.4310001952226589,0.6785206916114525,0.06765215259668904,0.932347847403311,0.7054800720414045,Hard
ISIC_0014558.jpg,0.1714741721082089,0.5593710880333239,11.524454413539363,0.17212205744570216,0.5137847797584904,0.0510787511706696,0.9489212488293304,0.5806668633550873,Hard
ISIC_0014966.jpg,0.3690179315850637,0.989670125831118,18.15119565426757,0.37391525758977917,0.9916802811245726,0.09078819125701215,0.9092118087429879,0.8083750599073196,Hard
ISIC_0000556.jpg,0.5105678733948175,0.7208353600220819,17.950562449500133,0.5185101352697535,0.6931090227539799,0.0895859363424732,0.9104140636575269,0.7255160651991648,Hard
ISIC_0015216.jpg,0.8741509088386671,0.2019452015002468,14.01911958024839,0.8899143468460146,0.11682311300661323,0.06602754023218908,0.933972459767811,0.5960981928328828,Hard
ISIC_0010059.jpg,0.0815277099609375,0.2057343795566667,13.886512835644412,0.0802407219562731,0.1210314216198644,0.0652329204653068,0.9347670795346932,0.3956412269741566,Easy
ISIC_0000189.jpg,0.4078216041788874,0.1678902218998077,28.339485790810475,0.4135536510818709,0.07900122608477596,0.1518395107612074,0.8481604892387926,0.4318450744379555,Easy
ISIC_0014696.jpg,0.4941873464583993,0.4391286099651158,9.111660332604012,0.5017772404453369,0.38024197744130367,0.03662055844560468,0.9633794415543954,0.614723905631894,Hard
ISIC_0015559.jpg,0.2204750974749099,0.2232397007791968,20.299044222663863,0.22217706078244998,0.14047305064378648,0.10365875024565566,0.8963412497543444,0.42545292286714764,Easy
ISIC_0014073.jpg,0.2246242781003689,0.9682238691873076,22.08597108006679,0.226415496046639,0.9678617998570508,0.11436655705522417,0.8856334429447759,0.7537202989851516,Hard
ISIC_0015293.jpg,0.1164976060881538,0.9812564098473022,22.68676972305502,0.11596286912460081,0.982335902761526,0.1179667244453538,0.8820332755546462,0.7306367248298868,Hard
ISIC_0014233.jpg,0.2099077940267063,0.2859852130888037,5.785512927777813,0.2113824399584174,0.2101590025741791,0.016689276041136507,0.9833107239588635,0.4810679644048782,Medium
ISIC_0012705.jpg,0.0144828789893617,0.8950438628516061,11.964881749059725,0.011753663540954465,0.8865871681572993,0.05371792512614933,0.9462820748738506,0.6887720093540062,Hard
ISIC_0010013.jpg,0.1703364054361979,0.1621273456396698,11.473188659017636,0.17095981583214578,0.07260090352364701,0.050771551246346316,0.9492284487536536,0.404010272431274,Easy
ISIC_0015046.jpg,0.3041729655101585,0.9660172416073224,14.419515300209977,0.3076753862208111,0.9654110916261837,0.06842683262569975,0.9315731673743003,0.7891338917866814,Hard
ISIC_0009078.jpg,0.0593770011862769,0.4018792218170577,5.902625291106994,0.057613520667122976,0.3388723403728582,0.017391048783734053,0.9826089512162659,0.49386544924161707,Medium
ISIC_0013861.jpg,0.3802259113491531,0.3124604250127031,7.52702404523323,0.38536433656719254,0.23956270456918746,0.027124937985090126,0.9728750620149099,0.5326724376746916,Medium
ISIC_0015309.jpg,0.1463257247176381,0.9223248573314282,14.181319011700134,0.1464326320189636,0.916885782352264,0.06699948833930486,0.9330005116606952,0.7299126500268898,Hard
ISIC_0015967.jpg,0.2210246010638298,0.1356365232734526,12.48608036553562,0.22273838495686304,0.04317986437586183,0.0568411050545933,0.9431588949454067,0.40306215522045286,Easy
ISIC_0015276.jpg,0.0476792478657554,0.9420889943856722,20.469732604690723,0.04566413242375198,0.9388360805331406,0.10468156671506493,0.8953184332849351,0.7003119169689216,Hard
ISIC_0015030.jpg,0.1998636085409577,0.97805969640569,16.605199972846123,0.20112219009085638,0.9787855927707776,0.0815241170076903,0.9184758829923096,0.7632613436783335,Hard
ISIC_0014144.jpg,0.0276050455674576,0.438501442527199,9.520333605836264,0.025158106149671105,0.37954543742876345,0.039069452444749624,0.9609305475552504,0.4944333931532608,Medium
ISIC_0000317.jpg,0.0349621541358829,0.146928695328368,22.728676156955,0.03267347634289604,0.05572109210742782,0.11821784048651686,0.8817821595134832,0.3390805617584142,Easy
ISIC_0002780.jpg,0.0555644901370954,0.1622976130502885,5.248494673355334,0.053718997209452696,0.07279000464267431,0.013471300051943014,0.986528699948057,0.3878307961412528,Easy
ISIC_0010448.jpg,0.6870880126953125,0.1285597615095087,9.161961174860997,0.6988274679643286,0.03532032411628651,0.036921976323462974,0.963078023676537,0.5259123049243847,Medium
ISIC_0001852.jpg,0.0215229224405811,0.359940084918714,7.306751504593408,0.01894514810587874,0.29229420959787583,0.025804998223228792,0.9741950017767712,0.46262222148748994,Easy
ISIC_0013603.jpg,0.0179217801436077,0.387571109060397,6.231978060441268,0.015266540235881226,0.32298157111982534,0.01936463030533775,0.9806353696946623,0.4762316429000322,Medium
ISIC_0009902.jpg,0.3165397644042969,0.1729562508923773,15.542789407125502,0.32030821213743443,0.08462762134173407,0.07515783120083053,0.9248421687991695,0.4376228606507615,Easy
ISIC_0015953.jpg,0.0875515292553191,0.2387654474634092,15.929478022518222,0.08639412197114586,0.15771613938901655,0.07747498647326434,0.9225250135267357,0.4075687409827506,Easy
ISIC_0009977.jpg,0.1477495829264322,0.174557867264501,11.956892145542032,0.14788711939565868,0.08640639654669252,0.053670049002625814,0.9463299509973742,0.4027498213166726,Easy
ISIC_0016012.jpg,0.0278300660059953,0.9606920116773044,15.79066336918526,0.025387967090409483,0.959496824561307,0.07664316703752826,0.9233568329624717,0.7133206131339903,Hard
ISIC_0015002.jpg,0.4859096459046809,0.9333291835205646,13.17287506895986,0.4933214750544542,0.9291073248596969,0.060956586878393205,0.9390434131216068,0.8236384933000547,Hard
ISIC_0013733.jpg,0.0382027057479456,0.9119298443509668,7.7462167740450365,0.03598373672146697,0.9053409507267307,0.028438407187511845,0.9715615928124881,0.7111788719554298,Hard
ISIC_0013581.jpg,0.0297384817048884,0.4571899989184808,7.326868956041196,0.02733743546189684,0.40030118225247563,0.025925548083852,0.9740744519161479,0.5078808899371162,Medium
ISIC_0012990.jpg,0.0280779587765957,0.4341161158288557,10.481915067985506,0.025641192378844362,0.37467503866634816,0.04483153973203851,0.9551684602679615,0.4905892746550369,Medium
ISIC_0010002.jpg,0.2969334920247395,0.1513529924048172,10.354724210520958,0.30028018160463055,0.060634771859916045,0.04406937360082196,0.955930626399178,0.43389967338483637,Easy
ISIC_0013427.jpg,0.5521286704207194,0.4178608396624503,10.365235144736712,0.5609649627702792,0.35662172534000297,0.04413235830134515,0.9558676416986549,0.6174436054231002,Hard
ISIC_0012493.jpg,0.0726982243365336,0.2116150095390383,10.176659606835257,0.07122130183136986,0.1275625229399062,0.043002356577718955,0.956997643422281,0.40377950983160327,Easy
ISIC_0009873.jpg,0.2618929545084635,0.7513085615255957,16.63787344823293,0.2644858734528391,0.7269529420555025,0.08171990636571003,0.91828009363429,0.6783006779574122,Hard
ISIC_0015987.jpg,0.0303578789893617,0.962529375177404,20.02506850824366,0.027970156842341477,0.9615374234795979,0.10201700480522462,0.8979829951947754,0.705901556920596,Hard
ISIC_0000216.jpg,0.4578049199258004,0.535344679239769,22.94095003061732,0.46461217738051197,0.487100749194104,0.11948984981385909,0.8805101501861409,0.6191718965879189,Hard
ISIC_0009914.jpg,0.1978594462076822,0.6115241845371425,12.048348251982407,0.19907491544188288,0.5717066620128454,0.05421808168525176,0.9457819183147482,0.6094750650757708,Hard
ISIC_0016011.jpg,0.0144728757022471,0.9107842598544824,8.280592664468971,0.011743445069238828,0.9040686502351784,0.03164054933152038,0.9683594506684796,0.7034891290953489,Hard
ISIC_0001191.jpg,0.0258144626236793,0.2476016301552318,8.220244622490073,0.023329005279538278,0.16752971456985444,0.031278925590644414,0.9687210744093556,0.41189651319110077,Easy
ISIC_0004309.jpg,0.0335820076670719,0.2604648931442721,4.388452453304687,0.03126364100642949,0.18181581557257137,0.008317666649309462,0.9916823333506906,0.42763105315337757,Easy
ISIC_0012690.jpg,0.0654986702127659,0.4461236680736998,12.490683536850003,0.06386687529776028,0.3880107765978045,0.05686868865094564,0.9431313113490544,0.5012669884357309,Medium
ISIC_0013045.jpg,0.0370503886720742,0.8608647824606064,5.910495653349349,0.0348066317046517,0.848627453342961,0.01743821037742958,0.9825617896225705,0.692049265631247,Hard
ISIC_0010226.jpg,0.1510403951009114,0.1441530735647541,9.51797166590681,0.15124872151115884,0.05263845180891941,0.03905529898549883,0.9609447010145011,0.3951982064564329,Easy
ISIC_0010493.jpg,0.4294764200846354,0.7604991701437158,25.51099008977363,0.4356742921576713,0.7371601471096768,0.1348903080543793,0.8651096919456207,0.7065710240642558,Hard
ISIC_0013310.jpg,0.2374316913938034,0.1246191923814333,36.43556041921715,0.2394984145903288,0.03094387868250833,0.20035364141948317,0.7996463585805168,0.3521283806237664,Easy
ISIC_0012335.jpg,0.0282069481382978,0.4296500278682066,6.88032690807094,0.025772956480891118,0.36971494543438893,0.023249732919842517,0.9767502670801574,0.49619181077203345,Medium
ISIC_0015645.jpg,0.1564774948280818,0.9543624233018242,5.812158088052864,0.15680278080593876,0.9524671044261611,0.01684894190963764,0.9831510580903624,0.764290407303576,Hard
ISIC_0000227.jpg,0.1646092849715226,0.6234926964692142,29.368406471181235,0.16510949705093989,0.584999041283912,0.15800511503434056,0.8419948849656594,0.5699752005142806,Medium
ISIC_0014998.jpg,0.4410712960357617,0.1639946267004353,13.206977330189185,0.44751858999652816,0.07467472925956524,0.0611609379538165,0.9388390620461835,0.47034321091912235,Medium
ISIC_0000041.jpg,0.0692826216007387,0.504373031326109,15.0280192262794,0.06773222473623808,0.45270324906586135,0.0720731724052054,0.9279268275947946,0.5227887454685822,Medium
ISIC_0013967.jpg,0.065065159574468,0.4248615100054849,19.797787596325215,0.06342403924345869,0.3643967575143843,0.1006550687605326,0.8993449312394675,0.476385438750432,Medium
ISIC_0009932.jpg,0.2458648681640625,0.6919223636376051,15.058417213591374,0.2481130007071363,0.6609978868010142,0.07225532634966478,0.9277446736503352,0.6511380406748071,Hard
ISIC_0000152.jpg,0.22641464874511,0.6099839621135076,21.312763996746614,0.22824438005088743,0.569996071696108,0.10973326608548892,0.890266733914511,0.5966528805612439,Hard
ISIC_0014832.jpg,0.2667111895092925,0.5842469446199485,10.889721082852724,0.26940775538137146,0.5414122176821655,0.04727523685645503,0.9527247631435449,0.6173704930184498,Hard
ISIC_0013170.jpg,0.4294597739361702,0.1192485196658749,25.21055347237782,0.4356572879274301,0.024979142290787577,0.13309000087097836,0.8669099991290217,0.4223244785933301,Easy
ISIC_0011361.jpg,0.8213589986165365,0.2332338436515689,22.85211477107769,0.8359868093036772,0.151572670905919,0.11895752203945276,0.8810424779605472,0.5779906379744784,Hard
ISIC_0000200.jpg,0.2605858441679337,0.1171960503308874,18.760539186328536,0.26315064535322485,0.02269964413782334,0.09443956220985116,0.9055604377901488,0.39181367221998764,Easy
ISIC_0014567.jpg,0.1015513404244464,0.907708177393493,34.031285835806706,0.10069508852515126,0.9006523145225507,0.1859465001032845,0.8140534998967155,0.6703534229041586,Hard
ISIC_0011168.jpg,0.0589205423990885,0.5599142725042459,21.322271536512453,0.057147242817371796,0.5143880472359034,0.10979023814264119,0.8902097618573588,0.5316154462487799,Medium
ISIC_0010474.jpg,0.0657272338867187,0.5870881177906401,32.327414854015124,0.06410035569382933,0.5445676601944808,0.17573638924963128,0.8242636107503687,0.5223444167638787,Medium
ISIC_0000049.jpg,0.655867789231668,0.1380752230044134,43.18370807260303,0.6669356541271005,0.04588831484457172,0.24079058549223428,0.7592094145077657,0.4508125345473218,Easy
ISIC_0000150.jpg,0.32337220509847,0.3737938027590881,18.40680736614778,0.32728762812163487,0.30768032216506447,0.09231989403361841,0.9076801059663816,0.5225820729846681,Medium
ISIC_0012840.jpg,0.0990837789192429,0.4776607676302574,11.995599462738328,0.0981744463443706,0.4230362744035781,0.05390199496781043,0.9460980050321895,0.5248924231087903,Medium
ISIC_0007557.jpg,0.1288335839737129,0.1835017096671833,11.19688399837949,0.12856421102993795,0.09633953995097225,0.049115850054974326,0.9508841499450257,0.40348632121863237,Easy
ISIC_0014385.jpg,0.4401439082676505,0.2946794000001471,5.88464824685637,0.4465712528293242,0.21981487546255712,0.017283324891149827,0.9827166751088502,0.5435195996804514,Medium
ISIC_0010572.jpg,0.4876581827799479,0.165227536189775,14.10055214431122,0.49510762538673736,0.07604401398202813,0.06651550881376822,0.9334844911862318,0.4809140838546767,Medium
ISIC_0010235.jpg,0.8467674255371094,0.1602647527790445,5.835466383010101,0.8619418067812363,0.07053228456152956,0.016988612270754305,0.9830113877292457,0.5877523512251569,Hard
ISIC_0000421.jpg,0.177759947600188,0.8436311861339899,11.962551718970044,0.17854304869985663,0.8294876053921059,0.05370396288032073,0.9462960371196792,0.7076344173236943,Hard
ISIC_0011208.jpg,0.0862515767415364,0.7940469043511598,18.191135990001,0.08506620567307478,0.7744186809442246,0.09102752584262828,0.9089724741573717,0.6491743897510387,Hard
ISIC_0000444.jpg,0.1030515034993489,0.8318097454726124,9.875540638596698,0.10222752219161706,0.8163585653165081,0.04119796054145297,0.958802039458547,0.687681020484999,Hard
ISIC_0013277.jpg,0.2870925864361702,0.1571937078675216,16.800248247808366,0.2902275844672059,0.06712154361444042,0.0826929053317243,0.9173070946682758,0.42046299669647413,Easy
ISIC_0012201.jpg,0.0600561835106382,0.4522582390516496,11.372792652851412,0.05830731314670883,0.39482390796843697,0.05016994797756868,0.9498300520224313,0.5049469096819029,Medium
ISIC_0009979.jpg,0.1031990051269531,0.1576982201757667,18.177498684572434,0.10237819678412019,0.06768186130357143,0.09094580697913524,0.9090541930208648,0.3708362612747613,Easy
ISIC_0010329.jpg,0.8760693868001302,0.2292915251843271,10.318992063453097,0.891874093933317,0.14719428263415013,0.04385525575592604,0.9561447442440739,0.6164968970224152,Hard
ISIC_0015466.jpg,0.6399004904110005,0.2711945371835736,8.99929346881228,0.6506248765292045,0.19373229264368944,0.03594722217316896,0.9640527778268311,0.5775676084291678,Hard
ISIC_0010066.jpg,0.2910537719726562,0.6477731324040277,10.4620174948235,0.29427398060692095,0.6119651975733608,0.04471230744868268,0.9552876925513173,0.6527052665740356,Hard
ISIC_0001186.jpg,0.0311986580003773,0.3674724351240396,4.893639458019608,0.028829022177779665,0.3006597320872163,0.011344900151778551,0.9886550998482214,0.47350043332620895,Medium
ISIC_0000491.jpg,0.5196380647944883,0.7328980851946325,12.25991516170509,0.5277754390855054,0.7065060364300512,0.05548585467059958,0.9445141453294004,0.745126225208687,Hard
ISIC_0013908.jpg,0.142580784574468,0.2172423469762195,9.78996177571656,0.1426071330113533,0.13381231438648056,0.04068514608186457,0.9593148539181354,0.4249369078787779,Easy
ISIC_0015170.jpg,0.317679764020734,0.5265679309154505,12.119882420646157,0.3214727347291533,0.47735318256629966,0.05464673608437348,0.9453532639156266,0.6021830990792775,Hard
ISIC_0010201.jpg,0.5108655293782552,0.2410115148601169,9.808356590280225,0.5188141942468583,0.16021064997436452,0.04079537338066506,0.9592046266193349,0.5295094278682275,Medium
ISIC_0013691.jpg,0.107571642287234,0.4403659244497268,15.30661428287471,0.10684489544359049,0.3816161544066924,0.07374259834268279,0.9262574016573172,0.5035477762036356,Medium
ISIC_0014945.jpg,0.0522440827334058,0.4303052443629852,13.795445206863931,0.05032716323025217,0.37044263708082636,0.06468721565844968,0.9353127843415503,0.4881183201594361,Medium
ISIC_0002948.jpg,0.0569595025510204,0.7910337768511825,9.19684269575382,0.05514401827816239,0.7710722637998799,0.037130996958749135,0.9628690030412509,0.6592190611539304,Hard
ISIC_0015185.jpg,0.4962280423463067,0.978954960186612,12.2218725379281,0.5038618345364498,0.9797798839400729,0.05525789174965208,0.9447421082503479,0.8485371500977634,Hard
ISIC_0011300.jpg,0.8829154968261719,0.1735018903432093,35.43991462010835,0.898867473295702,0.0852336153505866,0.1943874303104789,0.8056125696895211,0.5407747138554926,Medium
ISIC_0010337.jpg,0.1950759887695312,0.1867458357139062,17.099974018502877,0.19623158196783744,0.09994250697485381,0.08448895290644726,0.9155110470935528,0.4094637647646443,Easy
ISIC_0000096.jpg,0.2753582000732422,0.2077408467835042,12.93696831809043,0.27824077515380063,0.1232598292552882,0.05954296219480983,0.9404570378051902,0.448024088722382,Easy
ISIC_0000212.jpg,0.6873613680735146,0.148491645804927,66.4272111376834,0.6991067035964239,0.05745692448443749,0.3800726939721637,0.6199273060278363,0.4147340028026237,Easy
ISIC_0000522.jpg,0.2722532623826723,0.894750781148327,9.78255773463875,0.27506904594055015,0.8862616679464538,0.040640778825788676,0.9593592211742114,0.759047656074693,Hard
ISIC_0014291.jpg,0.0970823987506288,0.1961000904398048,8.784365913601976,0.09613001370828497,0.11033145944618158,0.034659311182458574,0.9653406888175414,0.40603432829168334,Easy
ISIC_0000277.jpg,0.4552001953125,0.1404468392759214,8.950933603054622,0.46195142152265095,0.048522261582916185,0.03565743521422075,0.9643425647857793,0.47241665768885194,Medium
ISIC_0000436.jpg,0.5073598225911459,0.142271615869627,5.951196413137099,0.5152330748371079,0.05054888132530062,0.01768210165423499,0.982317898345765,0.49283908566041496,Medium
ISIC_0013948.jpg,0.2417579787234042,0.1754736812232975,10.213484768012716,0.24391776636987822,0.08742351100094974,0.043223024094123375,0.9567769759058766,0.43082078755990627,Easy
ISIC_0014768.jpg,0.1186301098729401,0.963571307256468,12.636905155762268,0.11814124602798158,0.9626946062979981,0.05774489286725611,0.9422551071327439,0.7444024415226549,Hard
ISIC_0000536.jpg,0.0631935336506579,0.4968936419718645,23.58770874986085,0.0615121520462197,0.44439654556112684,0.12336542389758451,0.8766345761024155,0.49995875787185107,Medium
ISIC_0014809.jpg,0.1638173796556357,0.4656020440058028,10.840224631085135,0.1643005567517013,0.4096437048969463,0.046978639129977996,0.953021360870022,0.5384900974512115,Medium
ISIC_0014802.jpg,0.1254244550992518,0.8257415357515548,11.715706507354096,0.12508174705788988,0.8096191355890308,0.05222479162778712,0.9477752083722129,0.6868394139303593,Hard
ISIC_0013797.jpg,0.1363348406731456,0.4773868825154401,6.553773963715424,0.13622683018069923,0.42273209416433755,0.02129292879729628,0.9787070712027037,0.5456970201318561,Medium
ISIC_0012876.jpg,0.0111142397778287,0.1466537167703681,7.115376580421031,0.00831256022072678,0.055415697476492026,0.024658221729415328,0.9753417782705847,0.3656140414404831,Easy
ISIC_0002489.jpg,0.0842312426513815,0.5388786344816763,5.43218550719683,0.0830024113902678,0.49102560415259966,0.014572031149757483,0.9854279688502425,0.5620606336061916,Medium
ISIC_0015526.jpg,0.1081564133537636,0.9559435243619416,18.91239638456832,0.10744224574804544,0.9542230950686276,0.095349536523941,0.904650463476059,0.7251774616810831,Hard
ISIC_0012999.jpg,0.3837249945796347,0.356172734027518,7.328362432512264,0.38893868993841146,0.28811014250773254,0.025934497447090105,0.9740655025529099,0.5534016553812143,Medium
ISIC_0003559.jpg,0.047890785494927,0.1882674316328019,7.234861251929626,0.04588022052116632,0.10163241046210945,0.02537421006095693,0.974625789939043,0.3932420457938004,Easy
ISIC_0010086.jpg,0.1833101908365885,0.7877256435552863,14.417549620951066,0.18421268537791377,0.7673982095233025,0.06841505368037426,0.9315849463196257,0.6790671863656685,Hard
ISIC_0016017.jpg,0.0221954657890323,0.905662797568673,12.802167165892492,0.01963215879596071,0.8983806900683826,0.058735192873159696,0.9412648071268404,0.6937029982207374,Hard
ISIC_0012898.jpg,0.0318656697977247,0.1450028227146592,5.689181997440739,0.029510382325409912,0.05358219385888451,0.016112031937628807,0.9838879680623712,0.3731712619467362,Easy
ISIC_0000068.jpg,0.3638066470476442,0.5239030036489497,27.31655622590701,0.36859187108315333,0.47439348096286027,0.14570980706605924,0.8542901929339408,0.5809069276828117,Hard
ISIC_0013356.jpg,0.0166055748731762,0.6677411635218127,8.371306378225123,0.013922021561789717,0.6341419430552125,0.03218413337238655,0.9678158666276134,0.5958728359321972,Hard
ISIC_0014229.jpg,0.0444736355965956,0.3985624117168603,14.810839769812077,0.042389562981882754,0.33518864952873695,0.07077176734028907,0.9292282326597109,0.4699027319878643,Medium
ISIC_0009880.jpg,0.2400525410970052,0.1533226071866359,9.298889204792696,0.24217564241117376,0.06282225070828293,0.03774249054051066,0.9622575094594893,0.42246293919692784,Easy
ISIC_0000525.jpg,0.3697283571958317,0.6470052263748116,11.653205718641654,0.3746409654422612,0.6111123515184116,0.0518502679766338,0.9481497320233662,0.6699575881761081,Hard
ISIC_0010046.jpg,0.1330299377441406,0.2470646034140039,16.5567506649179,0.13285083419897045,0.16693328594417228,0.08123379408417306,0.9187662059158269,0.4215541949979509,Easy
ISIC_0000052.jpg,0.6176066656615721,0.6778884940603878,49.71650451926308,0.6278514806418721,0.6454116954582809,0.2799370799261126,0.7200629200738874,0.667149570369641,Hard
ISIC_0014782.jpg,0.2335283121705014,0.4135878555018134,15.515862545013736,0.235511068257891,0.3518760956071833,0.07499647728962472,0.9250035227103752,0.5233794382559773,Medium
ISIC_0014923.jpg,0.0823416861522148,0.4131237509482839,22.960412644871,0.08107220790608959,0.3513606552765928,0.11960647569173102,0.880393524308269,0.46895004759505365,Medium
ISIC_0014947.jpg,0.2329669747054975,0.9114488016287312,19.689837828285327,0.23493765564428132,0.9048066986538053,0.10000820106333497,0.899991798936665,0.7356542230004252,Hard
ISIC_0012949.jpg,0.0169087433510638,0.3857846570947064,12.7513260835537,0.014231711614757022,0.3209975151893742,0.058430537713146956,0.941569462286853,0.46150624577983745,Easy
ISIC_0014825.jpg,0.3809168230039527,0.4512376981562883,14.334683447437833,0.3860701106914072,0.39369048246660615,0.06791849447687251,0.9320815055231275,0.5802222475925889,Hard
ISIC_0010379.jpg,0.2227961222330729,0.1723600680888138,14.294015987196651,0.22454801400721244,0.08396549325222462,0.06767480274103321,0.9323251972589668,0.4160370198433313,Easy
ISIC_0010025.jpg,0.1635627746582031,0.2172149812155022,19.97138971573603,0.16404047484711134,0.13378192162984046,0.10169534522662385,0.8983046547733762,0.4089295165343957,Easy
ISIC_0012363.jpg,0.0551068339395019,0.9444503570574438,11.448539753849698,0.053251496191335325,0.9414586394951799,0.050623847542911445,0.9493761524570885,0.7221779832058868,Hard
ISIC_0015206.jpg,0.1737090009247691,0.9710746167602168,11.379948813995084,0.17440496053442628,0.9710278758203992,0.05021282986202137,0.9497871701379786,0.7644379000100587,Hard
ISIC_0010247.jpg,0.255987803141276,0.7635976663601799,18.40870435158818,0.25845369407711166,0.7406013758198926,0.09233126134478295,0.907668738655217,0.6785380323765609,Hard
ISIC_0000244.jpg,0.2880744934082031,0.6669234440707512,12.825534875281903,0.29123061362213865,0.6332337735899918,0.058875219263544595,0.9411247807364554,0.6554948360992907,Hard
ISIC_0010592.jpg,0.0193392435709635,0.6360977350920742,31.6083918356104,0.016714495270506512,0.5989983550709934,0.17142778560376054,0.8285722143962395,0.5337782408847078,Medium
ISIC_0014537.jpg,0.2186573878762787,0.1658830457891984,11.25803546988882,0.2203202497254377,0.07677203115415561,0.04948228818887445,0.9505177118111255,0.4184700740269156,Easy
ISIC_0013936.jpg,0.023640625,0.3755024696391351,13.766230151671571,0.021108405388974596,0.3095779890050526,0.06451215020144192,0.935487849798558,0.45652904437875996,Easy
ISIC_0014573.jpg,0.0360661539638812,0.8926770733482456,23.96554088372949,0.03380122474072072,0.8839585820881203,0.12562950845099058,0.8743704915490094,0.6680634110625816,Hard
ISIC_0009160.jpg,0.0689774463025951,0.1425178820638065,12.7134561917325,0.06742048469352346,0.050822387645322264,0.05820360985438165,0.9417963901456183,0.3668128127824762,Easy
ISIC_0014643.jpg,0.1394008344174064,0.9716789161346846,20.207535010933977,0.1393587777092598,0.9716990182752244,0.10311039934005474,0.8968896006599453,0.7374306619683855,Hard
ISIC_0010569.jpg,0.019439697265625,0.5117650638782545,17.515648498995606,0.016817109863676766,0.46091293301194075,0.08697980025945688,0.9130201997405432,0.5081265205798856,Medium
ISIC_0011228.jpg,0.3132298787434895,0.2173550776736389,40.73067974993395,0.3169271262384209,0.13393751451111552,0.22609129700780492,0.773908702992195,0.4036748334113197,Easy
ISIC_0013288.jpg,0.0364052444501509,0.4588173934791748,6.968459780421012,0.034147609534368385,0.4021085870365615,0.02377785177752676,0.9762221482224732,0.5110580890760823,Medium
ISIC_0012306.jpg,0.026188829787234,0.4063303744671133,10.50298545569015,0.023711425600800896,0.34381584626179046,0.04495779987526113,0.9550422001247388,0.47771896494857496,Medium
ISIC_0016005.jpg,0.1045499165426379,0.1560714416330328,6.801963797046856,0.10375816818085845,0.06587514067674832,0.02278015743029943,0.9772198425697005,0.3943165432153091,Easy
ISIC_0014393.jpg,0.0646188605777293,0.1192873723426241,8.292447663887062,0.06296813973536237,0.02502229256025948,0.03171158807771783,0.9682884119222822,0.3646518961307431,Easy
ISIC_0014949.jpg,0.3567365513899047,0.9719865449516522,16.730121606713897,0.36136968784700224,0.9720406746927515,0.08227268526399592,0.9177273147360041,0.8003632519964525,Hard
ISIC_0014755.jpg,0.2660625680675985,0.9341809712289282,13.674989764340376,0.2687451811914901,0.9300533309582214,0.06396541017303775,0.9360345898269622,0.7668197341205978,Hard
ISIC_0014273.jpg,0.1146434916359215,0.4861164160336797,6.803007139400215,0.11406887009501783,0.4324272234370913,0.02278640945360398,0.977213590546396,0.5435128635898296,Medium
ISIC_0016027.jpg,0.0086175949605903,0.9227393857789422,9.032333283314678,0.005762209105470773,0.9173461628385162,0.036145206746096496,0.9638547932539036,0.7057281950506404,Hard
ISIC_0014957.jpg,0.3496028548288991,0.974557120265469,21.781988384814216,0.35408253556381014,0.9748955878356739,0.11254500069955597,0.887454999300444,0.7890881187803775,Hard
ISIC_0016003.jpg,0.0387809175531914,0.9115266569110766,16.365384700424556,0.03657438666581667,0.9048931657056045,0.08008707127946935,0.9199129287205307,0.6930703880008817,Hard
ISIC_0012735.jpg,0.0277681183510638,0.380859900290494,11.781703446896296,0.02532468685537117,0.3155280185944014,0.052620265273344013,0.9473797347266559,0.46412528630593286,Easy
ISIC_0015973.jpg,0.2438598395006226,0.1437700530592242,21.291552256550432,0.24606484109203317,0.05221306443770776,0.10960615891533558,0.8903938410846645,0.39403928042772396,Easy
ISIC_0016058.jpg,0.0202850029609676,0.2125570477822196,14.41634171234162,0.017680599258709684,0.12860876241289032,0.06840781552623271,0.9315921844737673,0.38192091934565214,Easy
ISIC_0011218.jpg,0.0880661010742187,0.1101961778234408,42.19309811707331,0.08691976294464304,0.014925498049639831,0.23485455068280522,0.7651454493171947,0.29550104721703485,Easy
ISIC_0015311.jpg,0.4637192666289815,0.9847298370303548,30.61584227729594,0.47065374989668307,0.9861935344996744,0.16548012810713514,0.8345198718928648,0.8042228064365432,Hard
ISIC_0013120.jpg,0.0243346501632486,0.170209028639415,5.608568510935382,0.021817359997529873,0.08157652189549172,0.015628971516790057,0.9843710284832099,0.3826148087267026,Easy
ISIC_0014731.jpg,0.1046555500794412,0.8599407053571584,7.921805031177497,0.1038660740417701,0.8476011617367485,0.029490585192232088,0.9705094148077679,0.7046852783878607,Hard
ISIC_0015984.jpg,0.1028192475576471,0.2046670355035283,4.728923215019712,0.10199027010199095,0.11984601594474321,0.010357870547777738,0.9896421294522223,0.4198107192116728,Easy
ISIC_0012988.jpg,0.0286261635638297,0.4400048948176104,10.565805114581217,0.026201189812543164,0.38121519037495466,0.04533423429307841,0.9546657657069216,0.49316939160054024,Medium
ISIC_0000058.jpg,0.4733594972014397,0.1432871919555293,6.927076796281381,0.4805013552196497,0.051676792847556344,0.023529872405827892,0.9764701275941721,0.48256060060189515,Medium
ISIC_0014786.jpg,0.5518143828999879,0.1677105442713259,11.842958356321851,0.5606439144884113,0.07880167385991615,0.05298732323855908,0.947012676761441,0.5031360850325737,Medium
ISIC_0000030.jpg,0.4977555959825256,0.2068452740268215,8.293413946466014,0.5054222479732532,0.12226519493364278,0.0317173783355205,0.9682826216644795,0.5141605575493382,Medium
ISIC_0012151.jpg,0.2590250997340425,0.4477622815050616,13.145302879346168,0.2615563271385872,0.38983064120018324,0.060791365969391206,0.9392086340306088,0.5500443601754332,Medium
ISIC_0012332.jpg,0.0708686835106383,0.3882617905648684,8.870560103863719,0.06935240504096073,0.32374865065026753,0.03517581287003818,0.9648241871299619,0.48452602701583386,Medium
ISIC_0014821.jpg,0.1383835251488853,0.4417324648515148,6.163045070341804,0.13831958470526542,0.3831338512944005,0.018951562955807997,0.981048437044192,0.5312003896595436,Medium
ISIC_0011157.jpg,0.152472178141276,0.5220393595414128,12.936867455466766,0.15271130419355958,0.4723236944727547,0.059542357795427714,0.9404576422045723,0.556267478609092,Medium
ISIC_0015184.jpg,0.1537804954708359,0.9409958823936314,11.874395631753847,0.15404776524621447,0.9376220566623016,0.053175704912129224,0.9468242950878708,0.7449492672572291,Hard
ISIC_0014337.jpg,0.0552827232779221,0.5880091134740262,8.191686103553042,0.05343116915374645,0.5455905295369743,0.031107794297677245,0.9688922057023227,0.5707062760990393,Medium
ISIC_0015357.jpg,0.0890373939235851,0.1357103609760248,9.656437961143473,0.08791194965238701,0.04326186945324023,0.03988503095403935,0.9601149690459606,0.37532297436047907,Easy
ISIC_0010380.jpg,0.1265335083007812,0.8219038143460542,24.03913977930067,0.12621465753432978,0.8053569141242295,0.12607053531893925,0.8739294646810607,0.6595717426716454,Hard
ISIC_0013561.jpg,0.0723650265957446,0.1945637263276394,18.176743288111748,0.0708809365443436,0.10862515421849207,0.09094128041480937,0.9090587195851907,0.37934084767829945,Easy
ISIC_0012903.jpg,0.0358435602872155,0.8123490066565855,6.884460678916092,0.03357384276487313,0.7947452250194055,0.02327450372644914,0.9767254962735509,0.6681454743947233,Hard
ISIC_0000094.jpg,0.0596809387207031,0.2381719194364021,17.410073057460004,0.05792399632010329,0.15705695972760472,0.08634716024561707,0.9136528397543829,0.3970822768851017,Easy
ISIC_0015050.jpg,0.6455923687205326,0.9777165540104262,10.469202196261415,0.6564391950475564,0.9784044945283464,0.04475536035522046,0.9552446396447796,0.8898072204489006,Hard
ISIC_0000140.jpg,0.3477774796078685,0.1991173774526252,13.351865007060503,0.3522178939862126,0.1136824961975925,0.06202914878550106,0.937970851214499,0.4618172699006648,Easy
ISIC_0002616.jpg,0.032087930912502,0.1572916277477726,6.518324597752354,0.02973742458550093,0.06723029466000574,0.02108050546240616,0.9789194945375939,0.37694829709853533,Easy
ISIC_0009978.jpg,0.2020200093587239,0.1325923242036021,20.49842390714331,0.20332497808559097,0.03979893875680894,0.10485349368706404,0.895146506312936,0.3800520972336489,Easy
ISIC_0012706.jpg,0.0819830452127659,0.1877347379921952,15.745656194668978,0.08070585210185803,0.10104079423225422,0.07637347041969057,0.9236265295803094,0.3838620660714745,Easy
ISIC_0010442.jpg,0.3090298970540364,0.502318578949979,17.152428141258973,0.31263679710878534,0.4504215485225644,0.08480327389306781,0.9151967261069321,0.5786466728236483,Hard
ISIC_0000469.jpg,0.2638995547040993,0.8710498615483494,14.172814543615624,0.2665356384059786,0.859939129757579,0.0669485269913964,0.9330514730086036,0.7371775770575375,Hard
ISIC_0013865.jpg,0.0839622660049471,0.4664020381291437,9.09660443883556,0.0827276486825429,0.41053218839117056,0.03653033897123163,0.9634696610287684,0.5221091688871728,Medium
ISIC_0009883.jpg,0.1757799784342447,0.6462700865237598,12.846702500837758,0.17652048764685047,0.6102958959913657,0.059002062085415204,0.9409979379145847,0.6175977585783635,Hard
ISIC_0014133.jpg,0.5096749781202834,0.4230519491112352,7.143676657720741,0.5175980325775759,0.3623870365184097,0.024827804361835765,0.9751721956381643,0.6156645912251153,Hard
ISIC_0000293.jpg,0.7845878601074219,0.2299137942601166,18.923586653662777,0.798424672527776,0.1478853824643542,0.09541659200475944,0.9045834079952406,0.57536451391602,Hard
ISIC_0015201.jpg,0.2534307486065341,0.9598258123895692,19.704505163073836,0.2558416337474157,0.958534812782211,0.10009609217464484,0.8999039078253551,0.7623407012886125,Hard
ISIC_0012309.jpg,0.0307049723293644,0.4409985271004262,7.259111395850643,0.02832471664222241,0.3823187308346313,0.025519524266255665,0.9744804757337443,0.5010768380012186,Medium
ISIC_0014968.jpg,0.4311765091064305,0.975671811299893,22.767059832561323,0.43741095245585726,0.976133577661286,0.11844784709329594,0.8815521529067041,0.8083494226958252,Hard
ISIC_0015037.jpg,0.5774028875547355,0.9680698250532648,14.06570140419246,0.5867828634223468,0.9676907165122037,0.06630667262620064,0.9336933273737994,0.860564667041298,Hard
ISIC_0000524.jpg,0.3124927072959603,0.6682952514853712,20.64192107406921,0.3161740972090772,0.6347573200881264,0.10571337216211037,0.8942866278378896,0.6459467720807812,Hard
ISIC_0002976.jpg,0.0398318111426714,0.7767811918093662,6.454504816915831,0.03764788643616457,0.7552431643225015,0.02069807801105559,0.9793019219889444,0.6542649100341723,Hard
ISIC_0013799.jpg,0.0429200465425531,0.7460838711510911,15.692205685602373,0.04080255406925357,0.721150335480352,0.07605317878459247,0.9239468212154075,0.6220421601348469,Hard
ISIC_0013897.jpg,0.0311686880293057,0.928867228710086,9.369888735499302,0.028798407511000115,0.9241518219560895,0.038167941227105234,0.9618320587728948,0.713501551230699,Hard
ISIC_0012481.jpg,0.0076636327666443,0.7094696132963443,13.918470838777756,0.004787725859618694,0.6804860820713918,0.06542442249693936,0.9345755775030606,0.6004928164195327,Hard
ISIC_0010467.jpg,0.1059239705403645,0.1826992366688627,13.49973464314813,0.10516177998872474,0.0954483033871448,0.06291522841974458,0.9370847715802554,0.39244943640512847,Easy
ISIC_0011156.jpg,0.500726064046224,0.2363537896567281,11.007122986838604,0.5084566149311712,0.15503772202014277,0.0479787446143402,0.9520212553856598,0.5223366819258308,Medium
ISIC_0006982.jpg,0.1872834782060972,0.1983879095740116,7.661033854307173,0.18827144367789003,0.11287234003418431,0.027927965339123218,0.9720720346608768,0.43244200906445307,Easy
ISIC_0011173.jpg,0.0346794128417968,0.7619063901438154,25.667843989812663,0.03238465289082846,0.7387230232688282,0.1358302241186475,0.8641697758813525,0.6060447940887117,Hard
ISIC_0000461.jpg,0.3285529375690263,0.78989719251075,12.246764736239925,0.33257980534400056,0.7698099589943761,0.05540705333927409,0.9445929466607259,0.7216764662650046,Hard
ISIC_0012888.jpg,0.0476394614361702,0.3932944899135494,13.356910479608851,0.045623490132800516,0.3293380295872311,0.062059382784775775,0.9379406172152243,0.471420300393421,Medium
ISIC_0013977.jpg,0.0530799534574468,0.1781939743263604,14.96320964195696,0.05118101469464502,0.0904447025959954,0.07168481375165552,0.9283151862483445,0.3738834498989799,Easy
ISIC_0013398.jpg,0.0094519229257504,0.8720787792406115,11.266938367307784,0.006614484624096198,0.8610818586349769,0.049535637045999024,0.9504643629540009,0.6787488916439152,Hard
ISIC_0014969.jpg,0.3081457009692778,0.1632053865370479,18.08250659562557,0.31173358073803886,0.07379818924797099,0.09037658561863778,0.9096234143813622,0.42582086591717483,Easy
ISIC_0014434.jpg,0.0696373567992201,0.1580487520485544,8.900294953066222,0.06809459078158862,0.06807116639230226,0.03535399309014792,0.9646460069098521,0.38187821667076627,Easy
ISIC_0015395.jpg,0.2626019804882991,0.9561748062684003,26.220426117865134,0.2652101515663832,0.9544799596510112,0.13914146355136028,0.8608585364486397,0.7493950095090242,Hard
ISIC_0010565.jpg,0.2362581888834635,0.1329451754004638,8.711826165885288,0.2382996684109217,0.04019081971590858,0.034224631049163116,0.9657753689508369,0.41367262412188677,Easy
ISIC_0011363.jpg,0.5929692586263021,0.1848476638781059,10.21237453436609,0.6026840887583446,0.09783437355723959,0.04321637123793494,0.956783628762065,0.5246790416792046,Medium
ISIC_0011219.jpg,0.100964864095052,0.5570460794135194,21.076599959030705,0.10009599627525859,0.5112025960619418,0.10831809966121518,0.8916819003387848,0.541593702612166,Medium
ISIC_0013430.jpg,0.0637553814931661,0.4040822826472283,7.394394471270623,0.06208608601626273,0.3413190873267036,0.026330181417778237,0.9736698185822218,0.4928335929385247,Medium
ISIC_0014397.jpg,0.1825829595002515,0.452874771992403,11.20291634495056,0.18346981028536147,0.39550863717521834,0.04915199770221785,0.9508480022977821,0.5368677082456514,Medium
ISIC_0000552.jpg,0.5520121567260105,0.5964426164496173,11.82476362234645,0.5608459427041521,0.5549568835809412,0.05287829488322771,0.9471217051167723,0.6936868358992848,Hard
ISIC_0000274.jpg,0.3070119222005208,0.2086512598882011,11.944497697454024,0.31057541281307494,0.1242709454533305,0.053595777716653595,0.9464042222833464,0.4585937091837722,Easy
ISIC_0009991.jpg,0.2657051086425781,0.5088075205823575,14.587556049427644,0.26838003231770363,0.4576282483809033,0.06943378367761524,0.9305662163223848,0.5758444831446219,Hard
ISIC_0009937.jpg,0.0742365519205729,0.2518900950445039,9.20678450746698,0.07279272097857693,0.17229253739381017,0.03719057130490695,0.962809428695093,0.42409849524545085,Easy
ISIC_0000457.jpg,0.3578733057394287,0.7368185065169515,11.506940050053696,0.3625308953616088,0.7108601054583819,0.05097379980132836,0.9490262001986717,0.7071359360932901,Hard
ISIC_0012257.jpg,0.0369674680058276,0.505613763908019,5.7473487899151445,0.03472192729969205,0.454081222212926,0.01646058497099326,0.9835394150290068,0.5345517659702458,Medium
ISIC_0012675.jpg,0.0226512632978723,0.3891258813097024,17.680269585553766,0.02009776114234766,0.3247083206552055,0.08796625965724553,0.9120337403427545,0.45411957766763317,Easy
ISIC_0013306.jpg,0.0241117424639443,0.1402746975266265,5.29437004967324,0.021589657243980532,0.04833107879987688,0.01374619919786683,0.9862538008021332,0.3699186761116925,Easy
ISIC_0009993.jpg,0.2831649780273437,0.6794134225628035,13.984443677804858,0.28621548774580713,0.6471053001545383,0.06581975172491217,0.9341802482750878,0.6573590788945478,Hard
ISIC_0000188.jpg,0.5846181924743842,0.1912519413598303,31.43952025276456,0.5941533795733356,0.1049470443493468,0.17041585594516928,0.8295841440548307,0.48087161305226334,Medium
ISIC_0012487.jpg,0.0484453125,0.914837230858249,17.120563750058718,0.046446676172391795,0.9085699306000613,0.08461233281248395,0.9153876671875161,0.6954253247987532,Hard
ISIC_0011155.jpg,0.3943227132161458,0.2474000155201032,19.78944532272981,0.3997643802237007,0.16730579883062663,0.10060507933111523,0.8993949206688847,0.48165163682228546,Medium
ISIC_0009955.jpg,0.1473553975423177,0.2749460135644194,14.524259207978966,0.14748445453638323,0.19789872930379135,0.06905448983742227,0.9309455101625778,0.4418615339125146,Easy
ISIC_0014288.jpg,0.1703349856668204,0.1443104529510985,12.08352970921188,0.17095836552155683,0.05281323932675042,0.05442889962988762,0.9455711003701124,0.39481477224062866,Easy
ISIC_0013527.jpg,0.0054760638297872,0.2682854265168687,16.253598557600718,0.0025530992762570898,0.19050139789730688,0.07941721486291509,0.9205827851370849,0.3990428087759667,Easy
ISIC_0000173.jpg,0.3355510940557574,0.3276189818869016,32.071095928991326,0.3397285018976467,0.25639798771194355,0.17420044863772505,0.8257995513622749,0.4765211635359853,Medium
ISIC_0012792.jpg,0.090766954787234,0.4592118423566429,9.927968278429406,0.08967871577268328,0.4025466669008012,0.04151212283437758,0.9584878771656224,0.5189091027114592,Medium
ISIC_0013070.jpg,0.0409187758264462,0.7659636057465169,4.457516913420711,0.03875823324015061,0.7432290177384567,0.008731521806987453,0.9912684781930126,0.6539251327729747,Hard
ISIC_0013675.jpg,0.0720753238722119,0.4256912184616883,8.387321054116798,0.07058500191281215,0.36531824211889163,0.0322800981595604,0.9677199018404397,0.5024755129699136,Medium
ISIC_0012887.jpg,0.0194596077127659,0.4336509482635589,16.375792039274625,0.016837448612192545,0.3741584177415735,0.08014943520519276,0.9198505647948072,0.47582042692786,Medium
ISIC_0014848.jpg,0.0902843075035477,0.4539008674799993,14.34627947959663,0.08918568607549705,0.39664823167676294,0.0679879814128372,0.9320120185871628,0.5071599206950864,Medium
ISIC_0000409.jpg,0.0894212223247334,0.53052383648569,10.77170387475428,0.08830403473560612,0.48174666084485174,0.0465680420100138,0.9534319579899861,0.5484758583183373,Medium
ISIC_0013805.jpg,0.1148881645145061,0.1542424536741561,8.89471933591063,0.11431880622708702,0.0638438437394527,0.03532058230385923,0.9646794176961407,0.3917550352462021,Easy
ISIC_0015250.jpg,0.1827817350776232,0.9589885273071768,15.362920955664029,0.18367286180151438,0.9576049134817521,0.07408000497565145,0.9259199950243485,0.7530321791016015,Hard
ISIC_0014946.jpg,0.310677346346164,0.4075821573699596,15.767083575479374,0.3143196853235987,0.3452060920337049,0.07650186977370008,0.9234981302262999,0.5398867037235866,Medium
ISIC_0014046.jpg,0.0108107253846637,0.4126234919415785,7.287503484059199,0.008002516811363962,0.3508050613574293,0.025689658255902734,0.9743103417440973,0.4833312733562467,Medium
ISIC_0003805.jpg,0.0224480610145292,0.4028938952023032,9.615558137658915,0.01989018769562892,0.3399992493444571,0.03964006667334233,0.9603599333266577,0.47709822332602025,Medium
ISIC_0010067.jpg,0.2124455769856771,0.3555196604069378,13.419815141583095,0.21397481415397795,0.2873848307642218,0.06243632656680632,0.9375636734331937,0.496594921545801,Medium
ISIC_0012746.jpg,0.0208071808510638,0.4773312822558376,13.14531946226631,0.018214009920560232,0.42267034381956614,0.06079146533926999,0.93920853466073,0.502344627139222,Medium
ISIC_0012263.jpg,0.0394146881026748,0.1983843765096646,8.399324083276667,0.037221790500167155,0.11286841616866485,0.032352023944793876,0.9676479760552061,0.39312960571182987,Easy
ISIC_0014795.jpg,0.1878023944221451,0.5225603309067957,9.03434708818618,0.18880152250255283,0.47290229179691146,0.03615727407466503,0.9638427259253349,0.57370625141827,Hard
ISIC_0012235.jpg,0.0481405352538571,0.3739664305901344,5.322379210772443,0.04613534274432934,0.30787204479658564,0.013914038572324625,0.9860859614276754,0.47981274010440295,Medium
ISIC_0015417.jpg,0.2399954504137159,0.2288564761139798,8.795757258665317,0.24211732362798433,0.146711111687135,0.0347275715713682,0.9652724284286318,0.4570591255318712,Easy
ISIC_0014853.jpg,0.0827475751658597,0.9149555073635984,23.75761192434774,0.08148682815622371,0.908701289968451,0.12438353516565405,0.875616464834346,0.6903179857184574,Hard
ISIC_0014770.jpg,0.1510200773729322,0.3751638335505316,13.095433443481772,0.15122796672062816,0.3092018955232451,0.06049253320926682,0.9395074667907332,0.49031536326621167,Medium
ISIC_0000256.jpg,0.0733985900878906,0.6255365573692611,21.76900530634408,0.07193673342289124,0.5872689788012007,0.11246720216209724,0.8875327978379027,0.563528254119469,Medium
ISIC_0000217.jpg,0.58505954151562,0.235408147245116,40.93506307667946,0.5946042226455104,0.15398747971255303,0.22731602378877042,0.7726839762112296,0.48068543922032914,Medium
ISIC_0014171.jpg,0.2217203025427637,0.3313036551353909,9.444418360574064,0.22344905194098255,0.2604902319764647,0.038614545308063526,0.9613854546919365,0.49654326491800926,Medium
ISIC_0013025.jpg,0.0125119766159065,0.3552089923805291,21.702115980237046,0.009740364319737207,0.2870397989626198,0.11206638106602992,0.88793361893397,0.42802777729187175,Easy
ISIC_0000416.jpg,0.132276040536386,0.7852706198202725,9.798502654648114,0.1320807196150658,0.7646716294112145,0.04073632561459369,0.9592636743854063,0.6746311177031444,Hard
ISIC_0000243.jpg,0.4423918547453703,0.6819867370620105,12.292514811163436,0.4488675557583207,0.6499632554710665,0.05568120164130153,0.9443187983586985,0.7027137705535512,Hard
ISIC_0012701.jpg,0.0183711768617021,0.4645502778612657,12.662933575927768,0.015725604101622527,0.4084756002422489,0.05790086304227241,0.9420991369577276,0.49705633905750984,Medium
ISIC_0012099.jpg,0.0147032912234042,0.3997959331683434,13.79499813774063,0.011978817148317862,0.3365586139040218,0.06468453668489067,0.9353154633151093,0.4649785620089764,Easy
ISIC_0015113.jpg,0.2085128770367223,0.4070906078371759,13.727463387080968,0.2099575163663502,0.3446601709653749,0.06427984800947,0.93572015199053,0.517855500674423,Medium
ISIC_0000021.jpg,0.2539828835535118,0.8166614849842965,17.04744543013718,0.2564056458840535,0.7995347174688872,0.08417418569934584,0.9158258143006541,0.7044543334637972,Hard
ISIC_0000453.jpg,0.2319723058629919,0.8524308610702195,6.8285713064462366,0.233921590093315,0.8392606346022807,0.02293959768335289,0.9770604023166471,0.7361557921750674,Hard
ISIC_0012726.jpg,0.0161145279255319,0.3603374808959442,9.965719571836676,0.013420411512206076,0.2927355625480271,0.041738340015535114,0.9582616599844649,0.45584090889182505,Easy
ISIC_0014453.jpg,0.0293790877075297,0.4019065608087162,7.912948669769527,0.02697031040043378,0.3389027033994463,0.029437515192976445,0.9705624848070236,0.48200052864234516,Medium
ISIC_0010212.jpg,0.3356590270996094,0.739265556445293,24.019051390321938,0.3398387567311978,0.7135778297608986,0.12595015960943073,0.8740498403905692,0.6763082652238581,Hard
ISIC_0015980.jpg,0.0473904587765957,0.865490941283855,11.597483058729312,0.045369131080138,0.853765323279994,0.05151636092566259,0.9484836390743374,0.6848176857580502,Hard
ISIC_0000104.jpg,0.2373123168945312,0.1662174537635574,46.00518229338589,0.23937647217975846,0.07714342883932127,0.257697713363282,0.7423022866367179,0.3505072899035194,Easy
ISIC_0002975.jpg,0.0401671309009726,0.5332366266010592,5.09439116690158,0.03799041938824735,0.4847595195277813,0.012547865178854742,0.9874521348211452,0.5490096598455751,Medium
ISIC_0009946.jpg,0.2756601969401042,0.1403968288143062,13.256827570570117,0.27854926839276173,0.048466719337808106,0.061459655688791595,0.9385403443112084,0.4175131253422366,Easy
ISIC_0010439.jpg,0.0189056396484375,0.4251721417033151,17.048232759141165,0.016271563925303486,0.36474174896901196,0.0841789036131403,0.9158210963868597,0.4705019743043315,Medium
ISIC_0009969.jpg,0.3020540873209635,0.7434892244684734,18.9215594999917,0.30551092801850965,0.718268688373718,0.09540444468614186,0.9045955553138582,0.680293651713965,Hard
ISIC_0009931.jpg,0.3133112589518229,0.7348160886053865,19.975615492697983,0.31701025704807784,0.7086361950432221,0.10172066736174172,0.8982793326382583,0.6771048087026987,Hard
ISIC_0014158.jpg,0.0212014617484906,0.7620250866915605,24.82176673341013,0.01861677234777198,0.7388548491415641,0.13076027300677318,0.8692397269932268,0.6044300371911979,Hard
ISIC_0013886.jpg,0.0227566662521681,0.7874967149937246,10.598583315863236,0.020205431460601782,0.7671439585952399,0.04553065120037316,0.9544693487996269,0.6459732133831158,Hard
ISIC_0012503.jpg,0.0469735078557353,0.5137825135049094,11.323580969329406,0.04494321096579849,0.4631535378381689,0.04987505666864676,0.9501249433313532,0.5290409480426908,Medium
ISIC_0014728.jpg,0.4750218448552703,0.938863206457783,11.16149810617596,0.48219946228062105,0.9352534800537418,0.04890380707407117,0.9510961929259288,0.827534925115727,Hard
ISIC_0012939.jpg,0.0159308919370472,0.3560536652809636,15.148390419092594,0.013232825258526974,0.287977903266337,0.0727944730408421,0.9272055269591579,0.4430213020568718,Easy
ISIC_0000476.jpg,0.4611906034695633,0.860147696496533,10.305382349771222,0.46807069168023147,0.8478310486889388,0.04377370223053392,0.9562262977694661,0.7908292966149466,Hard
ISIC_0014910.jpg,0.5008617859047505,0.9818205993715882,20.654345138287884,0.5085952563554009,0.9829624987143174,0.10578782091690528,0.8942121790830947,0.8333080762536603,Hard
ISIC_0010236.jpg,0.0608380635579427,0.6768847471893823,32.50031554157073,0.05910601251991208,0.6442969216102641,0.17677246252365308,0.8232275374763469,0.560624909890805,Medium
ISIC_0013411.jpg,0.3528604617799346,0.2586417865120161,14.37496274951002,0.35741021816538615,0.179791050510291,0.06815986025142921,0.9318401397485708,0.48741302365746275,Medium
ISIC_0011121.jpg,0.9407437642415364,0.3852347129688289,10.39959759546796,0.957939707070321,0.32038674035449516,0.044338268511049134,0.9556617314889508,0.702121228930511,Hard
ISIC_0008396.jpg,0.0298427215223042,0.1316253040226901,5.069059213524769,0.027443917622581006,0.03872495403085373,0.012396068443725854,0.9876039315562741,0.36801233706268266,Easy
ISIC_0000146.jpg,0.370327631632487,0.1624585925401939,21.95703323632092,0.3752531311044794,0.07296879048061557,0.1135939224532239,0.8864060775467761,0.4332429261097377,Easy
ISIC_0015157.jpg,0.3315060697803317,0.9878897784017998,11.891500326565309,0.33559646353126,0.989703004968683,0.05327820142272728,0.9467217985772727,0.8111329473723337,Hard
ISIC_0009920.jpg,0.3166160583496094,0.1455261388829151,13.149964290075047,0.32038614727148773,0.054163395350483375,0.06081929855395006,0.9391807014460499,0.4304751404641828,Easy
ISIC_0009964.jpg,0.0654487609863281,0.5605945684186615,15.752450301831594,0.0638158924545347,0.5151435923999382,0.07641418276705914,0.9235858172329409,0.5452664461051382,Medium
ISIC_0013995.jpg,0.0437807233146067,0.5079997067260367,9.218690308149158,0.04168174519420895,0.4567310801932805,0.03726191446766141,0.9627380855323386,0.530071198312183,Medium
ISIC_0010468.jpg,0.1627362569173177,0.8103484182268847,19.597395042452103,0.16319617756153365,0.7925233464497203,0.09945425589902135,0.9005457441009787,0.6729993934056141,Hard
ISIC_0013480.jpg,0.0185435279244464,0.3919105494152318,10.948821370934528,0.015901662675133068,0.32780100793436107,0.04762938367816073,0.9523706163218393,0.46842553455517144,Medium
ISIC_0000159.jpg,0.3819754959493888,0.1927065964834207,22.92241339755111,0.3871515571624638,0.10656260255082631,0.11937877269564884,0.8806212273043512,0.4476303598674694,Easy
ISIC_0012969.jpg,0.0239488031914893,0.1948375794222636,16.915969104374135,0.02142321292144199,0.10892929889570509,0.08338633974444835,0.9166136602555517,0.3697423038780856,Easy
ISIC_0015510.jpg,0.104597412859649,0.9454055321605644,10.955662957572343,0.10380668620962387,0.9425194689293669,0.047670380536921436,0.9523296194630786,0.7362748259362302,Hard
ISIC_0000092.jpg,0.0874830881754557,0.3723558053134613,9.244965626829634,0.08632420862858557,0.3060832641893878,0.037419364133340106,0.9625806358666599,0.48091758038623245,Medium
ISIC_0012360.jpg,0.0477378656914893,0.504456898951414,14.173056461495271,0.045724011200341315,0.45279639350106304,0.0669499766365838,0.9330500233634162,0.5191170683777062,Medium
ISIC_0013844.jpg,0.0488894614361702,0.4844065279965871,9.413982625564188,0.046900379369130205,0.4305282003647919,0.03843216516796835,0.9615678348320317,0.5204851171794104,Medium
ISIC_0011146.jpg,0.1351712544759114,0.1449385304219559,18.161957931489297,0.13503821362806712,0.053510790033273685,0.0908526820809336,0.9091473179190664,0.3733654306919995,Easy
ISIC_0014962.jpg,0.4691841816931483,0.1918878538821725,19.50480410263049,0.4762362228749955,0.10565329676219207,0.0988994229511484,0.9011005770488516,0.47670557639072375,Medium
ISIC_0011092.jpg,0.1131464640299479,0.1481763468146224,24.76990344329142,0.11253963934577296,0.05710674947632457,0.13044949246821946,0.8695505075317805,0.3553202872630962,Easy
ISIC_0012105.jpg,0.0296743683510638,0.4015801013468228,22.37485805329145,0.02727194294077394,0.3385401334317892,0.11609765527352865,0.8839023447264713,0.4515998597621741,Easy
ISIC_0014507.jpg,0.0625795104970233,0.4840801048562516,9.081383487944072,0.060884920401633125,0.43016567073631184,0.03643913042459819,0.9635608695754018,0.5245338027463236,Medium
ISIC_0000487.jpg,0.4058718817754308,0.2136854876558107,9.824354634754537,0.4115619874412273,0.12986202187150134,0.04089123850735009,0.9591087614926499,0.4905233721313348,Medium
ISIC_0012258.jpg,0.0534285974446587,0.1995920820040136,30.648793112846285,0.05153715849831057,0.11420970901858218,0.1656775794912392,0.8343224205087608,0.35058102041007677,Easy
ISIC_0013984.jpg,0.1507125997340425,0.3928928940097815,15.50279441285907,0.1509138748106199,0.3288920121460582,0.07491816908473409,0.925081830915266,0.49306391438142133,Medium
ISIC_0015175.jpg,0.1870228642903441,0.9470990006556512,11.30820453276929,0.18800522359479974,0.944400256252641,0.04978291640480596,0.9502170835951941,0.7573373876580742,Hard
ISIC_0000393.jpg,0.5375915809913918,0.2227195226405617,6.449947249494459,0.5461151603543828,0.1398953342871919,0.020670767687038988,0.979329232312961,0.5352521551130088,Medium
ISIC_0015411.jpg,0.1091272580514447,0.9338891200256616,16.000016098275946,0.10843397466373884,0.9297291973561032,0.07789767198207703,0.922102328017923,0.7217359874146491,Hard
ISIC_0000407.jpg,0.3184047275119357,0.3657295806253835,5.218690035731945,0.3222132931920712,0.29872409604976186,0.013292701638483449,0.9867072983615166,0.5453905161444533,Medium
ISIC_0013224.jpg,0.0252052963345577,0.4011345424339543,7.443812184894716,0.022706734977366864,0.3380452901220221,0.026626307321457605,0.9733736926785423,0.48157559223064034,Medium
ISIC_0010481.jpg,0.1275355021158854,0.5170003689612896,14.843443283434588,0.12723820562823018,0.46672732841534664,0.07096713746623277,0.9290328625337673,0.5436619846600148,Medium
ISIC_0012455.jpg,0.054423204787234,0.407652451660763,12.012768024362598,0.05255316122639767,0.3452841617535876,0.05400487418768966,0.9459951258123104,0.4823502490423431,Medium
ISIC_0011304.jpg,0.0817209879557291,0.674350107060748,31.279927069972054,0.08043815762920813,0.6414819185341347,0.16945952526918964,0.8305404747308104,0.5673914729767395,Medium
ISIC_0013355.jpg,0.0042728498920425,0.3945924276105916,10.281894194889004,0.0013240025353706392,0.330779535451721,0.04363295409428534,0.9563670459057146,0.46737128088153124,Medium
ISIC_0011296.jpg,0.1875445048014322,0.7818962757980887,11.946932087134511,0.18853808531787328,0.760924040672657,0.05361036531675031,0.9463896346832497,0.6827405097376684,Hard
ISIC_0000412.jpg,0.3843272778218839,0.5996996815429689,7.956988144484705,0.38955392912981124,0.558574220872085,0.029701413060587184,0.9702985869394128,0.6604226760600813,Hard
ISIC_0010073.jpg,0.2915153503417969,0.262016896067926,10.4913836359757,0.29474548816794366,0.183539489460194,0.044888278258510494,0.9551117217414895,0.48139127043558483,Medium
ISIC_0011149.jpg,0.5861180623372396,0.2202161442512376,9.42163894594181,0.5956855137203559,0.13711505089032952,0.03847804415799869,0.9615219558420013,0.5403000833309213,Medium
ISIC_0016028.jpg,0.0201742209022038,0.898802356539769,9.547505141898014,0.017567434123978532,0.8907613983268075,0.03923227251635082,0.9607677274836491,0.6969651224809947,Hard
ISIC_0000337.jpg,0.5380246812979864,0.1259451933684642,21.23867941280384,0.5465575772501762,0.03241655198838457,0.10928932882575158,0.8907106711742484,0.4613547500188848,Easy
ISIC_0000470.jpg,0.1737834412879661,0.7119697556693457,10.729073760709158,0.17448100221323806,0.6832627715079914,0.0463125894582913,0.9536874105417087,0.6507159528461042,Hard
ISIC_0013953.jpg,0.1551513796423834,0.1520896216158683,4.764871999204607,0.15544813904053748,0.06145288148883322,0.010573286547876466,0.9894267134521235,0.4097425370639109,Easy
ISIC_0015032.jpg,0.2297820888366412,0.453912528065394,11.462409607485007,0.23168425845637644,0.3966611820689645,0.050706959905674705,0.9492930400943252,0.5488381014746937,Medium
ISIC_0008992.jpg,0.041302878165353,0.3350936200725068,15.976166334094184,0.039150598153909935,0.2646994145092734,0.07775475697341058,0.9222452430265894,0.4384532504014931,Easy
ISIC_0014931.jpg,0.2659981301556128,0.5688529146579471,16.381641523437764,0.2686793571305092,0.5243154151785256,0.08018448708551737,0.9198155129144826,0.5988314348741064,Hard
ISIC_0014862.jpg,0.4082676481148916,0.9856175418845998,16.37493375847168,0.414009290042522,0.9871794306303181,0.08014429212673478,0.9198557078732652,0.8203235925184006,Hard
ISIC_0015937.jpg,0.0249766597041377,0.7336473036145065,22.248516268227576,0.022473180055435676,0.7073381277919812,0.11534057704123538,0.8846594229587647,0.598184344166219,Hard
ISIC_0012660.jpg,0.0597186618381076,0.4985002697509176,16.22810206346691,0.05796253091416299,0.4461808864973947,0.07926443214974746,0.9207355678502526,0.515220436075087,Medium
ISIC_0011343.jpg,0.1376787821451822,0.2332811620368815,13.04444912064896,0.1375996817006197,0.1516252232973641,0.0601870197088408,0.9398129802911592,0.42398455284600634,Easy
ISIC_0012659.jpg,0.0128173828125,0.3499088983776547,19.758653755192285,0.010052340227848108,0.281153448173285,0.10042056693476857,0.8995794330652315,0.4298272658991071,Easy
ISIC_0000044.jpg,0.5100511420387087,0.5315063029405745,20.236663117110965,0.5179822883044022,0.48283780039616314,0.10328494377223428,0.8967150562277657,0.6364809619142837,Hard
ISIC_0000197.jpg,0.3020805750911249,0.7883664264186168,22.21711101539192,0.3055379855774004,0.7681098709978559,0.11515238725675893,0.8848476127432411,0.6933251092536268,Hard
ISIC_0014929.jpg,0.0545722960537212,0.3758450281518125,15.807352932409236,0.05270545965312428,0.3099584387801695,0.0767431759539526,0.9232568240460474,0.46029962884146547,Easy
ISIC_0013226.jpg,0.0256619421806448,0.9370845997609688,7.482064064884753,0.023173203909913488,0.9332781371771758,0.026855524168996295,0.9731444758310037,0.7197051223892,Hard
ISIC_0011118.jpg,0.1470629374186197,0.6677996697749599,11.006240632110009,0.14718570318917876,0.6342069208328155,0.04797345727763015,0.9520265427223699,0.6236884840832504,Hard
ISIC_0014820.jpg,0.0474584353765137,0.8122963570250844,13.379104385294369,0.04543856995114407,0.7946867516791635,0.06219237538794012,0.9378076246120599,0.6574670117736724,Hard
ISIC_0012550.jpg,0.0428589419912376,0.4821141795314883,13.110932948049108,0.04074013507416115,0.42798228944516536,0.060585410933871764,0.9394145890661283,0.5101730557197514,Medium
ISIC_0010239.jpg,0.7393900553385416,0.1466369112606811,10.835026369301367,0.752254600195685,0.05539703306692541,0.046947489571340185,0.9530525104286598,0.5437908419257224,Medium
ISIC_0010194.jpg,0.2231076558430989,0.186045329666207,12.991862837022287,0.22486624913793013,0.0991645161836392,0.05987190677426554,0.9401280932257344,0.42492720138694523,Easy
ISIC_0011327.jpg,0.3713785807291667,0.3299708229098888,33.984171764615006,0.37632668757606397,0.2590099718115732,0.1856641783226011,0.8143358216773989,0.4827031982057349,Medium
ISIC_0001100.jpg,0.15331381338614,0.2627027764578435,9.13710373373725,0.15357104418162562,0.18430123681267313,0.03677302300943637,0.9632269769905636,0.4492426977171729,Easy
ISIC_0013063.jpg,0.1687100646617692,0.160589280124173,11.211131884242796,0.1692984902085681,0.07089270869610564,0.04920122770131559,0.9507987722986844,0.4034612763351238,Easy
ISIC_0010492.jpg,0.8121121724446615,0.2482190506911944,19.444430561784625,0.8265410710564142,0.16821542955099325,0.09853764641334053,0.9014623535866595,0.5894332633398316,Hard
ISIC_0013423.jpg,0.3345892607276119,0.1467218208450105,6.328587036015089,0.338745978198565,0.05549133471487136,0.01994354054009592,0.980056459459904,0.4499027892465562,Easy
ISIC_0014779.jpg,0.1840260365807061,0.4575561376903033,16.27261115652153,0.1849439299583427,0.4007078205587688,0.07953114411264821,0.9204688558873518,0.5286832102736663,Medium
ISIC_0013719.jpg,0.054213597074468,0.442265668533439,12.675637517425228,0.0523390445605716,0.3837260339825318,0.05797698890646842,0.9420230110935316,0.4962832286158917,Medium
ISIC_0013269.jpg,0.0280245432772933,0.9576152758683758,10.703950368062111,0.025586627837954432,0.9560797632322741,0.046162042482207184,0.9538379575177928,0.7226718473836258,Hard
ISIC_0015939.jpg,0.0269328457446808,0.7382273398442374,9.596469224270177,0.024471446374977973,0.7124247733989152,0.03952568012420944,0.9604743198757906,0.6272537829098372,Hard
ISIC_0009901.jpg,0.3247769673665364,0.7065550009335564,16.183127642924553,0.32872260877739173,0.6772490770724244,0.07899493180363942,0.9210050681963606,0.675432056892044,Hard
ISIC_0015957.jpg,0.1266360734873992,0.8707747883751338,13.086994599432662,0.12631942904058152,0.8596336300457995,0.060441965100449385,0.9395580348995506,0.7042786214933079,Hard
ISIC_0011101.jpg,0.2235959370930989,0.1489051914185779,16.43443525164677,0.22536503399587143,0.05791621342309022,0.08050084309084404,0.919499156909156,0.4013324487864085,Easy
ISIC_0013155.jpg,0.0042092752659574,0.3597006601778616,18.30123174835724,0.0012590603307692406,0.29202830148161635,0.09168725296360564,0.9083127470363943,0.4350355471380768,Easy
ISIC_0015607.jpg,0.629746823656003,0.4246208539557852,13.84341755508149,0.6402527902982166,0.3641294818910954,0.06497468049495761,0.9350253195050424,0.6329738521577571,Hard
ISIC_0014665.jpg,0.1027694744096555,0.4162331354926467,6.375406427099423,0.10193942626444798,0.3548139767001617,0.020224096508347077,0.9797759034916529,0.5103320134682552,Medium
ISIC_0010019.jpg,0.3652254740397135,0.7227354729935441,12.874245429586262,0.3700412190146632,0.6952193120211752,0.059167107654452836,0.9408328923455471,0.6998895418830773,Hard
ISIC_0012673.jpg,0.0728344414893617,0.4442435874988452,8.229817200086218,0.07136044920436961,0.3859227355612103,0.03133628737416929,0.9686637126258307,0.5112415059446173,Medium
ISIC_0014270.jpg,0.0930208944742579,0.1463338549640579,4.899493270302928,0.09198114083324099,0.055060454947768775,0.011379977967509837,0.9886200220324901,0.39103647489878923,Easy
ISIC_0007528.jpg,0.02720596340388,0.1408525690977555,8.025820883429487,0.024750439174404386,0.048972870205275465,0.030113879674842123,0.9698861203251579,0.3652368999895165,Easy
ISIC_0014805.jpg,0.0709826957486829,0.4408221737664122,9.464988136360772,0.06946886984061594,0.382122870612848,0.038737805633088984,0.9612621943669111,0.506658133733712,Medium
ISIC_0000485.jpg,0.6126237724513526,0.8925271034966307,11.77923462667031,0.6227613984771445,0.8837920236923726,0.05260547135499313,0.9473945286450068,0.8407952441219877,Hard
ISIC_0011095.jpg,0.2225583394368489,0.2401717547038943,19.614367199251998,0.2243051161727462,0.15927800182590676,0.0995559582017217,0.9004440417982783,0.43494289440294664,Easy
ISIC_0013578.jpg,0.071588762210716,0.7168261390361853,6.757182732524363,0.07008797363411232,0.6886563317069624,0.022511815732010464,0.9774881842679896,0.6351053905851094,Hard
ISIC_0013424.jpg,0.1477024168570769,0.0967571991533045,7.786808481937839,0.14783893871863488,0.0,0.028681644992341895,0.9713183550076581,0.376921158932339,Easy
ISIC_0013553.jpg,0.1393035371771759,0.4516579264991393,8.407738364079147,0.1392593874702399,0.39415719332801735,0.03240244486319977,0.9675975551368002,0.531136868496647,Medium
ISIC_0014748.jpg,0.4297304150846681,0.4516538700474546,18.9501463449955,0.43593375094296993,0.3941526881819647,0.0955757457174782,0.9044242542825218,0.583193002007411,Hard
ISIC_0014522.jpg,0.0265930267902062,0.4078976400368088,10.238923290287278,0.024124317442762434,0.345556471035289,0.043375459422356565,0.9566245405776435,0.4790722569769814,Medium
ISIC_0015958.jpg,0.0338922287904295,0.2019346875834252,3.720412865621748,0.03158053541706743,0.1168114361188923,0.004314571158065327,0.9956854288419347,0.4031096083965009,Easy
ISIC_0013680.jpg,0.0376635674931129,0.1433459188174098,4.057131494097351,0.03543300085387542,0.05174201563598197,0.006332291138020068,0.99366770886198,0.3773387545695546,Easy
ISIC_0013052.jpg,0.2485054853723404,0.1361596369431257,6.755208564942506,0.2508104212595499,0.04376084096999809,0.02249998592208362,0.9775000140779164,0.42233194663015744,Easy
ISIC_0011378.jpg,0.2068188985188802,0.6396548295103162,22.673691078458123,0.20822709801754516,0.602948908688571,0.11788835324672618,0.8821116467532738,0.6019754143434606,Hard
ISIC_0014746.jpg,0.5815278407937423,0.9344518070995214,10.986048723522918,0.5909965501353476,0.9303541246686313,0.047852461247282686,0.9521475387527173,0.8531424259647404,Hard
ISIC_0013966.jpg,0.0265141289893617,0.1998902732733961,12.17497155271212,0.024043722440627694,0.11454088397754526,0.054976846844657465,0.9450231531553426,0.3825853878055449,Easy
ISIC_0011330.jpg,0.0876007080078125,0.5475263422120096,36.95652223052699,0.08644435862691781,0.500629856680343,0.20347540233966777,0.7965245976603322,0.500646641509983,Medium
ISIC_0012478.jpg,0.1290990076827939,0.4037557508725199,7.394251010717379,0.12883534437169175,0.3409564370475283,0.026329321758703457,0.9736706782412965,0.509376148296388,Medium
ISIC_0013798.jpg,0.0043287196459544,0.4280254397732865,15.048567879684082,0.001381074125295834,0.36791065754634567,0.07219630615852193,0.9278036938414781,0.47224082439437953,Medium
ISIC_0014195.jpg,0.0182172387273603,0.4069074885386445,14.45296452280432,0.015568354544181153,0.3444567963786472,0.06862727049588266,0.9313727295041173,0.4676552625139452,Medium
ISIC_0012987.jpg,0.0247139760930007,0.4959753814369323,6.953457538835795,0.022204845754938835,0.44337671390876715,0.023687953803281495,0.9763120461967185,0.5246111131710931,Medium
ISIC_0002374.jpg,0.0516092818300159,0.8719310462035226,10.35585246611006,0.04967870687765144,0.8609177844734606,0.044076134449946736,0.9559238655500533,0.6913601434513157,Hard
ISIC_0015981.jpg,0.0381831781914893,0.7569285092892934,13.046189215788264,0.03596378910014628,0.7331945264381421,0.060197446885814916,0.939802553114185,0.6311996514402582,Hard
ISIC_0000061.jpg,0.3197849725797637,0.6993386780249868,11.665983296608244,0.3236232292485566,0.6692345384574648,0.0519268350928499,0.9480731649071501,0.6804252304126276,Hard
ISIC_0012721.jpg,0.1200063164893617,0.4232894470787123,8.699002455224354,0.11954705676036113,0.36265080473602357,0.03414778749187357,0.9658522125081265,0.512995360462344,Medium
ISIC_0011143.jpg,0.0121752421061197,0.3471407232697077,23.758469549047103,0.009396386182899192,0.2780790782238381,0.1243886743125407,0.8756113256874593,0.42004469182587073,Easy
ISIC_0012284.jpg,0.1311994680851063,0.4918249853721674,11.968397885577613,0.1309809885949313,0.4387672320507791,0.05373899488084781,0.9462610051191522,0.5394434917607478,Medium
ISIC_0016062.jpg,0.0314312937594331,0.2207051041347804,9.274906936750266,0.029066662255158655,0.13765809586177422,0.03759878152858902,0.962401218471411,0.3991703303734932,Easy
ISIC_0013794.jpg,0.041197972074468,0.8145625589018894,19.406964947924827,0.039043435387288744,0.7972036238703148,0.09831314111053498,0.901686858889465,0.644232709006261,Hard
ISIC_0000549.jpg,0.5317761994139649,0.327682545694707,10.734836679283632,0.5401746818412897,0.25646858247310167,0.04634712261139664,0.9536528773886034,0.5714096105355743,Hard
ISIC_0013465.jpg,0.0209221514443233,0.7476851395471193,20.52312439578769,0.018331453690982227,0.7229287242187,0.1050015064943092,0.8949984935056908,0.6070038258372173,Hard
ISIC_0000074.jpg,0.3710009516835614,0.5317184810265903,31.578388222235173,0.3759409352051369,0.4830734480362655,0.17124799486734626,0.8287520051326538,0.5772778148122193,Hard
ISIC_0000547.jpg,0.514293044546768,0.3288500320576646,9.540819442583162,0.5223154400276828,0.25776520745190507,0.03919220978163187,0.9608077902183682,0.5699676695641116,Medium
ISIC_0012484.jpg,0.1189998643981636,0.1692371955762833,10.88003957105505,0.11851895448665524,0.08049719192225643,0.047217222306209415,0.9527827776937906,0.3953025875833931,Easy
ISIC_0012710.jpg,0.011782579787234,0.3887904551029201,15.995859915803898,0.008995277152101267,0.324335792108356,0.07787276687821583,0.9221272331217841,0.4547276677239922,Easy
ISIC_0009583.jpg,0.0478947978681033,0.3181661083861631,3.689468004596283,0.04588431920606308,0.2458995079939656,0.0041291401807217985,0.9958708598192783,0.45838568393584933,Easy
ISIC_0015167.jpg,0.6478740580539393,0.985510590630326,20.0098113994066,0.6587699666879366,0.9870606492276347,0.10192557958923272,0.8980744204107672,0.8738427985068065,Hard
ISIC_0014625.jpg,0.2216395329558208,0.928402887627316,19.523597321239745,0.2233665448880304,0.9236361189331618,0.09901203760762647,0.9009879623923736,0.740641870632603,Hard
ISIC_0013792.jpg,0.069549560546875,0.345626655310901,19.15328703687189,0.06800490590990099,0.2763975353833536,0.09679302625403907,0.9032069737459609,0.44368268144190304,Easy
ISIC_0009874.jpg,0.1359736124674479,0.2646686349472357,11.17392946139904,0.13585783145452796,0.18648454387561925,0.04897829951877219,0.9510217004812278,0.4414158705823094,Easy
ISIC_0009885.jpg,0.0597572326660156,0.4972786540605954,15.824498438722646,0.05800193145415662,0.4448241448095884,0.07684591701942801,0.923154082980572,0.5155340698305747,Medium
ISIC_0006776.jpg,0.0676023688796506,0.1257073239862709,15.29824552662524,0.06601582744514123,0.0321523712729345,0.07369245022118333,0.9263075497788167,0.3535725477930449,Easy
ISIC_0015483.jpg,0.2978708362386729,0.421044540249776,13.737216116083248,0.3012376893946365,0.36015758309178,0.06433828931477013,0.9356617106852299,0.5468540543252015,Medium
ISIC_0014708.jpg,0.2584596825876553,0.5018545133628909,14.162611104190283,0.2609787470839807,0.4499061514685918,0.06688738489276654,0.9331126151072334,0.5717965626459636,Hard
ISIC_0013670.jpg,0.0118223347360808,0.740085734374132,17.055743120496498,0.009035887285119922,0.7144887296423343,0.08422390797251282,0.9157760920274872,0.6085760958878342,Hard
ISIC_0011326.jpg,0.2088025410970052,0.331835311887889,9.384581160506404,0.21025341150293161,0.2610806966253983,0.03825598268660222,0.9617440173133978,0.4936060375855814,Medium
ISIC_0007475.jpg,0.1289367598891408,0.2023386430892956,7.695671583935006,0.12866960640262465,0.11726007416371696,0.028135525103329773,0.9718644748966703,0.4192239974799775,Easy
ISIC_0014943.jpg,0.1566443638508162,0.9582004329392698,13.572202894915312,0.15697323941314392,0.9567296460049709,0.06334948012766167,0.9366505198723383,0.7497628502105927,Hard
ISIC_0006711.jpg,0.0353248515585695,0.1431051248880522,5.884165329585832,0.033043975890954466,0.0514745868818179,0.0172804311046378,0.9827195688953622,0.3728026778388425,Easy
ISIC_0013037.jpg,0.0305834146388123,0.4146571474039321,5.441927263201913,0.028200544076895154,0.35306366458778105,0.014630406701535799,0.9853695932984642,0.4931549595087986,Medium
ISIC_0012739.jpg,0.0134321808510638,0.339988705280793,17.700087670842045,0.010680363426215082,0.2701359574581399,0.08808501562519312,0.9119149843748069,0.42989471837099213,Easy
ISIC_0001427.jpg,0.065274595563534,0.6394804756272661,13.945657758927643,0.06363798049156943,0.6027552690820737,0.06558733475465496,0.934412665245345,0.5840560355915926,Hard
ISIC_0009599.jpg,0.0689360103450444,0.3025825696180678,5.910983732464052,0.06737815739096867,0.22859223463646317,0.01744113509527484,0.9825588649047252,0.4521770359189813,Easy
ISIC_0014838.jpg,0.4557378495883988,0.5391639372309652,8.521740940678225,0.4625006414888604,0.49134246495970335,0.03308558282206962,0.9669144171779304,0.6505821923683721,Hard
ISIC_0015947.jpg,0.0718751662234042,0.1825718903676616,11.53209647850431,0.07038053859494688,0.09530687098987273,0.05112454473795066,0.9488754552620493,0.38782429238640304,Easy
ISIC_0014800.jpg,0.2737616971124231,0.9125427363164786,10.854559917140072,0.27660992919664995,0.9060216362208013,0.04706454050473223,0.9529354594952678,0.7650885476108267,Hard
ISIC_0000085.jpg,0.1287755966186523,0.7901789387935694,22.241332907658485,0.12850497628632188,0.7701228699452699,0.1152975321695896,0.8847024678304104,0.6498212557903321,Hard
ISIC_0011137.jpg,0.3338241577148437,0.5961054822776322,11.713132206671975,0.3379644167572153,0.5545824581465433,0.05220936563860369,0.9477906343613963,0.6380508094744098,Hard
ISIC_0015109.jpg,0.3449916892317263,0.4720160362594071,8.232872380729223,0.3493721773894392,0.41676716503639194,0.0313545949416884,0.9686454050583116,0.5930758021323257,Hard
ISIC_0011127.jpg,0.1235338846842448,0.7594039531453481,15.993539817509337,0.12315050784713326,0.7359437853924434,0.07785886414671092,0.922141135853289,0.6479145386674119,Hard
ISIC_0014815.jpg,0.2175729120883973,0.9790547101073446,10.479195401681178,0.21921244535695297,0.9798906674515204,0.04481524266803021,0.9551847573319698,0.7810740433860359,Hard
ISIC_0008552.jpg,0.0400016409787439,0.6859202505007185,8.740195861140943,0.037821369547915464,0.6543318647678525,0.03439463085345583,0.9656053691465442,0.6091499674954104,Hard
ISIC_0015009.jpg,0.7970189584520582,0.6998476620396257,28.05681563642292,0.8111231810653935,0.6697998224797299,0.1501456656038226,0.8498543343961774,0.7681497412969025,Hard
ISIC_0015062.jpg,0.9581580716511808,0.7948108513897199,35.713711409603775,0.97572862042193,0.7752671300945603,0.19602810357858236,0.8039718964214176,0.8354291708908027,Hard
ISIC_0015273.jpg,0.0446116468750774,0.8802488030027489,18.164687441002645,0.04253054307467116,0.8701555893641034,0.09086903812843085,0.9091309618715692,0.6768907081693584,Hard
ISIC_0000164.jpg,0.3454699088980488,0.2916458639132306,31.807533664994533,0.3498606842250619,0.21644579228591684,0.17262110374541548,0.8273788962545845,0.4636261016597367,Easy
ISIC_0015995.jpg,0.083555352393617,0.2653156681963581,9.789216086528215,0.08231198179420413,0.18720314710692648,0.04068067768645393,0.9593193223135461,0.43122101710106275,Easy
ISIC_0015251.jpg,0.0079463702248342,0.9963008338131456,20.52598044829213,0.005076545393274612,0.9990444284666177,0.1050186208257262,0.8949813791742738,0.7141303904459615,Hard
ISIC_0015270.jpg,0.2282755423227388,0.1521408955779655,15.719939211268985,0.23014530403427086,0.06150982699340342,0.07621936646807599,0.923780633531924,0.40546347854210246,Easy
ISIC_0010205.jpg,0.0915082295735677,0.4434701197217426,39.02637900886601,0.09043593640934897,0.3850637125593912,0.215878610906437,0.784121389093563,0.45107695530884073,Easy
ISIC_0014151.jpg,0.3457687969038235,0.2807644620980756,6.039498060590454,0.35016600172701534,0.20436077112799605,0.018211231863443072,0.9817887681365569,0.5129118777307471,Medium
ISIC_0010213.jpg,0.2564493815104167,0.149726595340836,19.77342640818519,0.2589252016381344,0.058828474908174146,0.10050908914464947,0.8994909108553505,0.4030845091721759,Easy
ISIC_0010588.jpg,0.910943349202474,0.2294817534758561,14.55077778586366,0.9274982437090921,0.14740555255754925,0.06921339718591132,0.9307866028140886,0.6166120929352237,Hard
ISIC_0010003.jpg,0.0558560689290364,0.4364703134371979,26.89169763385828,0.05401684826622987,0.377289640019192,0.14316392573566447,0.8568360742643355,0.4643126940667517,Easy
ISIC_0011166.jpg,0.1013755798339843,0.7843112472658769,25.24853490355885,0.10051554708024567,0.7636061382350636,0.13331759710736177,0.8666824028926382,0.6339101830765103,Hard
ISIC_0012222.jpg,0.0322616356382978,0.3623237014325553,15.626368001917406,0.02991486594123554,0.2949414839556725,0.07565865944835466,0.9243413405516453,0.4489747792606537,Easy
ISIC_0010074.jpg,0.2362187703450521,0.2003614605200742,10.48916130324533,0.2382594019249942,0.11506419043586542,0.044874961367869566,0.9551250386321304,0.43988429017684033,Easy
ISIC_0010449.jpg,0.3140780131022135,0.325058645630389,31.61459031308741,0.31779350514531374,0.25355444619431916,0.17146492875769676,0.8285350712423032,0.4708574296988622,Medium
ISIC_0012653.jpg,0.0422770182291666,0.391376363541854,12.96055204262185,0.040145693323638806,0.3272077344120984,0.05968428301333485,0.9403157169866652,0.47003001804108185,Medium
ISIC_0013636.jpg,0.3261935745692185,0.161357835410426,11.121703723790116,0.3301696891687612,0.07174627582405266,0.04866534708510833,0.9513346529148917,0.4442080611420235,Easy
ISIC_0012204.jpg,0.0284946808510638,0.230776851987685,10.564561029655655,0.0260668787239878,0.14884390518737733,0.045326779359496534,0.9546732206405034,0.4001899089801241,Easy
ISIC_0000128.jpg,0.1517384847005208,0.5921764935190554,19.024271959857185,0.15196182798774677,0.5502188740161876,0.09601992884690576,0.9039800711530942,0.5744710315069947,Hard
ISIC_0013007.jpg,0.1329077460106383,0.4303142869766563,10.689121162137498,0.13272601395154843,0.3704526799208386,0.046073181390035314,0.9539268186099646,0.5152369619697101,Medium
ISIC_0011366.jpg,0.4048487345377604,0.1584034772401958,13.717592718409934,0.4105168308852578,0.06846512863347815,0.06422069997396265,0.9357793000260374,0.4575380141838188,Easy
ISIC_0000086.jpg,0.2349634281486562,0.6224208956615687,16.679033156587362,0.23697705557420348,0.5838086858814092,0.08196654780129625,0.9180334521987037,0.6140794465156608,Hard
ISIC_0000191.jpg,0.1308303169513278,0.1961307095864608,34.33705153100668,0.13060389650749077,0.11036546545399759,0.18777874073452844,0.8122212592654716,0.3610746010513868,Easy
ISIC_0010078.jpg,0.4688097635904948,0.1924023145940351,12.674034586424732,0.47585375051886336,0.10622466327299579,0.057967383658547235,0.9420326163414527,0.4911647186584226,Medium
ISIC_0000403.jpg,0.1295622366446036,0.6653904333110163,6.51547202150127,0.12930853803192452,0.6315311926375162,0.02106341196175188,0.9789365880382481,0.6275674173763744,Hard
ISIC_0000251.jpg,0.1071815490722656,0.1494502917609484,11.67490942764483,0.10644641078170379,0.05852160869133247,0.05198032317284639,0.9480196768271536,0.38182713306146265,Easy
ISIC_0014742.jpg,0.5845049437814883,0.4050762652155524,17.21805454452865,0.5940376947437459,0.3424230168178535,0.08519652717308165,0.9148034728269183,0.6056598459024993,Hard
ISIC_0014661.jpg,0.1654132216876137,0.4042588478163099,6.8399063121145,0.16593072756251345,0.3415151828151664,0.023007520469547692,0.9769924795304523,0.5200361228523532,Medium
ISIC_0014639.jpg,0.121788832134476,0.2542813312339326,12.27397676157304,0.1213679167930297,0.17494827425875933,0.055570116034849425,0.9444298839651506,0.43087174828956387,Easy
ISIC_0015166.jpg,0.4710499664075481,0.4777529993593951,7.416488424877135,0.47814214321029597,0.4231387081172664,0.026462575077819784,0.9735374249221802,0.6295291177722436,Hard
ISIC_0013456.jpg,0.0044925477947341,0.7132579422354857,9.046642305722624,0.0015484264451235278,0.6846934476443572,0.036230950741125346,0.9637690492588746,0.6115836529096299,Hard
ISIC_0012944.jpg,0.0689359862832874,0.4313793605613388,9.362434723671122,0.06737813281160986,0.37163556398525244,0.038123274531162016,0.961876725468838,0.5021556127110968,Medium
ISIC_0013304.jpg,0.0678050943055089,0.1224390290036701,7.47975048884403,0.0662229137765083,0.028522561926123378,0.02684166052081132,0.9731583394791887,0.3685701720322925,Easy
ISIC_0000504.jpg,0.1266917717260993,0.1374599230186591,12.913865661207574,0.12637632542576446,0.045204954973056564,0.05940452407930189,0.9405954759206981,0.3788844799179081,Easy
ISIC_0015124.jpg,0.4078396209866368,0.4861544673222193,21.44692039695242,0.4135720554561815,0.4324694836747792,0.11053717185797181,0.8894628281420282,0.587692797183667,Hard
ISIC_0014290.jpg,0.0516828875723209,0.3850228934496814,16.01286239069627,0.049753895981716485,0.3201514909432481,0.0779746508561066,0.9220253491438934,0.46320794257309106,Easy
ISIC_0015079.jpg,0.1707762247743326,0.450192471075802,12.874160308231977,0.17140909629518086,0.39252964017835285,0.05916659758152328,0.9408334024184767,0.5291558209916032,Medium
ISIC_0016053.jpg,0.0085870517933506,0.91795944616277,16.396049239749143,0.005731008912277342,0.9120375020265818,0.08027082248430002,0.9197291775156999,0.6881529651691971,Hard
ISIC_0015965.jpg,0.0319251994680851,0.8605472721567013,13.86015069928676,0.029571192561670276,0.8482748224222642,0.06507495056181814,0.9349250494381819,0.6739264944126868,Hard
ISIC_0010342.jpg,0.5053761800130209,0.246099780633465,8.225554578242168,0.5132067613517215,0.16586174167859635,0.03131074445336128,0.9686892555466388,0.5336876264506925,Medium
ISIC_0014187.jpg,0.0081618221218346,0.2308478296146339,8.34305790824061,0.005296631959855911,0.14892273382894278,0.032014859986625434,0.9679851400133745,0.39968805052622214,Easy
ISIC_0014677.jpg,0.1973876306133599,0.1760624865811536,9.542593702954893,0.19859295043874478,0.08807744560684559,0.039202841687023884,0.9607971583129761,0.421158221261966,Easy
ISIC_0015258.jpg,0.7271393401893396,0.1992291421134732,21.64130627087768,0.7397403551465993,0.11380662342991058,0.11170199087441769,0.8882980091255823,0.5413620413525678,Medium
ISIC_0000419.jpg,0.3286128573947482,0.6249163822661312,11.418375868526685,0.3326410141284062,0.5865802045632618,0.05044309640845582,0.9495569035915442,0.6501372516144467,Hard
ISIC_0015125.jpg,0.1991033139751421,0.9637604265549364,26.91558713055237,0.2003455405328325,0.9629046445598127,0.14330707883357577,0.8566929211664243,0.7350907653653818,Hard
ISIC_0015015.jpg,0.4696358272115885,0.148758464913797,8.566784121650151,0.4766975839159018,0.057753257128963176,0.03335549520149225,0.9666445047985077,0.4806012755100384,Medium
ISIC_0010192.jpg,0.1896616617838541,0.2381896470980278,17.00382268409679,0.1907007852878531,0.1570766482906655,0.08391278499613952,0.9160872150038605,0.4311363808895806,Easy
ISIC_0014548.jpg,0.1894176687227486,0.1584128698475729,12.633745077257712,0.19045154359708127,0.06847556018088433,0.0577259567199876,0.9422740432800124,0.4047990251196284,Easy
ISIC_0011139.jpg,0.3648821512858073,0.2722882125798278,10.368065359372617,0.3696905109114233,0.19494694223830525,0.044149317804430196,0.9558506821955698,0.5049491433916273,Medium
ISIC_0010237.jpg,0.0551236470540364,0.2306364951773557,13.43638387742986,0.05326867097931795,0.14868802315569596,0.06253561144899997,0.937464388551,0.4009049129999579,Easy
ISIC_0013833.jpg,0.9001705995566409,0.2173608727763268,12.887492705730274,0.9164937572543411,0.13394395062475098,0.05924648934437229,0.9407535106556277,0.6119647482929553,Hard
ISIC_0010322.jpg,0.8705088297526041,0.2557012142833924,17.430702548058356,0.8861939215797303,0.17652521415914937,0.0864707783998755,0.9135292216001245,0.6118937936186359,Hard
ISIC_0009564.jpg,0.0311517377997652,0.4301339572024232,5.511963053684111,0.02878109265847725,0.37025240341473853,0.015050082364885958,0.9849499176351141,0.5000287057028047,Medium
ISIC_0000176.jpg,0.170482231212308,0.7546561773348783,15.493186620767604,0.17110877852326128,0.7306708461060106,0.07486059628529033,0.9251394037147097,0.6588443243733679,Hard
ISIC_0015563.jpg,0.0513631828963467,0.9195145216378914,15.536339881657414,0.0494273140140719,0.9137645883283515,0.07511918369131464,0.9248808163086853,0.7015709495428984,Hard
ISIC_0015005.jpg,0.1740147514916695,0.4125933210594978,7.647261669836841,0.17471728822072774,0.3507715531978656,0.027845438239570648,0.9721545617604294,0.5242420399504785,Medium
ISIC_0010341.jpg,0.098798116048177,0.2481035141643185,22.648561914494195,0.09788263846814413,0.16808711323701767,0.11773777168716376,0.8822622283128363,0.4004972848213358,Easy
ISIC_0015264.jpg,0.0676847810302862,0.95119491099832,19.458070031409903,0.06610001239561274,0.948949225585173,0.09861937824535559,0.9013806217546444,0.711587910947098,Hard
ISIC_0012475.jpg,0.1120234119518279,0.2816040893620799,10.770668392450382,0.11139242885746167,0.20529327168469155,0.04656183708650564,0.9534381629134944,0.4436687729079651,Easy
ISIC_0014921.jpg,0.2422000044867127,0.9555050630227196,26.359410936313203,0.24436930072135743,0.9537361344130577,0.13997430266799196,0.8600256973320081,0.7435957730117653,Hard
ISIC_0014876.jpg,0.4121801456334099,0.162937167755879,11.186725009732404,0.41800595081737213,0.07350030210985765,0.04905497431886742,0.9509450256811326,0.46673236753668246,Medium
ISIC_0013395.jpg,0.031370698735955,0.4100999935512205,8.56885240355703,0.029004763748555193,0.34800243243539264,0.033367888972952356,0.9666321110270476,0.48477340277076253,Medium
ISIC_0015243.jpg,0.6618032880116661,0.4695962680699589,18.173379533460324,0.6729988337306426,0.4140797401748252,0.09092112377839584,0.9090788762216042,0.6520592111801522,Hard
ISIC_0012897.jpg,0.0109933510638297,0.4297309059687196,10.799272166869034,0.008189071022567534,0.3698047696659094,0.046733239564022006,0.953266760435978,0.4836125417745979,Medium
ISIC_0000303.jpg,0.9089978994640012,0.1531244764344154,82.1963700361545,0.925510944644391,0.06260220421305243,0.47456626898038945,0.5254337310196106,0.44032042370318236,Easy
ISIC_0012518.jpg,0.1472918446304293,0.2674633337738191,5.623896465019285,0.14741953451308107,0.18958837139922363,0.015720821258952928,0.9842791787410471,0.45718794474732616,Easy
ISIC_0014157.jpg,0.0964610541044776,0.5770772041456405,6.270365768066824,0.09549530307570774,0.533449414102195,0.01959466107319697,0.980405338926803,0.5803954600341861,Hard
ISIC_0016009.jpg,0.0561494777691598,0.1553751552886145,6.836989391791974,0.054316568738067915,0.06510183634085413,0.022990041399734,0.977009958600266,0.38157336223095173,Easy
ISIC_0014617.jpg,0.0255719681027446,0.3630395237246281,32.97398272226004,0.02308129436461793,0.2957364851597419,0.17961081969638346,0.8203891803036165,0.411201130761317,Easy
ISIC_0000276.jpg,0.4242947896321614,0.4296449675961552,12.358433785489908,0.4303811976365496,0.36970932543286295,0.05607620809567797,0.9439237919043221,0.5858523567487952,Hard
ISIC_0013600.jpg,0.1275585319737782,0.2194215112389118,3.940864219401503,0.12726173089035617,0.13623252151315268,0.005635582422405613,0.9943644175775944,0.4343359874800081,Easy
ISIC_0007344.jpg,0.0857509960002519,0.2862613378318783,11.398375210448362,0.0845548567447067,0.2104656701726161,0.05032324640906739,0.9496767535909326,0.43771184601204954,Easy
ISIC_0002459.jpg,0.0875537039661543,0.1484225326264384,7.774106745104051,0.08639634346303193,0.05738016652268641,0.028605532339158187,0.9713944676608418,0.3845392161561272,Easy
ISIC_0014982.jpg,0.381183018421829,0.1706217073564153,9.859653689418993,0.38634203234248443,0.08203484804786541,0.04110276113142477,0.9588972388685753,0.4650134809087686,Easy
ISIC_0014806.jpg,0.2056114067095744,0.4710788099679461,11.84865164995544,0.2069936313821381,0.41572626977726357,0.05302143917793626,0.9469785608220638,0.5494814120441622,Medium
ISIC_0012149.jpg,0.051971409574468,0.1574685769842492,31.875271335857267,0.050048624492905223,0.06742681669852833,0.17302700838013704,0.8269729916198629,0.3289234298695896,Easy
ISIC_0016033.jpg,0.0910907329290378,0.9084457668555918,10.014402116152786,0.09000945883206576,0.9014714906183096,0.04203006056211237,0.9579699394378877,0.7183804397586009,Hard
ISIC_0000018.jpg,0.2355719851874187,0.704815436377127,10.837038102571473,0.2375987035201943,0.6753170948860172,0.04695954448624587,0.9530404555137542,0.6630906732642694,Hard
ISIC_0000124.jpg,0.2411184310913086,0.8849055130047214,28.599295604259574,0.2432644611798438,0.8753273898229157,0.15339636983359622,0.8466036301664037,0.7072583417823686,Hard
ISIC_0010105.jpg,0.1448567708333333,0.1386477809570191,16.81145425916321,0.1449320788961368,0.04652420487867914,0.0827600551449337,0.9172399448550663,0.37587668237477906,Easy
ISIC_0000548.jpg,0.2234431474275832,0.7184029626639976,9.3091121483636,0.22520895761241588,0.6904075717795312,0.03780374951388658,0.9621962504861135,0.6692339557850562,Hard
ISIC_0013696.jpg,0.0207402026035552,0.121844098529192,9.236355955935432,0.018145590877910667,0.02786182468898301,0.03736777237834065,0.9626322276216593,0.3526024072626516,Easy
ISIC_0009165.jpg,0.0542114196398624,0.8344608824376052,8.932454994392192,0.05233682028632304,0.8193029512383533,0.03554670579580768,0.9644532942041923,0.6783640385383893,Hard
ISIC_0010606.jpg,0.1859143575032552,0.5748249343696255,27.43035959781948,0.18687287128693397,0.5309480150766965,0.14639175133012788,0.8536082486698722,0.5578603108868674,Medium
ISIC_0006800.jpg,0.0800070992903334,0.7710699834043844,8.220711676900706,0.07868740083791914,0.7489002247285078,0.031281724322096624,0.9687182756779034,0.6582833365881491,Hard
ISIC_0000252.jpg,0.2094590928819444,0.6277382620997867,37.41479904273128,0.21092408662875717,0.5897142196537937,0.2062215357642447,0.7937784642357553,0.5664391720012211,Medium
ISIC_0011390.jpg,0.7651621500651041,0.2896118206218152,6.455946226246295,0.7785810884788984,0.21418675832775103,0.020706715372221313,0.9792932846277786,0.6230726250705475,Hard
ISIC_0013047.jpg,0.0967498337765957,0.4046415299946054,16.107856170290724,0.09579029479970647,0.3419401944359136,0.07854388234747635,0.9214561176525237,0.48323329265267534,Medium
ISIC_0013652.jpg,0.0558726728723404,0.3343236137774917,10.836205706457063,0.05403380938341828,0.26384423587281963,0.04695455651667946,0.9530454434833205,0.4526120519141446,Easy
ISIC_0011129.jpg,0.4463462829589844,0.6659812607941265,26.584699768185367,0.4529070492157625,0.6321873730410487,0.14132430156584644,0.8586756984341536,0.6666382059723138,Hard
ISIC_0000538.jpg,0.1715637954548523,0.5890661772504535,16.64819904913533,0.17221360871502442,0.5467645178080079,0.08178178049290082,0.9182182195070991,0.5831355861294439,Hard
ISIC_0011298.jpg,0.0752309163411458,0.4577134827979339,26.30928666814611,0.07380847555907193,0.40088257000623084,0.1396739428755468,0.8603260571244532,0.4799192668858189,Medium
ISIC_0010229.jpg,0.1891072591145833,0.5365559838811396,13.42823385502342,0.1901344566470656,0.4884460393017869,0.06248677404692037,0.9375132259530796,0.5710416589660591,Hard
ISIC_0013329.jpg,0.0230826096868187,0.3688710631490564,9.45288787014513,0.020538386391287924,0.30221306589121644,0.03866529717397402,0.961334702826026,0.46248696894341756,Easy
ISIC_0014546.jpg,0.5826833015837246,0.1395773183076165,11.205106039127694,0.5921768664919311,0.04755656070377162,0.04916511901276486,0.9508348809872351,0.49985904925002367,Medium
ISIC_0016034.jpg,0.0271380544608418,0.9441344321737076,8.88219622775858,0.024681069415671584,0.9411077693619818,0.03524554004782511,0.9647544599521749,0.7202774360819718,Hard
ISIC_0010362.jpg,0.0509045918782552,0.4243476249672813,24.057951805748164,0.04895885806616909,0.3638260303539572,0.12618326267767907,0.8738167373223209,0.4636059847209374,Easy
ISIC_0013397.jpg,0.0872712455978534,0.1396254331426775,9.550588298667275,0.08610780902287621,0.04760999764228375,0.039250747725289616,0.9607492522747104,0.3768331896087812,Easy
ISIC_0014395.jpg,0.1543076019568589,0.4849287979647397,6.503116854397928,0.15458621052493635,0.43110823993345115,0.020989376059334024,0.979010623940666,0.5537435669838476,Medium
ISIC_0015155.jpg,0.2610385931562881,0.904620066967357,12.258788565792472,0.26361313360121597,0.8972226204011671,0.05547910376675884,0.9445208962332412,0.7553746452424053,Hard
ISIC_0014136.jpg,0.0573472939900218,0.4339126426142127,11.930096471114156,0.05554015164968375,0.3744490587654308,0.053509481207745395,0.9464905187922547,0.49493634299588235,Medium
ISIC_0000370.jpg,0.3780987433000145,0.1294314880984287,26.047886632948924,0.3831914101785449,0.03628847458531411,0.13810755471292557,0.8618924452870744,0.4119755982292379,Easy
ISIC_0012208.jpg,0.0462121010638297,0.3545021966133732,10.4248864736301,0.044165425256156424,0.2862548227301906,0.04448980712644857,0.9555101928735514,0.45997185291185827,Easy
ISIC_0000192.jpg,0.5278176513142642,0.2025868337612167,16.852033233287084,0.5361309798732887,0.1175357178328247,0.08300321664516458,0.9169967833548354,0.5019959062756445,Medium
ISIC_0012837.jpg,0.7229878488164473,0.967679789896838,13.761598309959815,0.7354995594275899,0.9672575385818395,0.06448439480338715,0.9355156051966128,0.8982083671084478,Hard
ISIC_0014217.jpg,0.3550598973618564,0.5696289625127315,9.302954927866326,0.35965696666183133,0.5251773036469367,0.037766853584265514,0.9622331464157345,0.6367667643697396,Hard
ISIC_0010020.jpg,0.4676869710286458,0.2272074499156084,8.999986399130554,0.4747068051293785,0.14487968253528355,0.0359513744214548,0.9640486255785452,0.5140455932489489,Medium
ISIC_0015390.jpg,0.7382788121489494,0.2183859267761092,29.2081399144666,0.751119452621497,0.1350823884368837,0.15704474929792245,0.8429552507020776,0.5368471562758549,Medium
ISIC_0014114.jpg,0.1884058137158309,0.1690026961461345,19.11007441166854,0.18941792218343367,0.08023675391775947,0.09653408311907255,0.9034659168809275,0.3956622530212868,Easy
ISIC_0014715.jpg,0.1357254056725515,0.5037683690171243,11.73182871250028,0.13560428538669828,0.4520317035314156,0.05232140076281376,0.9476785992371862,0.546401262492256,Medium
ISIC_0010241.jpg,0.2117703755696614,0.5281181870973446,9.072809895393036,0.21328508821760597,0.4790749165006439,0.03638775486195548,0.9636122451380446,0.5822155244529746,Hard
ISIC_0010041.jpg,0.8342119852701823,0.1678566747161183,8.404846374795046,0.8491162815538607,0.07896396816235363,0.03238511518771742,0.9676148848122825,0.5825298673377055,Hard
ISIC_0011393.jpg,0.0424906412760416,0.7872193742928824,29.059113417635096,0.04036391169898812,0.7668359405388748,0.1561517374038051,0.8438482625961949,0.6121722460489651,Hard
ISIC_0012094.jpg,0.0205222739361702,0.39023789945244,9.095954498548894,0.017922974262173402,0.3259433419338296,0.03652644433223254,0.9634735556677675,0.4720738248227938,Medium
ISIC_0012272.jpg,0.2588327891791044,0.1979217073378816,10.229800601025564,0.2613598797164807,0.11235456999102185,0.04332079350595743,0.9566792064940426,0.4451195201984438,Easy
ISIC_0000066.jpg,0.5062888373137681,0.5750256950139151,11.13916524233236,0.5141390511787469,0.5311709823630014,0.04876998179154718,0.9512300182084528,0.6739336621128458,Hard
ISIC_0015241.jpg,0.1534633875052896,0.9530175261085888,18.062599130452337,0.1537238358478461,0.9509734447569775,0.09025729405935537,0.9097427059406447,0.7372302839439782,Hard
ISIC_0013087.jpg,0.0544057513297872,0.7560918269213466,9.166954329441854,0.05253533232083722,0.7322652965198961,0.036951896817634645,0.9630481031823653,0.6431067878019956,Hard
ISIC_0013238.jpg,0.0548506091534027,0.4750081744188115,7.006826213434088,0.05298975965417457,0.4200902711561809,0.024007755061466067,0.975992244938534,0.5228808341045028,Medium
ISIC_0012740.jpg,0.0113086768617021,0.7609760660750744,15.62710508844687,0.008511179916359801,0.7376897937047109,0.07566307629402842,0.9243369237059715,0.6207216357580643,Hard
ISIC_0013311.jpg,0.0348050445193275,0.3655866123068421,23.68739184149539,0.032512987080253256,0.2985653136443479,0.12396275516661837,0.8760372448333816,0.43416740791948605,Easy
ISIC_0000015.jpg,0.2277419585290493,0.784861466692646,15.792848856725284,0.22960024211199717,0.7642172188225614,0.07665626314063194,0.9233437368593681,0.6862572559578027,Hard
ISIC_0009967.jpg,0.1793085734049479,0.5692466120020974,25.715532335573545,0.18012498759681686,0.5247526603804487,0.13611598712643933,0.8638840128735606,0.55729171555713,Medium
ISIC_0014743.jpg,0.4127154591424534,0.2584937585394181,14.07607581983183,0.41855277966357973,0.1796266487897039,0.06636883926607642,0.9336311607339236,0.5032597606886497,Medium
ISIC_0012548.jpg,0.2658249635774777,0.1184358624243047,13.663511613949304,0.268502465498739,0.024076594978837827,0.06389662962031978,0.9361033703796802,0.40439243399910796,Easy
ISIC_0013807.jpg,0.0071449721197383,0.3572763442556902,12.228804477007168,0.004257908101745044,0.28933582585112166,0.05529943002759941,0.9447005699724006,0.44744400685622515,Easy
ISIC_0000451.jpg,0.1625455220540364,0.1711099250609712,9.673625870352897,0.16300133972640032,0.08257706874603063,0.03998802611050726,0.9600119738894928,0.4097853532913348,Easy
ISIC_0012835.jpg,0.011463597074468,0.3892554393015236,19.785338909109832,0.00866943267809635,0.3248522093837843,0.10058047245728559,0.8994195275427144,0.44690507656298784,Easy
ISIC_0013075.jpg,0.0573729721456994,0.3989734401035725,4.710566236581768,0.05556638217815856,0.3356451428036204,0.010247869974499325,0.9897521300255007,0.49456289817491306,Medium
ISIC_0000057.jpg,0.1962396114053106,0.4722897721985467,11.234817378085308,0.19742023574285847,0.4170711795992562,0.04934315835236834,0.9506568416476316,0.5489134253520882,Medium
ISIC_0013573.jpg,0.1058652138493521,0.9454115366033324,9.063026191370133,0.10510175935967188,0.9425261375387175,0.03632912794495256,0.9636708720550474,0.7405707000746715,Hard
ISIC_0001103.jpg,0.1943396241454953,0.9732834184387826,17.34784880965923,0.19547937711788113,0.9734809986323831,0.08597429371134281,0.9140257062886572,0.7581712409334536,Hard
ISIC_0006021.jpg,0.0671952954678852,0.2503439343705307,7.103547214480179,0.06559999731883785,0.1705753519818638,0.02458733658677529,0.9754126634132247,0.42602457231708357,Easy
ISIC_0014480.jpg,0.1029818974823914,0.2350486779973231,7.270345678075277,0.1021564188525476,0.15358824866319054,0.02558684348707727,0.9744131565129227,0.42801900895793604,Easy
ISIC_0012298.jpg,0.0845620748522136,0.4233742229725684,5.093216221198968,0.08334036025128683,0.3627449579056552,0.012540824548432085,0.9874591754515679,0.5115437846331325,Medium
ISIC_0009966.jpg,0.2027524312337239,0.4939846908520664,17.02843688841404,0.2040731553725029,0.4411658280095375,0.08406028076156968,0.9159397192384303,0.5480635217803913,Medium
ISIC_0012134.jpg,0.804710272606383,0.1822653431824897,11.56807168545886,0.8189799460709035,0.0949664158461665,0.05134011907128595,0.948659880928714,0.5747625111812423,Hard
ISIC_0015229.jpg,0.9521736915292024,0.2290650608535777,10.252956401231248,0.9696155079708423,0.14694276851169497,0.0434595500723475,0.9565404499276525,0.6359701418720669,Hard
ISIC_0010595.jpg,0.4020601908365885,0.1842390030624583,24.876894348884274,0.40766830173560875,0.09715838723120816,0.1310906143712917,0.8689093856287082,0.4448987152964333,Easy
ISIC_0013594.jpg,0.5383761635638298,0.5007450849093059,12.999395332518835,0.5469166203877891,0.4486740063311794,0.059917043768114416,0.9400829562318855,0.6452277923105789,Hard
ISIC_0015476.jpg,0.2123401294059728,0.1545364804285344,24.834934633143884,0.21386709825036082,0.06417039353588683,0.13083917904920725,0.8691608209507927,0.38334121930972237,Easy
ISIC_0013079.jpg,0.1021326462765957,0.2003592068848699,8.0249969328729,0.10128889907365118,0.11506168752037818,0.03010894231361549,0.9698910576863845,0.4108087699667986,Easy
ISIC_0000233.jpg,0.7198837732962362,0.4473351925290533,19.661460093468637,0.7323287109311803,0.38935631083365024,0.09983815308355816,0.9001618469164419,0.6538813484870099,Hard
ISIC_0013983.jpg,0.0550949135638297,0.4607719712434981,15.237470687402688,0.053239319391824254,0.4042793655849422,0.07332826898198952,0.9266717310180105,0.49935668193823657,Medium
ISIC_0009504.jpg,0.0309116504905249,0.3621299762099162,7.941403645021171,0.028535840737718615,0.2947263302967794,0.029608026020827828,0.9703919739791722,0.46466168319585166,Easy
ISIC_0012715.jpg,0.2370487034574468,0.3913759122935143,10.200526487109,0.2391071880514665,0.3272072332500399,0.04314537415119131,0.9568546258488086,0.5255588093599657,Medium
ISIC_0013783.jpg,0.3496807788655039,0.1708354066178935,13.628198606571068,0.3541621358546838,0.0822721851244909,0.06368502338735926,0.9363149766126407,0.4491596498278916,Easy
ISIC_0010255.jpg,0.0323435465494791,0.2840175192332549,16.38179910463065,0.029998538869895827,0.20797365713058938,0.08018543135974061,0.9198145686402593,0.41262419659380045,Easy
ISIC_0009974.jpg,0.4135576883951823,0.127586869755652,12.22416239682028,0.419413126437445,0.03423981834787073,0.05527161327750144,0.9447283867224986,0.449204144301384,Easy
ISIC_0013765.jpg,0.4357608409410112,0.2221403673220441,8.145072438388693,0.44209389963612894,0.13925211713586313,0.030828471101432275,0.9691715288985677,0.5054343568778762,Medium
ISIC_0014765.jpg,0.2716081838143915,0.9869569275098496,14.883967596630326,0.27441009083621043,0.9886669690830582,0.07120997142163096,0.928790028578369,0.789145820344705,Hard
ISIC_0013258.jpg,0.042118517287234,0.4106691651456174,16.804196142911426,0.039983782806277325,0.3486345615376554,0.08271656231460128,0.9172834376853987,0.470498973506521,Medium
ISIC_0014044.jpg,0.1653168988711638,0.1572059235213706,7.35538063908334,0.1658323327084832,0.06713511047262018,0.026096398721955138,0.9739036012780449,0.40917838781348453,Easy
ISIC_0014535.jpg,0.106573135245472,0.3594010401861025,7.847297923038395,0.10582490912837027,0.29169553976568546,0.02904411603957038,0.9709558839604296,0.48296900257451714,Medium
ISIC_0010028.jpg,0.191839853922526,0.5430165585165991,11.383801347858816,0.19292583336507557,0.49562123441801864,0.050235915411477,0.949764084588523,0.5788973817144594,Hard
ISIC_0000218.jpg,0.2344171026557765,0.2029485664496648,9.07989136123752,0.236418977861091,0.11793746268773102,0.03643018914955777,0.9635698108504422,0.44352916333801995,Easy
ISIC_0014836.jpg,0.2289883116677238,0.903590927847814,18.05581413398713,0.23087340603794854,0.8960796456038576,0.0902166363060444,0.9097833636939556,0.7345743870439146,Hard
ISIC_0013159.jpg,0.1058741813654219,0.1477510375524059,7.959666028287997,0.10511091977946879,0.05663439568222171,0.029717459751197564,0.9702825402488024,0.38853037730483675,Easy
ISIC_0015171.jpg,0.884072176699104,0.9720554321701736,19.130895343437057,0.9000490349594029,0.9721171817005327,0.09665884844679085,0.9033411515532092,0.930028534463687,Hard
ISIC_0014149.jpg,0.041151800032492,0.1575511456094547,8.076581305931319,0.03899627012055393,0.06751851844794808,0.030418051496688057,0.9695819485033119,0.3761101568854769,Easy
ISIC_0000151.jpg,0.0993254979451497,0.3091561134030723,13.65064482081013,0.09842136508228778,0.23589289470524738,0.06381952789977528,0.9361804721002247,0.44662566438774953,Easy
ISIC_0010570.jpg,0.3753331502278645,0.4547539006948101,20.66684632501152,0.3803663253578279,0.39759562105034896,0.10586273181310256,0.8941372681868974,0.5670778736250106,Medium
ISIC_0014324.jpg,0.3850041564910699,0.2217378301978505,8.119901140443654,0.39024536839939905,0.1388050543634956,0.030677637062296897,0.9693223629377031,0.4923461908734441,Medium
ISIC_0010034.jpg,0.3618278503417969,0.6125012901422382,10.329703850727473,0.36657050771148847,0.5727918477372305,0.04391944402879464,0.9560805559712053,0.6553875606126862,Hard
ISIC_0012722.jpg,0.0132746010638297,0.8840869516440801,24.41063459566835,0.010519393878869208,0.8744182853223698,0.12829664474694494,0.8717033552530551,0.6574933369372344,Hard
ISIC_0011373.jpg,0.7632967631022135,0.2297748102537189,19.53152164622726,0.7766755744512946,0.1477310250859152,0.09905952256243089,0.9009404774375691,0.5685904707503389,Medium
ISIC_0010317.jpg,0.0631090799967448,0.5708197801741528,18.216175656382227,0.06142588167689942,0.5264998406580651,0.09117757110557537,0.9088224288944247,0.5440442567954995,Medium
ISIC_0009533.jpg,0.0611771451293392,0.7946636316337687,6.31614074556954,0.059452388206915244,0.7751036259895051,0.019868958599019486,0.9801310414009805,0.6679504119378741,Hard
ISIC_0000215.jpg,0.7340944002665071,0.187658834785404,30.3317697609546,0.7468450282270486,0.10095649518001738,0.16377787957228915,0.8362221204277108,0.5197715972784679,Medium
ISIC_0010233.jpg,0.3347803751627604,0.1708572323998204,21.0130452310293,0.33894120377068365,0.0822964251112918,0.1079372604867104,0.8920627395132896,0.42987582981683903,Easy
ISIC_0010176.jpg,0.080718994140625,0.6715685962673935,51.007287196326175,0.07941460953530785,0.6383927378054296,0.2876718405750275,0.7123281594249725,0.5245256033047392,Medium
ISIC_0010452.jpg,0.2729949951171875,0.7676680156770963,33.23039389833489,0.27582673437649885,0.745121956757043,0.18114731310452112,0.8188526868954789,0.6536039067103595,Hard
ISIC_0009939.jpg,0.2480392456054687,0.696048671921742,18.37212487633496,0.250334152027656,0.6655806164681098,0.09211206605283008,0.9078879339471699,0.6465765614756673,Hard
ISIC_0014586.jpg,0.2229777520576131,0.1708191365197673,16.9640302517086,0.2247335509415739,0.08225411534971033,0.08367433669215309,0.9163256633078469,0.409799016033024,Easy
ISIC_0001119.jpg,0.0551935831705729,0.2765882055450983,25.950676041619232,0.053340111518866876,0.19972256828786708,0.13752503941438948,0.8624749605856106,0.3950902913998272,Easy
ISIC_0010445.jpg,0.2402928670247396,0.3060321091015424,9.24256999217958,0.24242113808344176,0.2324233363962395,0.03740500876512075,0.9625949912348792,0.490482866011564,Medium
ISIC_0010323.jpg,0.9096514383951824,0.1932082150786176,9.298111497690034,0.9261785421057891,0.10711970644599891,0.037737830284062426,0.9622621697159376,0.611184277505425,Hard
ISIC_0000537.jpg,0.3931616862686849,0.9082961414510982,22.5701392591307,0.3985783779738595,0.9013053147698497,0.11726783938990894,0.8827321606100911,0.7691229766149366,Hard
ISIC_0011338.jpg,0.1623179117838541,0.2152044841029009,19.002844157072428,0.1627688332431412,0.13154903835280846,0.0958915269642981,0.9041084730357019,0.4097497892144043,Easy
ISIC_0014249.jpg,0.1767302171987674,0.6198267626800815,9.199044364087042,0.17749116736714027,0.5809276092976855,0.037144190022065204,0.9628558099779347,0.6137433690531364,Hard
ISIC_0012299.jpg,0.1765302526595744,0.4154005781959149,8.41753376164701,0.17728690131294575,0.35388932813767854,0.03246114185146488,0.9675388581485351,0.5245160569352951,Medium
ISIC_0016035.jpg,0.542225887766225,0.1687078093619508,10.95879078608131,0.5508491575052903,0.07990924896145062,0.047689123432451117,0.9523108765675489,0.5029847957595449,Medium
ISIC_0011109.jpg,0.619683583577474,0.1218603553080095,9.989043998499492,0.6299730759471165,0.027879879671172485,0.04187810704271628,0.9581218929572837,0.5039878833902973,Medium
ISIC_0012657.jpg,0.0251668294270833,0.4265287276512701,19.445506737433764,0.022667440593279704,0.3662483903156022,0.0985440951836953,0.9014559048163047,0.46767578296026746,Medium
ISIC_0014725.jpg,0.3061285815284882,0.9619748101679014,8.78214412303724,0.3096730702561704,0.960921516633483,0.03464599754063828,0.9653540024593618,0.7996607750782124,Hard
ISIC_0014987.jpg,0.1749892874789593,0.5335585103563795,8.286788353323765,0.17571278783079675,0.4851170076584024,0.03167767577518788,0.9683223242248121,0.5768878134997444,Hard
ISIC_0012432.jpg,0.1744609375,0.1442000338701036,20.75413995491686,0.17517307230987822,0.052690606512272135,0.10638582167593602,0.893614178324064,0.3776344730958008,Easy
ISIC_0014502.jpg,0.061076180718598,0.4863847021606657,4.589049888359273,0.059349251911452995,0.4327251853703126,0.00951970722089797,0.990480292779102,0.534595489598674,Medium
ISIC_0011328.jpg,0.2468770345052083,0.7358650813593244,15.288799667410816,0.2491469401522437,0.7098012195355801,0.07363584777257194,0.9263641522274281,0.6704346761318927,Hard
ISIC_0005247.jpg,0.0952544984042999,0.2222744547035969,13.704089303054522,0.09426279268643643,0.1394010362614136,0.06413978342032975,0.9358602165796702,0.4068771884790591,Easy
ISIC_0014253.jpg,0.0175240807898708,0.3915050329089354,12.765746477957723,0.014860285816615693,0.32735063622291,0.05851694908289965,0.9414830509171004,0.46417439376430303,Easy
ISIC_0000148.jpg,0.1476341226540977,0.2630970548769705,11.290360629708314,0.14776917541248458,0.18473912736374395,0.04967599033454515,0.9503240096654548,0.4434513481815279,Easy
ISIC_0000352.jpg,0.1092323989569752,0.1578133312888845,25.70699104611435,0.10854137729619472,0.06780970514769846,0.13606480513370428,0.8639351948662957,0.35663654458633154,Easy
ISIC_0013034.jpg,0.0751572473404255,0.3157647329778899,11.388357412420037,0.0737332218358152,0.24323251038556237,0.05026321672990051,0.9497367832700995,0.4481341837577136,Easy
ISIC_0000184.jpg,0.4106174369295289,0.1832089300870564,21.171290023883927,0.41640962607856863,0.09601437528188406,0.1088855112018909,0.8911144887981091,0.45439822771173394,Easy
ISIC_0000165.jpg,0.1140183649222609,0.7040401915321801,33.97425491947,0.11343029603740554,0.6744560982503904,0.1856047535836795,0.8143952464163204,0.5831783495552196,Hard
ISIC_0012311.jpg,0.0779745678191489,0.2238327033123548,7.778646973152686,0.07661114679147368,0.14113164668514708,0.028632738760402992,0.971367261239597,0.41558398680578623,Easy
ISIC_0010851.jpg,0.1617596944173177,0.8187078884308443,20.455266490715623,0.1621986078456511,0.8018074787701681,0.10459488137979848,0.8954051186202016,0.6746644349865506,Hard
ISIC_0012417.jpg,0.4860755092602297,0.5386447378576527,6.126069206989618,0.4934909063611756,0.49076583563213616,0.018729992386340117,0.9812700076136599,0.6631235635079293,Hard
ISIC_0014992.jpg,0.2860782594068244,0.9407197296962604,8.07855835543348,0.289191437854494,0.9373153580174728,0.030429898575953997,0.969570101424046,0.7865735381690286,Hard
ISIC_0010184.jpg,0.0940653483072916,0.7852535623109829,20.21443482618941,0.0930480623190362,0.7646526851277327,0.10315174512232378,0.8968482548776762,0.6430199788380387,Hard
ISIC_0013672.jpg,0.1960673174681368,0.3232263641306495,7.105837401880874,0.1972442355237688,0.251519491409286,0.024601060083147146,0.9753989399168529,0.4913084844155551,Medium
ISIC_0013634.jpg,0.1695473322467717,0.1363148292604881,6.146921384362999,0.17015376858234207,0.04393319950162215,0.0188549449471839,0.9811450550528161,0.40351249121472,Easy
ISIC_0014346.jpg,0.0110475372872295,0.4299938650098867,16.428258809343827,0.008244422866900782,0.37009681527089244,0.08046383197834305,0.9195361680216569,0.4719374906326621,Medium
ISIC_0015972.jpg,0.0754200982361493,0.8869141106296323,10.965998299045763,0.07400172701942266,0.8775581635051255,0.04773231303256322,0.9522676869674368,0.7028173875955087,Hard
ISIC_0014851.jpg,0.1723025982098829,0.494152419695992,7.3373741558582015,0.17296830414355985,0.441352109764597,0.025988498422121527,0.9740115015778785,0.5606869454939862,Medium
ISIC_0011159.jpg,0.6074409484863281,0.184219564360143,31.92144554362893,0.6174670847693594,0.0971367983649248,0.1733036982146177,0.8266963017853823,0.4825651961631936,Medium
ISIC_0000097.jpg,0.243467648824056,0.7297413693930662,24.482277669146438,0.24566421384923579,0.7030001483193539,0.1287259517366905,0.8712740482633095,0.6475620296822088,Hard
ISIC_0015963.jpg,0.0340469682621671,0.866343095905993,6.432309185418926,0.03173860354978509,0.8547117368775523,0.020565075066306827,0.9794349249336932,0.6926215693652598,Hard
ISIC_0011102.jpg,0.3188425699869792,0.1560581689434047,13.821441303692108,0.322660554266944,0.06586039986139175,0.06484299214224125,0.9351570078577588,0.43431425126150824,Easy
ISIC_0010447.jpg,0.4085197448730469,0.3102935828617509,75.06275576372151,0.4142668097521237,0.23715618253416243,0.4318194922073269,0.5681805077926732,0.3972923531791315,Easy
ISIC_0000247.jpg,0.1186930338541666,0.1353167577587434,7.447566890696548,0.11820552359144969,0.04282472878979682,0.026648806655544068,0.973351193344456,0.38735419008434074,Easy
ISIC_0011131.jpg,0.2275034586588541,0.8026199333084356,15.529795347992104,0.22935661177830255,0.7839399942911732,0.07507996686391259,0.9249200331360874,0.6946371622586756,Hard
ISIC_0014090.jpg,0.0113547704332969,0.9348060071591504,7.825288648135798,0.008558265024706515,0.9307475036916164,0.02891222979996334,0.9710877702000367,0.714319287302836,Hard
ISIC_0010435.jpg,0.0860277811686198,0.7882236321942794,13.946736267374124,0.08483759594651842,0.7679512819436457,0.06559379750383776,0.9344062024961622,0.6554320826377447,Hard
ISIC_0013862.jpg,0.3894256279609676,0.2608959607046497,9.061233364147968,0.39476195186232,0.1822945646047412,0.03631838478137072,0.9636816152186293,0.5088968791339967,Medium
ISIC_0016060.jpg,0.0239249623983313,0.9294491865888884,19.28440227774268,0.021398859279706778,0.9247981516659759,0.09757870847892594,0.9024212915210741,0.691116427518693,Hard
ISIC_0013150.jpg,0.0616876662234042,0.3519898099526803,8.518731911498158,0.059973891318859926,0.28346453463430715,0.03306755180809105,0.9669324481919089,0.46680564355060594,Medium
ISIC_0014745.jpg,0.2514707610123837,0.4436814300634567,22.26970996594257,0.2538394840975674,0.38529839647180275,0.1154675760953782,0.8845324239046218,0.5271655779797306,Medium
ISIC_0014948.jpg,0.729937167947003,0.9907660002849228,36.255183712172204,0.7425983680656912,0.9928973730200498,0.19927276957294857,0.8007272304270514,0.8630630718739107,Hard
ISIC_0014792.jpg,0.0425522092086509,0.916048370249223,18.647675437577742,0.04042680404334963,0.9099150371785839,0.09376324845228437,0.9062367515477157,0.6912555789239714,Hard
ISIC_0000119.jpg,0.1696367263793945,0.7282128362926451,13.707355484249822,0.17024508570693173,0.7013025403113999,0.06415935536704903,0.935840644632951,0.6506265131728257,Hard
ISIC_0003174.jpg,0.0473241186906861,0.1366936145771008,11.52279155864823,0.045301363926829874,0.04435388321897177,0.05106878684065081,0.9489312131593491,0.3611928188750683,Easy
ISIC_0016063.jpg,0.0145890707540248,0.7934179118286709,8.930151832804032,0.011862139637982601,0.7737201139698974,0.035532904554175966,0.964467095445824,0.650017063903493,Hard
ISIC_0015260.jpg,0.2011237804772384,0.5067441114897542,13.621317914083626,0.20240947007594562,0.455336600396098,0.06364379219450637,0.9363562078054937,0.5604616804093483,Medium
ISIC_0009896.jpg,0.3431816101074219,0.366264070009376,9.258043073260168,0.3475231609488557,0.2993177066547151,0.03749772815219209,0.9625022718478079,0.5434836680458327,Medium
ISIC_0013577.jpg,0.1051945165761781,0.9883839250930218,7.227717048642655,0.10441663445651063,0.9902518104737068,0.02533139983160241,0.9746686001683976,0.7633388928625495,Hard
ISIC_0001213.jpg,0.0420631819396696,0.4524475162566986,5.688658164930371,0.039927257118522484,0.395034121603278,0.016108892974610618,0.9838911070253894,0.5123573503798281,Medium
ISIC_0009987.jpg,0.2482439676920572,0.2107373932265663,15.234804243860768,0.2505432779706991,0.12658783127012618,0.0733122908448894,0.9266877091551106,0.4376116502050139,Easy
ISIC_0000034.jpg,0.2059686127810338,0.7007726724099295,18.825896801349703,0.2073585214523766,0.6708271505838027,0.09483120482929105,0.9051687951707089,0.6369795689063633,Hard
ISIC_0013319.jpg,0.0665620774725389,0.9079007213125307,9.456379944547738,0.06495315792483147,0.9008661562108669,0.03868622274119175,0.9613137772588083,0.7130445740061375,Hard
ISIC_0013360.jpg,0.0207180936085024,0.1369951794511272,7.235037200645957,0.018123006287663477,0.044688804945510634,0.025375264398942315,0.9746247356010577,0.3635249310104903,Easy
ISIC_0000250.jpg,0.3130238850911458,0.2183032222672006,15.495175068565032,0.316716701376477,0.13499053577332115,0.07487251166659291,0.9251274883334071,0.4569700105701402,Easy
ISIC_0000427.jpg,0.2753659001103154,0.6363231419832907,11.13511621637926,0.2782486408293671,0.5992486947878576,0.0487457188019944,0.9512542811980056,0.6422006365417867,Hard
ISIC_0013217.jpg,0.0092258801716661,0.7170521733736712,21.468343175217903,0.00638357937638375,0.6889073682735131,0.11066554363213854,0.8893344563678615,0.5884259018822526,Hard
ISIC_0012749.jpg,0.6021909906914894,0.381219468163968,32.74272757002525,0.6121041930898277,0.31592735917868076,0.17822506880031916,0.8217749311996808,0.5670182178638175,Medium
ISIC_0000307.jpg,0.7655254056207446,0.2273414206179976,25.79818254541021,0.7789521581661258,0.14502847207549335,0.13661125221019746,0.8633887477898026,0.5549354900981597,Medium
ISIC_0013106.jpg,0.0372290558510638,0.4117512226556931,12.535667281270342,0.03498914226284147,0.349836308162354,0.05713824486855381,0.9428617551314462,0.4786834231266581,Medium
ISIC_0005639.jpg,0.1867951559481817,0.1475218473652437,7.8657340496327715,0.18777261692989602,0.056379854189490014,0.029154590892568128,0.9708454091074319,0.40929098909587114,Easy
ISIC_0013073.jpg,0.553067652925532,0.1996283957404618,9.287691740498856,0.5619241440930768,0.11425003950915265,0.03767539194387882,0.9623246080561212,0.5229946646465726,Medium
ISIC_0014525.jpg,0.0387456862894096,0.2182081420826733,7.3063134357614015,0.03653839752861245,0.13488493852939704,0.025802373182140525,0.9741976268178595,0.40405774418016277,Easy
ISIC_0000351.jpg,0.1286895190496885,0.2636398261639632,25.866146857462287,0.12841704706928245,0.18534193595390952,0.13701851494755232,0.8629814850524476,0.40828455591724105,Easy
ISIC_0014076.jpg,0.6399343805026833,0.470027858210604,5.932189261093043,0.6506594956438349,0.41455906959118605,0.017568205043836712,0.9824317949561633,0.6723396299820903,Hard
ISIC_0001163.jpg,0.0977679555618543,0.5824411787761006,6.450694225866243,0.09683031779880205,0.5394067115167045,0.020675243795642565,0.9793247562043574,0.5827339287279074,Hard
ISIC_0015951.jpg,0.0032016289893617,0.8691230147141576,16.222794630769457,0.00022973818307905235,0.8577991495275641,0.07923262840593798,0.9207673715940621,0.6654456744147171,Hard
ISIC_0016013.jpg,0.0367741371268656,0.1579884986090742,8.436522659332514,0.03452443760497466,0.0680042481676723,0.03257492907621932,0.9674250709237807,0.3744315834916358,Easy
ISIC_0015603.jpg,0.0701153703520065,0.9648799531760336,14.29572191831801,0.06858288706988676,0.9641480048485552,0.06768502519686696,0.9323149748031331,0.7291151648879903,Hard
ISIC_0014830.jpg,0.3286256323280088,0.3266987829192223,15.782677551545843,0.3326540638682264,0.2553760032118938,0.07659531360013373,0.9234046863998663,0.5085055574917673,Medium
ISIC_0014831.jpg,0.3653287525836545,0.5204833504264531,9.235651996394482,0.3701467192235448,0.47059557125888574,0.0373635540396129,0.9626364459603871,0.617697664395576,Hard
ISIC_0000515.jpg,0.4526374488153935,0.162865246069219,8.057103859287889,0.4593335467885734,0.07342042498375165,0.0303013367386455,0.9696986632613545,0.483596088832118,Medium
ISIC_0011384.jpg,0.2599220275878906,0.2341558622119264,13.992936242298777,0.26247254915646157,0.1525966762683896,0.0658706417429014,0.9341293582570986,0.4536020831864558,Easy
ISIC_0000294.jpg,0.7353388468424479,0.2633502056260192,10.022640460342831,0.7481162445774535,0.18502027975664023,0.0420794272150631,0.9579205727849369,0.5963093735217473,Hard
ISIC_0013831.jpg,0.0399977923759013,0.4211605637678519,7.898204613226449,0.03781743815627976,0.36028644026428236,0.0293491643416819,0.9706508356583181,0.4932967281251942,Medium
ISIC_0009928.jpg,0.6059544881184896,0.1481095728656978,8.815659153798107,0.6159486485742205,0.05703258949222875,0.03484682975328166,0.9651531702467183,0.514603807526798,Medium
ISIC_0000113.jpg,0.1806818854381887,0.1316313390939822,9.349444266124785,0.18152784147951062,0.03873165665662691,0.0380454317760443,0.9619545682239556,0.3975587219109129,Easy
ISIC_0000047.jpg,0.2468145176488325,0.5396452161054406,7.139833783921222,0.2490830784714474,0.49187697930626434,0.024804776698409952,0.97519522330159,0.6003398894959241,Hard
ISIC_0014812.jpg,0.0735589047181491,0.4436857234317161,7.139399566229617,0.07210049664353384,0.3853031647403709,0.024802174734521096,0.9751978252654789,0.5134656288999494,Medium
ISIC_0013946.jpg,0.1711371343085106,0.2806478737134521,8.272299221892562,0.17177776949476536,0.2042312866076303,0.031590852512354814,0.9684091474876452,0.4635801586374193,Easy
ISIC_0013359.jpg,0.2906526280552993,0.1669029991486903,11.579245238555288,0.29386420752668724,0.0779048041312903,0.05140707438478261,0.9485929256152174,0.436635497499514,Easy
ISIC_0012445.jpg,0.0387378253133909,0.7534513692957939,11.908532068138326,0.036530367452080194,0.7293327712062041,0.053380260775430406,0.9466197392245695,0.632182609074101,Hard
ISIC_0000282.jpg,0.428235371907552,0.2436359850253949,7.133338182696981,0.43440654731040385,0.16312541941441433,0.024765853089011504,0.9752341469109885,0.5151837560122127,Medium
ISIC_0000480.jpg,0.1940809022058564,0.8907696045115125,24.14167825547168,0.1952150897099393,0.8818401233048145,0.12668497691672376,0.8733150230832762,0.7072000798285574,Hard
ISIC_0014975.jpg,0.3727168709378698,0.3478628078197719,13.624544802497486,0.3776937662661267,0.2788810343700747,0.06366312868698143,0.9363368713130186,0.5336937602741181,Medium
ISIC_0014726.jpg,0.4121259755463942,0.3630191176364454,10.042754507394994,0.417950615456539,0.29571382190259654,0.04219995667551687,0.9578000433244831,0.5580031977887424,Medium
ISIC_0000137.jpg,0.2463417053222656,0.5181354905522357,15.737431457053347,0.24860009529496957,0.46798800867294826,0.0763241853014538,0.9236758146985462,0.5726317624374129,Hard
ISIC_0012907.jpg,0.0386876578282828,0.4306758715533717,7.533885485301687,0.03647912079468158,0.3708542602809993,0.027166053811618837,0.9728339461883811,0.49795336547700353,Medium
ISIC_0013438.jpg,0.0583751166044776,0.4166573778012294,8.429932161336783,0.05659008415628762,0.3552851455221941,0.03253543681663142,0.9674645631833686,0.4948741763621286,Medium
ISIC_0010015.jpg,0.2853800455729167,0.6378601670092339,20.443315625456496,0.2884782044711554,0.6009557340346675,0.10452326817645344,0.8954767318235466,0.6259187008698972,Hard
ISIC_0014422.jpg,0.4014878043507882,0.6279373960513891,7.631038416570787,0.40708360242141756,0.5899353803148238,0.02774822359361246,0.9722517764063875,0.6780331744735195,Hard
ISIC_0010000.jpg,0.5387051900227865,0.7263502990020112,12.44651813083991,0.5472527246629167,0.699233983066011,0.05660403616488387,0.9433959638351161,0.7466953617344242,Hard
ISIC_0001190.jpg,0.0300096853775364,0.1634658690248743,5.796159891243786,0.02761447310226269,0.07408748436179226,0.01675307587011656,0.9832469241298835,0.3806750354657418,Easy
ISIC_0010367.jpg,0.1158599853515625,0.1373261509284834,12.457626163601578,0.1153115322802696,0.04505638601405892,0.056670598860695136,0.9433294011393049,0.37701572787444765,Easy
ISIC_0014166.jpg,0.0886612463053412,0.9583603810348555,8.34432839561397,0.08752771057638166,0.9569072863634613,0.032022473131669164,0.9679775268683308,0.7434369765933957,Hard
ISIC_0014814.jpg,0.1457065180243605,0.9457058570525064,13.840679100343246,0.145800105329596,0.9428530135162706,0.06495827084496417,0.9350417291550358,0.7408558369431698,Hard
ISIC_0014131.jpg,0.0158225070224719,0.1677357635704112,6.1667178820007,0.013122108833885603,0.07882968272938087,0.01897357155539251,0.9810264284446075,0.3781716502558364,Easy
ISIC_0000072.jpg,0.1231498939880644,0.4099941246887001,18.2367280219534,0.12275825697769047,0.34788485315054885,0.09130072710331755,0.9086992728966825,0.48788825101848105,Medium
ISIC_0015283.jpg,0.3854555175921337,0.970292331582704,16.54441883304421,0.39070643890471607,0.9701590601032365,0.08115989801351718,0.9188401019864828,0.8073342694627426,Hard
ISIC_0014428.jpg,0.0430601338462183,0.3924853284883431,8.001810443877435,0.0409456548454108,0.3284393647727241,0.029970001850704506,0.9700299981492955,0.4811226589726958,Medium
ISIC_0012318.jpg,0.0426183510638297,0.5710999477450356,10.703029708672789,0.040494368701708576,0.5268109982717069,0.04615652561237144,0.9538434743876285,0.5546932075197799,Medium
ISIC_0013055.jpg,0.0053730367118151,0.3750621248123167,7.67986209859407,0.002447855901866176,0.30908893652456526,0.02804078988006748,0.9719592101199325,0.464433262127269,Easy
ISIC_0000223.jpg,0.5359864869754575,0.7448247312895644,22.537608285420944,0.5444755385365878,0.7197519189779729,0.11707290394508751,0.8829270960549125,0.7330441358445554,Hard
ISIC_0014798.jpg,0.3160383401008492,0.9828572097377872,15.594127071467074,0.31979600150070925,0.9841137711717491,0.07546546203056856,0.9245345379694314,0.7971815971331779,Hard
ISIC_0012941.jpg,0.0965726751415671,0.1240350024460072,5.642463363627222,0.09560932523635378,0.030295070022576646,0.0158320797374536,0.9841679202625464,0.38047913141001033,Easy
ISIC_0013371.jpg,0.0779869416086701,0.5217275981437213,5.334330490591317,0.07662378675839547,0.47197744835931027,0.013985654259837204,0.9860143457401628,0.5530519470423799,Medium
ISIC_0015990.jpg,0.0779054188829787,0.8527627909187605,10.880873196634784,0.07654051036563418,0.8396292800498716,0.04722221764310433,0.9527777823568957,0.6884590634362707,Hard
ISIC_0011295.jpg,0.4636777242024739,0.1967715292748614,16.269805565084592,0.4706113138348762,0.11107716782693519,0.07951433215922725,0.9204856678407728,0.4842536793337636,Medium
ISIC_0010022.jpg,0.5461006164550781,0.2682019423432675,8.758088142589541,0.5548072369904857,0.19040867932837058,0.03450184682166421,0.9654981531783358,0.5527896345913872,Medium
ISIC_0013488.jpg,0.0699039035373264,0.1282944853255916,15.242950798082624,0.06836687131028199,0.0350257050635404,0.07336110746455679,0.9266388925354432,0.35542561224039176,Easy
ISIC_0010075.jpg,0.6243006388346354,0.2070063307649897,11.236117911925325,0.6346894504762435,0.12244406656447232,0.04935095154493832,0.9506490484550617,0.5403771562041213,Medium
ISIC_0014476.jpg,0.0381168900930739,0.605476961951781,9.88432589719512,0.035896075052655574,0.56499054086116,0.04125060447114393,0.9587493955288561,0.5705325235427274,Medium
ISIC_0011227.jpg,0.3507715861002604,0.131041073345049,10.109327476545031,0.35527640786826065,0.03807610012210773,0.04259888206490522,0.9574011179350947,0.4391399332931914,Easy
ISIC_0012879.jpg,0.0288670212765957,0.4273644972919792,11.076713695799455,0.026447228709277477,0.36717660654754486,0.04839575321444412,0.9516042467855559,0.4865439361712819,Medium
ISIC_0000220.jpg,0.1274530065331252,0.2720469634608535,36.17248050315519,0.12715393545089315,0.19467900794485107,0.1987771869020537,0.8012228130979463,0.3900880716249449,Easy
ISIC_0013223.jpg,0.1105994015957446,0.4199326049717783,19.04612869671462,0.10993778606057787,0.3589226538437739,0.09615090103235781,0.9038490989676422,0.4874006926913288,Medium
ISIC_0015034.jpg,0.1491519055000526,0.8326934889329479,12.717094972262796,0.1493196078757531,0.8173400618734549,0.05822541452913899,0.941774585470861,0.6938870316331216,Hard
ISIC_0008913.jpg,0.1661375520134579,0.1510456372659282,5.063932976632016,0.16667063923980757,0.060293419392691096,0.012365350480044083,0.9876346495199559,0.4114571548990129,Easy
ISIC_0000082.jpg,0.2588062286376953,0.5535467068670483,13.183238620910306,0.26133274782093163,0.5073161490781856,0.06101868841975545,0.9389813115802446,0.5969031056395927,Hard
ISIC_0000101.jpg,0.3898883323414666,0.5574501236993801,30.843957169823824,0.3952346096567694,0.5116513327069359,0.16684706161616755,0.8331529383838324,0.595072713931308,Hard
ISIC_0014791.jpg,0.6252626880547075,0.3646603535642719,12.315597444078756,0.635672194711387,0.29753659908239877,0.05581951976713275,0.9441804802328673,0.6083958563923098,Hard
ISIC_0000264.jpg,0.4820289611816406,0.2516886544565481,17.941027484299845,0.4893573114125029,0.17206881495355258,0.0895287999438133,0.9104712000561868,0.5098317738542121,Medium
ISIC_0014360.jpg,0.0431295724677175,0.4986626586158197,9.039730321973606,0.04101658718811312,0.4463612376048613,0.03618953204155812,0.9638104679584418,0.5261323056244274,Medium
ISIC_0014785.jpg,0.2132098055044471,0.5744254580567036,9.820548993192666,0.21475548228974883,0.5305043516796676,0.04086843395076617,0.9591315660492339,0.6015866593615361,Hard
ISIC_0010483.jpg,0.1226399739583333,0.7542872407740046,22.05268141986895,0.12223736785980842,0.7302611005401516,0.11416707533123646,0.8858329246687635,0.63270530581508,Hard
ISIC_0000142.jpg,0.3623377482096354,0.116286619142256,16.04654978717307,0.36709137419074483,0.021689618468062995,0.07817651593631204,0.921823484063688,0.42308691035720214,Easy
ISIC_0013835.jpg,0.0988047713504108,0.1733989154343684,7.217874140574942,0.09788943693517363,0.08511925012694933,0.02527241814603606,0.9747275818539639,0.3996747129334605,Easy
ISIC_0013972.jpg,0.1204282692489099,0.2522179569497662,6.094124440219266,0.11997808630988649,0.17265666493264,0.018538569671002578,0.9814614303289975,0.4425686881656767,Easy
ISIC_0009909.jpg,0.2045745849609375,0.1696029794232499,14.092975756859913,0.20593450615747652,0.0809034360445588,0.06647010880603599,0.933529891193964,0.41058046287508004,Easy
ISIC_0011367.jpg,0.0529925028483072,0.118694544062588,11.353004752223445,0.051091682901428355,0.024363890046598797,0.050051372885245554,0.9499486271147545,0.35500049623416063,Easy
ISIC_0012333.jpg,0.0178359375,0.4793933113707662,16.75852460066543,0.01517885099776862,0.42496045918388015,0.08244288460415715,0.9175571153958428,0.4949238868115392,Medium
ISIC_0000055.jpg,0.4219047405913725,0.6706204243242835,57.32103281528051,0.42793973532096286,0.6373396861684729,0.3255057161208793,0.6744942838791207,0.5979938076553222,Hard
ISIC_0010562.jpg,0.1307398478190104,0.1254588891199626,13.610788866248845,0.13051148125846984,0.031876456398481516,0.06358069895169317,0.9364193010483068,0.37312520824091744,Easy
ISIC_0013024.jpg,0.1374361702127659,0.1339462821596205,31.18687783370333,0.1373518508485337,0.04130266142263577,0.16890194607023382,0.8310980539297662,0.3417433461566059,Easy
ISIC_0015369.jpg,0.0975610385854746,0.1039777054008757,15.286545610160765,0.09661894975083955,0.008019184683655962,0.07362234077900293,0.9263776592209971,0.3515945920385213,Easy
ISIC_0010023.jpg,0.2889124552408854,0.2892997917850827,13.125315792488548,0.2920866011778243,0.21384021519315768,0.06067159729286658,0.9393284027071335,0.48732267731921586,Medium
ISIC_0013001.jpg,0.0141119807608917,0.1218953451159688,5.199051430895755,0.011374786776388793,0.02791873979017948,0.013175021171751308,0.9868249788282487,0.35939993520005603,Easy
ISIC_0012173.jpg,0.077768284574468,0.4553965852429701,11.492403961095222,0.07640042610765911,0.3983093945598949,0.05088669515477318,0.9491133048452268,0.5106135210467021,Medium
ISIC_0015013.jpg,0.524590050609831,0.9899066362166926,10.716993018600212,0.5328339489943601,0.991942952521355,0.046240197993535535,0.9537598020064645,0.8638015989593946,Hard
ISIC_0010017.jpg,0.4219385782877604,0.1390699995863817,15.656732570296066,0.42797430091320277,0.04699312617722073,0.0758406131364464,0.9241593868635536,0.4492466111014327,Easy
ISIC_0013230.jpg,0.0350659906914893,0.8105112704754683,13.363219659250978,0.03277954656704913,0.7927042121969081,0.0620971892996059,0.937902810700394,0.6535425552656634,Hard
ISIC_0000288.jpg,0.7910029093424479,0.2922738440473909,8.876370301258106,0.8049777183827598,0.21714323488908502,0.03521062933214843,0.9647893706678515,0.6257780032850719,Hard
ISIC_0011224.jpg,0.2441584269205729,0.2634849901467661,8.979722188791678,0.24636985154214358,0.18516997313371208,0.03582994513711772,0.9641700548628823,0.4731199713410295,Medium
ISIC_0014783.jpg,0.2706141468552204,0.5040097255935456,16.963944458706905,0.27339467076126683,0.4522997571684564,0.08367382259450888,0.9163261774054912,0.5699827326496212,Medium
ISIC_0013164.jpg,0.0109280252659574,0.9150662024590211,15.359221381070467,0.0081223399760413,0.9088242293280102,0.07405783600445863,0.9259421639955414,0.6896400341236539,Hard
ISIC_0010104.jpg,0.0527369181315104,0.6723569365358117,25.73477587045302,0.05083060020234979,0.6392682783823989,0.13623130021436397,0.863768699785636,0.5707340063285196,Medium
ISIC_0012526.jpg,0.0505880828913717,0.4248533160125078,9.130893131942726,0.04863554053132657,0.3643876571631448,0.03673580720291837,0.9632641927970816,0.49505641547706813,Medium
ISIC_0012511.jpg,0.0527096456796075,0.4103556492359035,10.252226852044002,0.050802741082123286,0.3482863668411816,0.04345517839271062,0.9565448216072894,0.4868059195695547,Medium
ISIC_0014834.jpg,0.1957998838709804,0.4496294813306818,6.780443039306114,0.19697104905845525,0.39190437671533157,0.02265119853344883,0.9773488014665511,0.5480765934640393,Medium
ISIC_0010173.jpg,0.1126988728841145,0.1558927723559915,15.206747053362331,0.11208241989266005,0.06567670833962912,0.07314416366372813,0.9268558363362719,0.3786908310267118,Easy
ISIC_0014328.jpg,0.0878152087613198,0.3724541494540268,4.237466039271727,0.08666347358958827,0.3061924864237727,0.007412910337859657,0.9925870896621404,0.49154834434865524,Medium
ISIC_0000336.jpg,0.1371414602346805,0.1902802141268014,21.60495053226902,0.1370508012494487,0.10386783191234933,0.11148413628018629,0.8885158637198137,0.3867903853792367,Easy
ISIC_0000170.jpg,0.3852229865788962,0.2650693495870652,14.38347113051502,0.39046890582638344,0.1869295825740233,0.06821084504674207,0.931789154953258,0.49851526371984545,Medium
ISIC_0013405.jpg,0.0507644635407932,0.4023160237688628,5.725032612709634,0.04881571537352109,0.3393574580919772,0.01632685967985739,0.9836731403201426,0.4922325111922211,Medium
ISIC_0014769.jpg,0.4252065409995272,0.4083897541952602,14.621383079406868,0.4313125620423082,0.34610301918395814,0.06963648548404813,0.9303635145159519,0.5718965782647434,Hard
ISIC_0012930.jpg,0.0541108710106383,0.5335458499477945,11.834133094020526,0.05223410871641587,0.4851029468500418,0.052934439594567236,0.9470655604054328,0.5385726520610221,Medium
ISIC_0014059.jpg,0.0384945444826429,0.7324659196827845,6.16145724330647,0.036281853312730226,0.7060260679992252,0.01894204821541953,0.9810579517845804,0.6348511736524758,Hard
ISIC_0015401.jpg,0.2306619770932269,0.470094227825682,17.16783364878811,0.23258307433158215,0.41463278051704705,0.08489558835895766,0.9151044116410423,0.5442854248640792,Medium
ISIC_0002488.jpg,0.0502607775363231,0.6347794960191218,5.183585596605217,0.04830119438344287,0.5975343022441195,0.013082345209640259,0.9869176547903598,0.5965101986701344,Hard
ISIC_0000392.jpg,0.2781444125705295,0.1647957895746736,4.749038588702584,0.2810869229521314,0.07556451078317611,0.010478407957804423,0.9895215920421956,0.44683009226607173,Easy
ISIC_0004346.jpg,0.0397974193725893,0.1457107987423398,6.038663836265609,0.037612754851335646,0.054368480903436496,0.018206232938686152,0.9817937670613138,0.3747783995456684,Easy
ISIC_0011097.jpg,0.1308924357096354,0.6435069452766915,17.437869931552033,0.1306673515265765,0.6072271167108655,0.08651372753204754,0.9134862724679524,0.5952778799297737,Hard
ISIC_0013782.jpg,0.0585628324468085,0.4491705538116229,9.485669514929835,0.056781838027136336,0.3913946860640724,0.038861734715779556,0.9611382652842204,0.5071517267818901,Medium
ISIC_0010011.jpg,0.2573331197102864,0.1687125731508911,10.220072822195938,0.25982795027425193,0.07991453968511965,0.04326250170964673,0.9567374982903533,0.43178092784423444,Easy
ISIC_0014386.jpg,0.2805296561871122,0.158281205300964,14.64476448300442,0.2835234764721622,0.06832933188617137,0.06977659393427481,0.9302234060657252,0.4237907939955129,Easy
ISIC_0000314.jpg,0.3300648268868608,0.6837688114738182,31.99497714216913,0.33412421750117227,0.6519424496353413,0.17374432181837926,0.8262556781816207,0.6334975215929969,Hard
ISIC_0000505.jpg,0.1511116116129697,0.8062880838241867,22.31811342291352,0.15132146998931578,0.7880138882017492,0.11575762426607582,0.8842423757339242,0.6625207542849021,Hard
ISIC_0000433.jpg,0.5744620429144965,0.2940747523242135,11.550812339447369,0.5837787571288756,0.21914334617976122,0.051236695843869064,0.948763304156131,0.5656691842087692,Medium
ISIC_0013121.jpg,0.0245493683510638,0.4696481433980526,10.276363498565342,0.02203669707182223,0.4141373535640039,0.04359981248722357,0.9564001875127764,0.5059041813230288,Medium
ISIC_0014511.jpg,0.0152159017063558,0.2002241829430214,8.251388925639494,0.012502454594806393,0.11491172823923186,0.031465551685585604,0.9685344483144144,0.38807736185443936,Easy
ISIC_0012676.jpg,0.0148439162234042,0.3808546113617539,13.958568959198232,0.012122467187404954,0.3155221446438928,0.06566470257617735,0.9343352974238226,0.4562568287527462,Easy
ISIC_0000205.jpg,0.6826940297926352,0.1646466891559598,10.35344166638308,0.6943389643858924,0.0753989179904992,0.044061688207994464,0.9559383117920055,0.5383227174198747,Medium
ISIC_0000313.jpg,0.2276410618571635,0.170510926964624,28.581048912403464,0.2294971750125472,0.08191181395709082,0.15328703013091086,0.8467129698690892,0.3864885587901543,Easy
ISIC_0010009.jpg,0.0628649393717448,0.5340935484266461,14.901534012567751,0.061176489247928775,0.4857112276412046,0.07131523470502459,0.9286847652949755,0.5346182812217054,Medium
ISIC_0012143.jpg,0.1868892952127659,0.4971250131043482,13.582590903119542,0.18786878126082687,0.44465350923905145,0.06341172821830192,0.9365882717816981,0.5526344941344217,Medium
ISIC_0000073.jpg,0.343955788812998,0.4045061813944692,19.857994212509432,0.34831399331377233,0.3417898745852062,0.10101584503522322,0.8989841549647768,0.5384389024001974,Medium
ISIC_0013671.jpg,0.1549531846124014,0.4080785630600818,20.66838347444671,0.15524568056015503,0.3457574064112039,0.10587194287796582,0.8941280571220341,0.4900592026972323,Medium
ISIC_0009188.jpg,0.0354127143426127,0.1927988552301497,5.236946748453228,0.03313372872552944,0.10666506627058991,0.013402101389227254,0.9865978986107727,0.39625872320338873,Easy
ISIC_0014581.jpg,0.2428644478242016,0.2782608401715628,21.89721922082142,0.24504803715798987,0.20158021725568132,0.11323549876071527,0.8867645012392847,0.45226167162551967,Easy
ISIC_0012508.jpg,0.0563956245807479,0.4497647700356392,12.5054502411978,0.05456801050948688,0.39205463004570307,0.056957175214743784,0.9430428247852563,0.5005288433204926,Medium
ISIC_0014788.jpg,0.1122279008152187,0.8988307875371823,10.678933273937322,0.11160131656035208,0.8907929741486653,0.046012132479055536,0.9539878675209444,0.7181132724318846,Hard
ISIC_0000219.jpg,0.3734954996082592,0.308422875780132,23.11267621202508,0.378489144320781,0.2350785518165696,0.12051888509140352,0.8794811149085965,0.49647209702483186,Medium
ISIC_0015019.jpg,0.4787675032781583,0.9695870400037248,10.538868916313076,0.4860256950191437,0.9693757544410381,0.04517282443679661,0.9548271755632034,0.8434462369783223,Hard
ISIC_0015043.jpg,0.335283639076275,0.4165139648457412,15.458041337108131,0.3394552935900436,0.3551258692974175,0.07464999510363925,0.9253500048963608,0.5507866728302042,Medium
ISIC_0002107.jpg,0.1342727098555471,0.1346331098605279,5.407989675406242,0.13412034006478302,0.04206546087056643,0.01442704239918994,0.9855729576008101,0.39530680452470585,Easy
ISIC_0013567.jpg,0.0413877111982223,0.1436649939164457,6.702771555068675,0.039237256063154737,0.052096384437751976,0.02218576748103536,0.9778142325189646,0.37288284917252706,Easy
ISIC_0000481.jpg,0.6889522656905072,0.3369272903268802,10.565586096515036,0.7007318236310162,0.26673591166259875,0.04533292187050736,0.9546670781294926,0.616010797918116,Hard
ISIC_0012447.jpg,0.1535164561170212,0.1351871450464248,21.20089803094088,0.15377804603913173,0.042680779287948216,0.1090629313454568,0.8909370686545433,0.36734479725405234,Easy
ISIC_0000545.jpg,0.3948191933240612,0.1893265433854019,9.039593376084287,0.40027154030837986,0.10280867324113367,0.03618871142032223,0.9638112885796778,0.4785253053764357,Medium
ISIC_0009971.jpg,0.0313618977864583,0.6476770491164336,16.03799544222841,0.028995773478409738,0.6118584862706057,0.0781252557111549,0.9218747442888451,0.5746484983789404,Hard
ISIC_0014263.jpg,0.0276884046673234,0.3679651083110011,7.017342149835695,0.025243258419566126,0.3012069010999512,0.02407076973660155,0.9759292302633984,0.4683688056370614,Medium
ISIC_0001133.jpg,0.2424062093098958,0.1717012585146776,7.521385947332691,0.24457994129671884,0.08323381108684515,0.027091152795258606,0.9729088472047414,0.4349566062805772,Easy
ISIC_0007087.jpg,0.1161941242546401,0.5859486008572805,7.451772715659951,0.11565285897529262,0.5433020984145381,0.026674009232245183,0.9733259907677548,0.5868981508783526,Hard
ISIC_0011081.jpg,0.335272471110026,0.1552914118729851,26.55718691859723,0.3394438853853276,0.065008829854474,0.14115943624024566,0.8588405637597544,0.41145870060403555,Easy
ISIC_0014773.jpg,0.2032094201032508,0.9553764808383444,9.81100068890876,0.20453997470739996,0.9535933294284514,0.040811217620278166,0.9591887823797218,0.7682883992811332,Hard
ISIC_0014724.jpg,0.701061987931347,0.4854304816363091,9.78241396773008,0.7131020428184327,0.43166541610325815,0.04063991733093941,0.9593600826690606,0.6867177060800826,Hard
ISIC_0014863.jpg,0.1795062155025245,0.1524592795085366,11.17366693854769,0.1803268812504498,0.06186342817481874,0.048976726402355196,0.9510232735976448,0.4026852373417156,Easy
ISIC_0000019.jpg,0.3215069822663626,0.2767296671871964,12.58072281156475,0.32538228175549544,0.1998796773595502,0.057408231248856106,0.9425917687511439,0.49120456044559435,Medium
ISIC_0005187.jpg,0.0565727158919123,0.9479714153745606,11.572136204189098,0.05474891130074555,0.9453691709674545,0.05136447489825054,0.9486355251017494,0.7238573299977805,Hard
ISIC_0010168.jpg,0.2480646769205729,0.6858682451453098,22.985458989475145,0.25036013040567384,0.654274106968709,0.119756560972612,0.880243439027388,0.6323848790484878,Hard
ISIC_0012658.jpg,0.0989990234375,0.3825260774430596,14.587384989793218,0.09808786765448464,0.3173784958108163,0.06943275863648904,0.930567241363511,0.47717189971517654,Medium
ISIC_0000048.jpg,0.1274281278857207,0.6554712442045147,20.02784802394761,0.12712852162922497,0.6205148169666411,0.10203366050495778,0.8979663394950422,0.5942762760172274,Hard
ISIC_0014698.jpg,0.0956195387145115,0.9333744844605788,12.698052386800065,0.09463568552078494,0.9291576366511228,0.0581113055909668,0.9418886944090332,0.7249830190838069,Hard
ISIC_0008256.jpg,0.0435461223115462,0.3794675961523491,6.484883336594116,0.04144209759769687,0.3139817081783751,0.02088011529955911,0.9791198847004409,0.4786451673159286,Medium
ISIC_0012109.jpg,0.0215118018617021,0.4182283954859044,16.455549193210942,0.01893378830790086,0.3570299374415884,0.08062736422198101,0.919372635778019,0.4693258445759172,Medium
ISIC_0009990.jpg,0.972052256266276,0.1870817508798565,7.013589344279844,0.989921688248004,0.10031557856588007,0.02404828178936439,0.9759517182106356,0.6291897548620755,Hard
ISIC_0013071.jpg,0.0388791641159065,0.3859527340804838,4.015767079502674,0.036674746648566514,0.3211841835951352,0.0060844230406574135,0.9939155769593426,0.4855128120359656,Medium
ISIC_0010058.jpg,0.2648544311523437,0.1587404347120216,7.206472598247801,0.26751105557300897,0.06883935782246581,0.025204096652034016,0.974795903347966,0.4355920731940266,Easy
ISIC_0001204.jpg,0.0998749422608549,0.1928458317529622,11.936630366616232,0.09898262870843699,0.10671723898526017,0.053548634288052115,0.9464513657119479,0.39869053077039507,Easy
ISIC_0000242.jpg,0.3619016011555989,0.7507798821180696,9.047487908206522,0.36664584500773995,0.7263657840831894,0.03623601784725661,0.9637639821527434,0.7195251686386709,Hard
ISIC_0010597.jpg,0.3338979085286458,0.2337324325905181,12.939206120835074,0.33803975405346687,0.152126410026913,0.0595563717864606,0.9404436282135394,0.4745157723988707,Medium
ISIC_0016008.jpg,0.158258397487632,0.2830333395576471,7.049777838817391,0.15862199315548325,0.20688061485488268,0.024265134206480316,0.9757348657935196,0.46391494725855575,Easy
ISIC_0000500.jpg,0.2120433410489011,0.2527820496787915,8.90321807417901,0.21356392556347054,0.17328315338340247,0.035371509316974456,0.9646284906830256,0.4603242144832876,Easy
ISIC_0008626.jpg,0.1002525011005366,0.918814938109474,5.175545110127055,0.09936830936321354,0.912987622098607,0.013034164180010296,0.9869658358199898,0.7354751687172426,Hard
ISIC_0012956.jpg,0.019542309936486,0.362367143810001,9.034876177540816,0.016921929875623527,0.2949897316042292,0.03616044453828583,0.9638395554617142,0.4595702195221975,Easy
ISIC_0013364.jpg,0.0264440776716837,0.4049952920913185,8.139202173990265,0.023972164221800693,0.34233308705179827,0.03079329469964557,0.9692067053003545,0.48214862273129355,Medium
ISIC_0010257.jpg,0.7095133463541666,0.1549462693973553,6.642459709149946,0.7217352017004027,0.0646255102977351,0.021824360637912075,0.978175639362088,0.5486454783209255,Medium
ISIC_0012464.jpg,0.0280023523970736,0.1545426153329527,21.500699177166336,0.02556395960107666,0.06417720703758047,0.11085943059318483,0.8891405694068152,0.3432610720076867,Easy
ISIC_0008507.jpg,0.0495123574543015,0.1277420596484372,4.448210326160578,0.04753667474585378,0.034412174186728976,0.008675753918097629,0.9913242460819024,0.37261252448982085,Easy
ISIC_0012191.jpg,0.0367697805851063,0.183058720470056,23.010680315189,0.0345199873479506,0.09584755059969606,0.11990769479328649,0.8800923052067136,0.3550013238992158,Easy
ISIC_0009953.jpg,0.3777313232421875,0.251260753579457,17.588606469060792,0.38281608640490417,0.17159358287950707,0.08741698650770192,0.9125830134922981,0.4837455094753332,Medium
ISIC_0010358.jpg,0.1890309651692708,0.1726394043385655,16.824417911948824,0.19005652151301228,0.08427572759020505,0.08283773727780872,0.9171622627221913,0.402231213367102,Easy
ISIC_0013637.jpg,0.0647994992558276,0.4134843435337437,5.822986363792645,0.06315266420234521,0.35176113391883923,0.01691382821666356,0.9830861717833365,0.5005727797422898,Medium
ISIC_0000378.jpg,0.3499195329933354,0.1773226732027869,5.462662962341716,0.3544060259154496,0.08947702465411106,0.014754661289534463,0.9852453387104655,0.46922818488916973,Medium
ISIC_0011323.jpg,0.1391105651855468,0.73976986908926,14.994379092238797,0.13906226438302044,0.7141379257003813,0.07187159053582867,0.9281284094641713,0.6452656796883676,Hard
ISIC_0014197.jpg,0.143874612846931,0.418289199779958,8.94545678763967,0.14392879332716696,0.35709746745220766,0.03562461647787907,0.9643753835221209,0.5163525695454172,Medium
ISIC_0013187.jpg,0.099821642287234,0.458352014983385,10.812492818856272,0.09892818217834645,0.4015917318497392,0.04681246171393229,0.9531875382860677,0.518984376684606,Medium
ISIC_0014027.jpg,0.1322153933632399,0.1690973433397417,10.63822653658492,0.13201876783698252,0.08034187027654402,0.045768205382872726,0.9542317946171273,0.3991225681858578,Easy
ISIC_0000022.jpg,0.4090509158924297,0.2806936939765743,8.57832123173469,0.41480940699796387,0.204282175165805,0.033424629058546436,0.9665753709414535,0.5237166016453216,Medium
ISIC_0012677.jpg,0.0103191489361702,0.3881997114480453,15.867792086225435,0.0075003658706323416,0.32367970480551184,0.07710534566454624,0.9228946543354537,0.45436010240727154,Easy
ISIC_0014912.jpg,0.4024168201753767,0.9953924458950176,20.673612293428903,0.4080326026668552,0.9980355614661466,0.1059032755445893,0.8940967244554107,0.8141562288125662,Hard
ISIC_0014077.jpg,0.3497403093818128,0.1557443728571491,8.154950384932244,0.35422294695509016,0.0655118939973412,0.03088766274815547,0.9691123372518445,0.4539498123758546,Easy
ISIC_0002438.jpg,0.0739439969660703,0.8332844814502818,31.60912326720117,0.07249387276062551,0.8179964255660633,0.17143216856332932,0.8285678314366707,0.6353207794194164,Hard
ISIC_0013685.jpg,0.4363716755319149,0.2836990500410308,13.17008699613384,0.4427178741275712,0.20761996125651422,0.060939879901793496,0.9390601200982065,0.5223984950688707,Medium
ISIC_0010475.jpg,0.1573359171549479,0.7515704991320952,10.660476058199125,0.15767966898945912,0.7272438532423491,0.045901531253522226,0.9540984687464777,0.6642519226055716,Hard
ISIC_0001148.jpg,0.2875158521864149,0.7079233703264478,9.323573214386236,0.2906599552516815,0.6787688052605622,0.03789040460029334,0.9621095953997066,0.6809108693070425,Hard
ISIC_0000341.jpg,0.2325030783717224,0.2660920511352043,26.14278269307017,0.23446378025598516,0.1880654077238938,0.13867620063962252,0.8613237993603775,0.4353054379296859,Easy
ISIC_0012160.jpg,0.0182564827127659,0.5323528956916217,10.836084635495071,0.015608442722225224,0.4837780369100191,0.04695383102281501,0.953046168977185,0.5309794845865787,Medium
ISIC_0011083.jpg,0.0304972330729166,0.460183876924901,31.591799057231057,0.028112508625805346,0.4036262206681539,0.17132835665143162,0.8286716433485684,0.4585136905957118,Easy
ISIC_0001267.jpg,0.0574770224447803,0.7889200669530462,9.79094361552138,0.05567267074370519,0.7687247511103744,0.040691029563275354,0.9593089704367247,0.6571662077829297,Hard
ISIC_0012741.jpg,0.0318174867021276,0.3692146864499022,9.069889901812928,0.02946116274449713,0.30259469823341084,0.036370257376251776,0.9636297426237482,0.4656735798978005,Easy
ISIC_0012334.jpg,0.0464049202127659,0.4207184930630843,14.70042078150824,0.04436239221282433,0.359795471002126,0.07011010332759196,0.9298898966724081,0.48047025028939927,Medium
ISIC_0010060.jpg,0.0527458190917968,0.2320839631283886,16.348910330034734,0.05083969263465595,0.15029559919330557,0.07998835186366747,0.9200116481363325,0.39483223968370257,Easy
ISIC_0013739.jpg,0.0704865359042553,0.2346113837541718,10.72104468770452,0.06896203690873703,0.15310258419913592,0.046264476821650684,0.9537355231783493,0.41228897601926084,Easy
ISIC_0000179.jpg,0.4123795310311722,0.8338349038925175,17.267701046854796,0.41820962527199934,0.8186077316250813,0.08549402404794076,0.9145059759520593,0.7520725905512531,Hard
ISIC_0013472.jpg,0.0555965072373385,0.9365170650588166,8.32086547788661,0.053751703041995814,0.9326478260279439,0.03188187622409427,0.9681181237759058,0.7253383994932436,Hard
ISIC_0000415.jpg,0.5082842508951823,0.9307382727748402,9.873087652916816,0.516177388878054,0.9262298269313736,0.04118326150849703,0.958816738491503,0.8351221364640888,Hard
ISIC_0000449.jpg,0.0348791899504484,0.5595843763740016,14.19961050210607,0.0325887274825903,0.5140216604613276,0.06710909648846576,0.9328909035115343,0.5402676622842156,Medium
ISIC_0012737.jpg,0.0609375,0.3681004996866193,11.11019871275253,0.05920758797796159,0.30135726845764466,0.04859640557526305,0.951403594424737,0.4683360624262062,Medium
ISIC_0014150.jpg,0.0788455075832215,0.4617458888092089,9.47179396329257,0.07750082167966234,0.40536101063285257,0.03877858820886322,0.9612214117911367,0.5179471037999545,Medium
ISIC_0014577.jpg,0.1204761870599938,0.5098582315518436,13.383892464735982,0.1200270348996477,0.4587951811449719,0.06222106700978086,0.9377789329902191,0.5417474577294774,Medium
ISIC_0014749.jpg,0.3626626633515309,0.9484099546360524,11.78834518315146,0.36742327870867036,0.9458562181644733,0.05266006456809733,0.9473399354319026,0.8017672843441228,Hard
ISIC_0001367.jpg,0.0629761839149239,0.6117037417365438,7.40216185568819,0.061290126815757434,0.5719060804876598,0.026376725937166036,0.973623274062834,0.5848531098209951,Hard
ISIC_0014716.jpg,0.3935903227425588,0.1780490528175112,13.909148579469196,0.39901623501368977,0.09028375095295976,0.06536856069638988,0.9346314393036101,0.46298856289086987,Easy
ISIC_0010327.jpg,0.1803601582845052,0.1184094365880604,13.9731555900038,0.18119919352785185,0.024047246114091064,0.06575211008478435,0.9342478899152157,0.3819054582979248,Easy
ISIC_0010036.jpg,0.442907969156901,0.7412109372595965,17.894317851694836,0.4493947725077593,0.715738394061385,0.08924890168160504,0.910751098318395,0.717406935162932,Hard
ISIC_0014868.jpg,0.5085999641076564,0.980887741154188,15.39058571092786,0.5164998935202743,0.9819264546929561,0.0742457805660579,0.9257542194339421,0.8459095320591308,Hard
ISIC_0008029.jpg,0.0579862439470484,0.1734340015136439,12.568005487339816,0.056192846307828205,0.08515821716608601,0.05733202519130479,0.9426679748086952,0.3780452896264348,Easy
ISIC_0000126.jpg,0.2548942565917969,0.952389220518952,24.956246517020904,0.2573366238223474,0.9502756406988805,0.13156611659053888,0.8684338834094611,0.7483962714284504,Hard
ISIC_0009897.jpg,0.609717051188151,0.5808538960694065,10.59454904092896,0.6197921496019503,0.5376438554601177,0.045506476603391785,0.9544935233966082,0.7040783127733475,Hard
ISIC_0000103.jpg,0.3939892450968424,0.2089961201293035,19.449353606372647,0.3994237387419426,0.12465395155686798,0.09856714678720588,0.9014328532127941,0.46521901393271076,Easy
ISIC_0016016.jpg,0.1590459690225138,0.1603573690995429,9.019072513331643,0.1594265064480674,0.07063514540720048,0.036065744197007706,0.9639342558029923,0.40548767430594435,Easy
ISIC_0008524.jpg,0.0266000689145564,0.4042174267689139,4.662035445107726,0.024131511052989364,0.3414691800810824,0.009957058776902375,0.9900429412230977,0.4891355792237645,Medium
ISIC_0012826.jpg,0.1226952487309968,0.4574669519706329,5.285108868379861,0.1222938316696121,0.4006087697813497,0.013690703395278678,0.9863092966047213,0.5360252196415953,Medium
ISIC_0000397.jpg,0.2234692043728298,0.3507422912077542,7.235192870008846,0.2252355750787495,0.28207902468959234,0.0253761972169013,0.9746238027830987,0.5102588346196089,Medium
ISIC_0010364.jpg,0.1861979166666666,0.6629877484830384,20.687381158718097,0.1871625302018321,0.628862740771187,0.10598578275460344,0.8940142172453965,0.6112407048948216,Hard
ISIC_0014255.jpg,0.2875058629779473,0.1693354833571326,28.40362330183844,0.2906497511614641,0.0806063515628346,0.15222384214807355,0.8477761578519265,0.4016266336636741,Easy
ISIC_0012425.jpg,0.0169695544398792,0.8813229828001197,11.382146658949688,0.014293830834563322,0.8713485869023946,0.05022600001449504,0.9497739999855049,0.6845337924645254,Hard
ISIC_0000222.jpg,0.5258253486767137,0.657579599193171,19.92576728399388,0.5340958200385693,0.6228563824266017,0.10142196180118938,0.8985780381988107,0.6971688213498668,Hard
ISIC_0010335.jpg,0.6725552876790365,0.182047170090859,10.18013022339318,0.683982123846071,0.09472411007773382,0.043023153563033927,0.9569768464369661,0.5438270712455494,Medium
ISIC_0000206.jpg,0.1711267311203204,0.7943819379094705,19.556088818502666,0.1717671425195465,0.7747907734107633,0.09920673649762504,0.900793263502375,0.6681357372200232,Hard
ISIC_0013736.jpg,0.112716815544818,0.4316776728824897,18.76375083128217,0.11210074852491878,0.3719668733858258,0.09445880735889682,0.9055411926411032,0.49375135390994607,Medium
ISIC_0007156.jpg,0.0631129863210716,0.1138600364083304,9.30889265427012,0.06142987203168862,0.01899462528803966,0.0378024342388158,0.9621975657611842,0.35972446613955245,Easy
ISIC_0014160.jpg,0.0588373583714154,0.9731941008510052,9.87314756266096,0.057062269385715535,0.9733818014005925,0.04118362050582457,0.9588163794941754,0.7392040207296273,Hard
ISIC_0015969.jpg,0.15190625,0.1552279173904427,19.47515240658838,0.15213320215185447,0.06493831208682135,0.09872174100995443,0.9012782589900455,0.3794560160192081,Easy
ISIC_0001185.jpg,0.0417806781139946,0.1611811096860593,4.3052022076637,0.0396386762431414,0.07155000202087908,0.007818805969321479,0.9921811940306785,0.3857930877798744,Easy
ISIC_0014361.jpg,0.0533186256655626,0.3658872571601047,14.524054937220546,0.0514248210734883,0.29889921358430216,0.0690532657851848,0.9309467342148152,0.4582472476772782,Easy
ISIC_0012325.jpg,0.1045372340425531,0.2522563086390721,8.642269186339675,0.10374521286258002,0.172699258799182,0.03380782456592854,0.9661921754340714,0.4331832681372428,Easy
ISIC_0000079.jpg,0.0594976725778791,0.7099220834206503,14.73531501133173,0.0577367878679788,0.6809886010591522,0.07031920011863893,0.9296807998813611,0.612217917349132,Hard
ISIC_0011297.jpg,0.1239903767903645,0.7674048976670701,14.16867449656959,0.12361681973255223,0.7448297345992537,0.06692371857589366,0.9330762814241064,0.6554127972712768,Hard
ISIC_0014702.jpg,0.091263637732543,0.1809126998601972,8.782179357766832,0.09018608305807015,0.09346415322902299,0.03464620867780705,0.9653537913221929,0.39780600901889424,Easy
ISIC_0012376.jpg,0.0097797539893617,0.4061541931588291,14.19518767393967,0.0069493677892640245,0.34362017709393755,0.06708259356286389,0.9329174064371362,0.4657065050378887,Easy
ISIC_0009869.jpg,0.0579503377278645,0.2103024479756654,10.09854043123788,0.05615616769599364,0.12610477562628866,0.04253424282311616,0.9574657571768839,0.3995939671864232,Easy
ISIC_0014803.jpg,0.580901121479792,0.4474357689267222,10.105213402242876,0.5903563492184012,0.38946801224073585,0.042574229285948326,0.9574257707140517,0.6384753119508128,Hard
ISIC_0015443.jpg,0.3350310717348431,0.3584774478574347,7.438773714918143,0.3391972931742654,0.2906697865564161,0.02659611528371333,0.9734038847162867,0.5417585975668331,Medium
ISIC_0012704.jpg,0.0267446808510638,0.3941186523638714,11.208519182872417,0.024279233793126236,0.33025335472813644,0.04918557160358041,0.9508144283964196,0.470956200278283,Medium
ISIC_0009910.jpg,0.3956947326660156,0.3406594184380626,18.10931850890561,0.40116591371775967,0.2708808598920533,0.09053725072163746,0.9094627492783626,0.5269557846336881,Medium
ISIC_0015946.jpg,0.0232468417553191,0.8626293535872521,38.99034932049757,0.020706151319710583,0.8505872081394864,0.21566271010397278,0.7843372898960272,0.6199294725493318,Hard
ISIC_0012520.jpg,0.0509713054722874,0.4855591074532892,17.05270624640125,0.04902700676227836,0.4318082695467818,0.08420571010337106,0.9157942898966289,0.5055080609731024,Medium
ISIC_0015464.jpg,0.4618403649164616,0.2012254684037242,7.770746335311899,0.4687344303984126,0.11602376841413459,0.02858539574615423,0.9714146042538457,0.503588226454103,Medium
ISIC_0012813.jpg,0.4082026263297872,0.1447416209420099,10.182262177294731,0.4139428695485006,0.0532920998983291,0.043035928876365946,0.956964071123634,0.4597399822397287,Easy
ISIC_0015298.jpg,0.1181845141968665,0.939151254003912,15.263754260058134,0.11768606496995483,0.9355733892665977,0.07348576810798554,0.9265142318920144,0.7279308531113329,Hard
ISIC_0009938.jpg,0.2515856424967448,0.1562855910787838,10.781976557590498,0.25395683684223486,0.06611297773366624,0.04662959903612849,0.9533704009638715,0.4236140406413802,Easy
ISIC_0014985.jpg,0.5772181743436622,0.5074628127755861,16.789338943916796,0.5865941767735248,0.456134799046699,0.0826275334794776,0.9173724665205224,0.6501828270942436,Hard
ISIC_0014927.jpg,0.542547088689944,0.9782845220386444,29.451335770801137,0.5511772679070469,0.979035286934935,0.158502052508588,0.8414979474914119,0.8239327133727299,Hard
ISIC_0014013.jpg,0.1677360372340425,0.4435689238665069,12.64579876653015,0.16830351009788483,0.3851734456802014,0.05779818607595543,0.9422018139240446,0.5259158906699674,Medium
ISIC_0000367.jpg,0.3623650948862813,0.1266135314811869,23.972853540254327,0.3671193091323917,0.033158816668074076,0.1256733281031539,0.8743266718968461,0.41105768911422363,Easy
ISIC_0012549.jpg,0.0506413082498323,0.4396352885127165,21.172020835133868,0.04868991084118107,0.38080470098299757,0.10888989044418959,0.8911101095558104,0.47638289644802795,Medium
ISIC_0010215.jpg,0.2132377624511718,0.163222295064111,11.30736540402613,0.21478404062923157,0.07381696806992595,0.04977788809128945,0.9502221119087105,0.41580053655332694,Easy
ISIC_0000343.jpg,0.3242159206142257,0.4005943928723322,32.396595305865034,0.32814949313010916,0.33744539325289324,0.17615093946490093,0.8238490605350991,0.5053627017709692,Medium
ISIC_0000035.jpg,0.4655362493639636,0.5872227510933021,8.088557792805,0.4725098184541995,0.5447171856268535,0.030489818232505718,0.9695101817674943,0.6753428924829142,Hard
ISIC_0013112.jpg,0.081494847074468,0.4186110837732111,15.068819904446755,0.08020715214346699,0.3574549558470799,0.07231766242319662,0.9276823375768034,0.4877225885265799,Medium
ISIC_0011170.jpg,0.2148996988932291,0.2875214360424003,14.252244284027396,0.2164817276326932,0.21186515102939393,0.06742449404720503,0.9325755059527949,0.46526791940340906,Easy
ISIC_0000225.jpg,0.0998134153091944,0.5663208782956722,30.035922700285614,0.09891977822658142,0.5215033038779303,0.1620050744025094,0.8379949255974906,0.5266294900669392,Medium
ISIC_0010351.jpg,0.0762774149576823,0.5605425273943336,25.374994449177496,0.07487748581450342,0.5150857949864462,0.13407538099655705,0.865924619003443,0.5278273060994094,Medium
ISIC_0013740.jpg,0.1002952127659574,0.1819750229229586,7.896304719793188,0.09941193981588678,0.09464398252933781,0.0293377796049436,0.9706622203950565,0.4024423551039766,Easy
ISIC_0009921.jpg,0.649389902750651,0.183002774117587,9.103421801810317,0.6603184193096796,0.09578541587985191,0.03657119067446839,0.9634288093255317,0.5405938544432968,Medium
ISIC_0012206.jpg,0.104737034574468,0.4654511053631901,20.60967263716639,0.10394931138147208,0.40947607054978147,0.10552012976338801,0.894479870236612,0.5028457106480948,Medium
ISIC_0014942.jpg,0.0995434993109999,0.9703682335885604,13.796662910629369,0.09864405596033522,0.9702433578217001,0.0646945125081319,0.9353054874918681,0.7401152777409177,Hard
ISIC_0013688.jpg,0.048785872253899,0.4527940955381474,7.442012422153232,0.04679456183965637,0.39541903689455715,0.026615522598143926,0.9733844774018561,0.5105508223083866,Medium
ISIC_0013232.jpg,0.0777852393617021,0.5253008095674649,21.165457394592664,0.07641774561591791,0.475945901725082,0.1088505603210622,0.8911494396789378,0.5213851009816405,Medium
ISIC_0013248.jpg,0.0246717087765957,0.3891220359429138,10.54593587812369,0.02216166920984597,0.3247040499426825,0.045215171811836145,0.9547848281881639,0.46959672714539186,Medium
ISIC_0000361.jpg,0.3392456178473128,0.2357928797972812,27.553101580431772,0.3435025000278875,0.1544147685042032,0.14712725845611402,0.8528727415438859,0.4461469919490132,Easy
ISIC_0012538.jpg,0.0224141810697216,0.4782367924531885,16.916900751596707,0.019855578946147104,0.4236760147872955,0.08339192245670803,0.916608077543292,0.4952471277916072,Medium
ISIC_0013828.jpg,0.3171013962765957,0.4387269454561828,17.429789792139577,0.3208819254914489,0.379795883806375,0.08646530889002842,0.9135346911099715,0.5518759767839022,Medium
ISIC_0010069.jpg,0.0829251607259114,0.5595248457564368,15.735138961045024,0.08166823382834978,0.513955545011771,0.07631044797120598,0.923689552028794,0.5492906196718736,Medium
ISIC_0010057.jpg,0.5755449930826823,0.1637526732929818,8.499198139559587,0.5848850030594658,0.07440601277450408,0.03295049953182476,0.9670495004681753,0.5144509810385294,Medium
ISIC_0013126.jpg,0.0181788489376084,0.4054382300876841,6.643344790701523,0.015529138936725827,0.3428250195388671,0.0218296643145711,0.9781703356854289,0.48337191003962837,Medium
ISIC_0015150.jpg,0.3349163711938481,0.9829614631179542,13.094542649220864,0.33908012526530723,0.9842295562816555,0.060487195300323676,0.9395128046996764,0.8072913354738758,Hard
ISIC_0014664.jpg,0.5660046190511894,0.1392324696993292,10.490343399415076,0.5751394023303678,0.04717356751978432,0.04488204484605645,0.9551179551539436,0.4969455618943859,Medium
ISIC_0000098.jpg,0.0225321451822916,0.4134120590607607,28.68651162286545,0.01997608063063816,0.35168085387769854,0.15391899462602268,0.8460810053739773,0.44179471358963096,Easy
ISIC_0010219.jpg,0.2008196512858072,0.140999414364341,10.774617358483242,0.20209879864315192,0.049135958397750305,0.046585500486718265,0.9534144995132817,0.40387415784953673,Easy
ISIC_0013474.jpg,0.1220593398876404,0.94932085285673,7.254677127707604,0.12164424354371717,0.9468678731384004,0.025492952788849766,0.9745070472111502,0.7502356766651921,Hard
ISIC_0015179.jpg,0.2367071135797445,0.9792109722464004,19.388197174538764,0.2387582501010047,0.9800642141405179,0.09820067892953906,0.9017993210704609,0.7673450105561197,Hard
ISIC_0012097.jpg,0.0312032912234042,0.4084973928831221,10.33664486637005,0.028833755067869716,0.34622256405899526,0.04396103669625889,0.9560389633037412,0.4803111015468749,Medium
ISIC_0001242.jpg,0.0300262261812426,0.6235176030996665,10.896167272943377,0.02763136972163284,0.5850267028996764,0.04731386437937938,0.9526861356206207,0.5743586710574959,Hard
ISIC_0014760.jpg,0.6615797266814303,0.4359041114090421,11.148409350343282,0.6727704632856525,0.3766608089543939,0.048825375285857064,0.9511746247141429,0.6517680580531207,Hard
ISIC_0015208.jpg,0.3713343458320431,0.942224765214966,8.079179340982478,0.37628150112485814,0.9389868693168394,0.03043361970939752,0.9695663802906025,0.8090133561096612,Hard
ISIC_0009888.jpg,0.1080551147460937,0.7485079962445286,12.157926098281283,0.10733876806661433,0.7238425991740645,0.05487470532035804,0.945125294679642,0.647165584824154,Hard
ISIC_0014844.jpg,0.138748615876748,0.9708063470294378,8.474967530745667,0.13869252904181872,0.9707299320970108,0.032805302386802966,0.967194697613197,0.7614832492638779,Hard
ISIC_0010043.jpg,0.3308944702148437,0.1973021348470709,9.04554581353501,0.33497170760956757,0.11166646502187304,0.03622438022792021,0.9637756197720798,0.465730979831369,Easy
ISIC_0014633.jpg,0.0194421726737067,0.38182085027272,13.95686759575053,0.0168196385212248,0.3165952616816598,0.06565450749122724,0.9343454925087727,0.4578639366810406,Easy
ISIC_0013518.jpg,0.3832798186472832,0.6065257603872167,12.531925407901236,0.38848393765337735,0.5661553495409554,0.057115822430289884,0.9428841775697101,0.653592586379125,Hard
ISIC_0009923.jpg,0.2928937276204427,0.7309353006587442,13.978604419675897,0.29615351625650704,0.7043261433383712,0.06578476112208077,0.9342152388779192,0.6827441700067469,Hard
ISIC_0009951.jpg,0.3275413513183594,0.1629425949184754,7.511250153747429,0.33154645846792397,0.07350632958461864,0.027030416050985603,0.9729695839490144,0.4528285008329835,Easy
ISIC_0013767.jpg,0.4052983472668605,0.1809951694484551,6.707536037699111,0.4109761154087016,0.09355574498676816,0.022214317703638426,0.9777856822963615,0.4823913156506092,Medium
ISIC_0011230.jpg,0.114362080891927,0.6107827566847762,14.500069971461622,0.11378140581502255,0.570883222952775,0.06890954060772904,0.931090459392271,0.5826803014221604,Hard
ISIC_0016068.jpg,0.1283185601574291,0.2737932823506782,6.828970498461914,0.128038108335965,0.1966184915785328,0.022941989762785855,0.9770580102372142,0.4526272272984293,Easy
ISIC_0000353.jpg,0.2396851912212081,0.2470270865258532,38.17097982793666,0.2418003903292759,0.16689161921825016,0.21075280000012678,0.7892471999998733,0.40344326526957464,Easy
ISIC_0015284.jpg,0.3844212083779825,0.2372408915641168,14.27160360990083,0.389649880262647,0.15602294851045517,0.06754050098982689,0.9324594990101731,0.48618247412340443,Medium
ISIC_0012661.jpg,0.1011098225911458,0.1690045936664621,12.061052281908244,0.10024407302995995,0.0802388613276039,0.05429420807933738,0.9457057919206626,0.38815358996076343,Easy
ISIC_0012147.jpg,0.0351742021276595,0.9622993053069708,25.67958930219748,0.032890085781523935,0.9612819049996065,0.13590060558692846,0.8640993944130715,0.6951700714897986,Hard
ISIC_0013342.jpg,0.023585548381687,0.4006028380287559,9.075926651341774,0.021052143996096753,0.33745477254940265,0.03640643140735151,0.9635935685926484,0.4775026940262122,Medium
ISIC_0008406.jpg,0.0384775942531024,0.5039794993039541,4.803708567072117,0.03626453846020735,0.4522661874726172,0.010806007022219987,0.98919399297778,0.5361905071463218,Medium
ISIC_0015412.jpg,0.3642992299688278,0.172710941973768,15.811310574899151,0.3690950501472007,0.08435517818395166,0.0767668913461231,0.9232331086538769,0.4491474218392377,Easy
ISIC_0013490.jpg,0.0665310837765957,0.4800200094560176,11.8940153527359,0.06492149751143632,0.425656477927471,0.053293272221089365,0.9467067277789106,0.5178403202714662,Medium
ISIC_0013512.jpg,0.0171446143617021,0.8812175364954269,16.005538429987965,0.014472656538474024,0.8712314769155672,0.07793076346585304,0.922069236534147,0.6748349876877968,Hard
ISIC_0003539.jpg,0.0520045981355505,0.2896710358146438,11.13002177903331,0.050082526986037636,0.21425252346264456,0.04871519139082596,0.9512848086091741,0.43117132414477816,Easy
ISIC_0011115.jpg,0.0315055847167968,0.5665292388051687,26.99232090065688,0.029142551314210122,0.5217347116697308,0.14376689081896565,0.8562331091810343,0.5156611107098069,Medium
ISIC_0009941.jpg,0.1662610371907552,0.569180076786826,12.787822277705764,0.1667967807547973,0.5246787655369386,0.05864923395952426,0.9413507660404757,0.5810434695176413,Hard
ISIC_0010231.jpg,0.5232823689778646,0.4652215581477372,10.798142809657431,0.531498137314037,0.40922113253695785,0.04672647211364163,0.9532735278863583,0.6302087221035177,Hard
ISIC_0013911.jpg,0.0297744348404255,0.8952250558563913,12.426867420605111,0.02737416199932054,0.8867884033780635,0.05648628315893775,0.9435137168410622,0.6917887027454274,Hard
ISIC_0000156.jpg,0.3141384124755859,0.3182786806088225,22.243071974812192,0.31785520379310594,0.246024532114547,0.11530795318656274,0.8846920468134373,0.4875158301787983,Medium
ISIC_0000324.jpg,0.3549158880197016,0.146366423942021,28.96717521368434,0.35950985947868863,0.055096626462658324,0.15560081584691823,0.8443991841530818,0.4074558299083141,Easy
ISIC_0011117.jpg,0.4646008809407552,0.1496987119187079,7.150455221805528,0.4715543289569215,0.05879750723028692,0.02486842357037554,0.9751315764296244,0.4827036368817137,Medium
ISIC_0012245.jpg,0.1804400246834647,0.1537173144872093,5.80896310356301,0.18128077796399253,0.06326061758046035,0.01682979659513571,0.9831702034048643,0.41473401271488475,Easy
ISIC_0000482.jpg,0.2415289306657187,0.6848147126221559,18.16849792023416,0.24368379117030955,0.6531040405517939,0.09089187167379612,0.9091081283262039,0.6403504089274663,Hard
ISIC_0014775.jpg,0.6418465089748224,0.4200046632931189,22.10741186430347,0.6526127566554781,0.35900268271806773,0.1144950367266225,0.8855049632733775,0.6166809993967788,Hard
ISIC_0000344.jpg,0.3946449913081269,0.4158268248436464,27.984868987914936,0.4000935909651051,0.35436272300387617,0.14971453950057564,0.8502854604994243,0.5393683981176253,Medium
ISIC_0013165.jpg,0.0691152369656157,0.4932148874273815,5.587437784417452,0.06756123942510565,0.4403108746834137,0.015502349805127689,0.9844976501948723,0.5375888372978472,Medium
ISIC_0010462.jpg,0.0836575826009114,0.5821733362772625,31.556721563898314,0.08241641111526171,0.5391092422824612,0.17111816168994515,0.8288818383100549,0.5263564431003191,Medium
ISIC_0013981.jpg,0.0719321886005366,0.1707482271187804,12.44695148219624,0.07043878760261911,0.0821753624807529,0.05660663293742944,0.9433933670625706,0.3806675203648556,Easy
ISIC_0010566.jpg,0.1422271728515625,0.1571643817193546,7.890601069225148,0.14224591460909888,0.06708897362694258,0.02930360160367911,0.9706963983963209,0.40214080754176407,Easy
ISIC_0010596.jpg,0.4070167541503906,0.2864950327393181,14.870120446861598,0.4127314876112732,0.2107252146641149,0.07112699510731098,0.928873004892689,0.5125785094809053,Medium
ISIC_0010232.jpg,0.7227325439453125,0.2269437717675057,9.660540363329783,0.7352387625940423,0.14458683828113011,0.039909613790143794,0.9600903862098562,0.5776760611344123,Hard
ISIC_0004715.jpg,0.0808904097904593,0.1140046107032162,7.275654059343578,0.07958971257387736,0.019155191310898316,0.025618652915010497,0.9743813470849895,0.3685929761475749,Easy
ISIC_0012891.jpg,0.040229222074468,0.4298037679747217,10.525851521407818,0.03805384622913324,0.36988569112245534,0.045094820264867636,0.9549051797351323,0.4916845509135618,Medium
ISIC_0011119.jpg,0.1299769083658854,0.5165842127116989,13.978719474598943,0.12973212991793656,0.4662651400717179,0.06578545056601821,0.9342145494339817,0.5459141808100649,Medium
ISIC_0007760.jpg,0.074198246042244,0.1189836491565999,21.335627107024784,0.07275359108759587,0.024684973785380537,0.10987026876520704,0.890129731234793,0.33960779321822876,Easy
ISIC_0012966.jpg,0.011961271490154,0.6372199270093106,5.988812680084156,0.009177812761765243,0.6002446754710141,0.01790750971595703,0.982092490284043,0.586124694978262,Hard
ISIC_0013200.jpg,0.0393149933510638,0.4039348793858001,9.388073758403907,0.037119951175966635,0.34115537941816687,0.038276911390759887,0.9617230886092402,0.4823452205744925,Medium
ISIC_0000366.jpg,0.0683873859191655,0.8333703550172844,39.27562838997734,0.06681773129161482,0.8180917978252412,0.21737218867056754,0.7826278113294325,0.6178608859183015,Hard
ISIC_0013434.jpg,0.0419413368113785,0.8506818134363905,8.136052030541544,0.0398027909322712,0.8373181203913271,0.03077441808623994,0.9692255819137601,0.6841068995594146,Hard
ISIC_0015220.jpg,0.7279423504727688,0.4372073825194921,10.36033001226441,0.7405606392966576,0.3781082381746217,0.04410296526230096,0.955897034737699,0.6709474172522079,Hard
ISIC_0014473.jpg,0.1240373579783666,0.1704134167544081,5.904424463374421,0.12366481155116812,0.08180351789619808,0.017401829968748388,0.9825981700312516,0.4075469695572093,Easy
ISIC_0015051.jpg,0.2357359027516932,0.9860845242210352,13.457678509936509,0.2377661471789683,0.9876980670626514,0.06266321533497735,0.9373367846650227,0.7825886382525606,Hard
ISIC_0016040.jpg,0.0339711259800016,0.949383744653018,12.554816343524251,0.031661129794780446,0.9469377215551497,0.05725299184789983,0.9427470081521002,0.7166518239239901,Hard
ISIC_0013837.jpg,0.0095834441489361,0.3472847334985606,21.03601852231397,0.006748835051483985,0.27823901778789506,0.10807492340438221,0.8919250765956178,0.4251565926864952,Easy
ISIC_0010206.jpg,0.0923067728678385,0.6133765424046707,18.18794311313044,0.09125165747910707,0.5737639138634241,0.09100839315761935,0.9089916068423807,0.5704655423099796,Medium
ISIC_0011341.jpg,0.1223742167154948,0.6773978373345133,16.86593827207023,0.1219658938095227,0.6448667659524877,0.08308653984798772,0.9169134601520122,0.60935789088658,Hard
ISIC_0013713.jpg,0.0228431774589133,0.4386620694621954,7.593565434334579,0.020293803643573652,0.37972383171480656,0.027523674137264326,0.9724763258627357,0.49732969764877355,Medium
ISIC_0011336.jpg,0.3227933247884114,0.7251508210842315,12.290950199523184,0.3266962952920053,0.6979018278656913,0.05567182601459,0.94432817398541,0.6913496658641713,Hard
ISIC_0016014.jpg,0.0471272063139359,0.7967109444985248,7.484775060098402,0.04510021569133194,0.7773773973020396,0.02687176927320364,0.9731282307267963,0.6628208935980275,Hard
ISIC_0000379.jpg,0.3908119201660156,0.3340437289037562,5.169774188599097,0.39617806513834686,0.2635333922261707,0.01299958307078439,0.9870004169292156,0.5499080191002804,Medium
ISIC_0012911.jpg,0.0231333111702127,0.3282970074411783,10.959328967962277,0.020590178534017324,0.2571510113855692,0.0476923483812429,0.9523076516187571,0.44131562725429696,Easy
ISIC_0001247.jpg,0.0574394591941715,0.1945692268303844,10.011451530255618,0.055634299455398044,0.10863126314574077,0.04201237975798152,0.9579876202420184,0.39265674720685223,Easy
ISIC_0012282.jpg,0.0539228563118396,0.4489392123668573,5.210871396849978,0.052042049560281606,0.3911377553576994,0.013245849986825159,0.9867541500131748,0.5148295670377614,Medium
ISIC_0012391.jpg,0.0334983377659574,0.8313014149471787,16.236945710358217,0.031178171249519188,0.8157940070675399,0.07931742595976932,0.9206825740402307,0.6563510465534765,Hard
ISIC_0015961.jpg,0.0574654255319148,0.8712672746783391,15.425766646239111,0.0556608243651351,0.8601805915030938,0.07445659538320173,0.9255434046167983,0.6819276343084006,Hard
ISIC_0015190.jpg,0.4280820989878244,0.5290546517413522,7.487643644967114,0.43424997727726705,0.4801149658645701,0.02688895870234214,0.9731110412976579,0.641197345119325,Hard
ISIC_0010602.jpg,0.5481160481770834,0.2229264495488391,16.127018449814294,0.5568660234483944,0.1401251499035211,0.07865870852870435,0.9213412914712956,0.5177360178384605,Medium
ISIC_0012856.jpg,0.0250947966087644,0.4243433074648374,9.161574637800124,0.022593858248980588,0.3638212352816614,0.03691966007635111,0.9630803399236489,0.4882550776481868,Medium
ISIC_0010347.jpg,0.261548360188802,0.3143112518838185,15.199483992987885,0.2641338664306982,0.24161825607597273,0.07310064120671561,0.9268993587932843,0.48709554461571314,Medium
ISIC_0007241.jpg,0.0569058641975308,0.1489225521746875,9.061279918318816,0.05508922608918214,0.05793549449628889,0.036318663748059005,0.963681336251941,0.3742349720089904,Easy
ISIC_0000311.jpg,0.7632279443720121,0.1573541098671321,24.058995696640626,0.776605275334613,0.06729968808442645,0.12618951798799602,0.873810482012004,0.5269048627716252,Medium
ISIC_0014642.jpg,0.0912072109988776,0.4734842383730869,12.125013186763626,0.09012844250698329,0.4183977686947563,0.0546774811885412,0.9453225188114588,0.5207540996886589,Medium
ISIC_0014682.jpg,0.6861398864036554,0.4411954924563893,9.13821454938096,0.6978589461591301,0.38253748302618035,0.036779679353127565,0.9632203206468725,0.66460684197666,Hard
ISIC_0000510.jpg,0.2984947858862093,0.238314622408008,15.211473378406613,0.3018750610657973,0.15721544743538826,0.07317248523452086,0.9268275147654792,0.46274457440852235,Easy
ISIC_0013664.jpg,0.0485268694711135,0.9530572351252524,11.039940929757035,0.04652998754724178,0.951017546088285,0.048175399665554064,0.9518246003344459,0.7251781254391805,Hard
ISIC_0013758.jpg,0.1168159869979456,0.2168176288904805,7.339158501789465,0.11628809885001362,0.1333406171603788,0.02599919076324016,0.9740008092367598,0.42330855480952084,Easy
ISIC_0013315.jpg,0.1243418070287606,0.1197497369421695,30.110192765757795,0.12397580972353524,0.025535800476160317,0.16245012312373458,0.8375498768762655,0.3343507295280408,Easy
ISIC_0014601.jpg,0.1451681429190899,0.1733955629627109,27.2343585143114,0.1452501490279737,0.08511552682993297,0.1452172534887776,0.8547827465112224,0.36953270926789444,Easy
ISIC_0014685.jpg,0.0397403973488292,0.386364077621166,13.768998915109329,0.03755450620463724,0.3216410268839654,0.0645287414703403,0.9354712585296597,0.4654599777901264,Easy
ISIC_0013173.jpg,0.0078890228037955,0.1591915223734061,5.4077427146724615,0.005017964349550146,0.0693403414295886,0.014425562535693619,0.9855744374643064,0.37394168077173023,Easy
ISIC_0012356.jpg,0.495727892287234,0.983850765588743,12.973297319137297,0.5033509255548662,0.9852172267452446,0.059760656569474845,0.9402393434305252,0.8490083922874982,Hard
ISIC_0009995.jpg,0.9240023295084636,0.156769750529756,9.151337878391963,0.9408381408212196,0.06665069128456715,0.036858318314294924,0.963141681685705,0.5989694003091285,Hard
ISIC_0014658.jpg,0.1892751987402389,0.4628495803939889,26.85199471918056,0.19030600888734792,0.4065867843319093,0.14292601384890505,0.857073986151095,0.5101871111074839,Medium
ISIC_0000474.jpg,0.4890738333708709,0.8493670895007631,10.730030424289277,0.49655372858830005,0.8358579715199976,0.04631832207614033,0.9536816779238597,0.792270208028425,Hard
ISIC_0013695.jpg,0.0504583767870618,0.4901496842836689,7.07214047453168,0.04850304426854292,0.4369066216768295,0.024399137891068373,0.9756008621089316,0.5283487114759935,Medium
ISIC_0010227.jpg,0.1017392476399739,0.8795080387055142,14.6408336098533,0.10088703788589987,0.8693328872566741,0.06975303895208806,0.9302469610479119,0.6985413507409137,Hard
ISIC_0010477.jpg,0.8112907409667969,0.2331298485725831,8.771795204043153,0.8257019694464399,0.15145717266853997,0.0345839836843814,0.9654160163156186,0.6049039671394925,Hard
ISIC_0011301.jpg,0.2786331176757812,0.1414313268999393,12.887457789821058,0.28158614078303956,0.04961564586998456,0.05924628011767175,0.9407537198823283,0.41950659550256864,Easy
ISIC_0012656.jpg,0.0865503946940104,0.7687664996265168,19.287340978640152,0.08537145161478367,0.7463419467910378,0.09759631806453986,0.9024036819354602,0.6357209302975221,Hard
ISIC_0015436.jpg,0.3267806985251978,0.2178050602133953,24.759657885912507,0.3307694429765863,0.13443727075631523,0.13038809798605852,0.8696119020139415,0.4408314347515522,Easy
ISIC_0011135.jpg,0.1794535319010416,0.664626233757848,44.10556210748035,0.18027306435151813,0.6306824630412936,0.24631461400587693,0.753685385994123,0.5611311364023401,Medium
ISIC_0010190.jpg,0.847296396891276,0.1764248841597568,12.719164051317229,0.862482157044006,0.08847992889708668,0.05823781307734862,0.9417621869226513,0.5806292762427641,Hard
ISIC_0015403.jpg,0.1908795407861632,0.210265044490545,7.680607465044343,0.19194486255921342,0.1260632348471925,0.028045256341533875,0.9719547436584661,0.43859566985914344,Easy
ISIC_0009895.jpg,0.2225138346354166,0.1697249325164082,14.43120696116456,0.22425965401121506,0.08103887867742245,0.06849689259836511,0.9315031074016349,0.4145065525643449,Easy
ISIC_0014410.jpg,0.0647355469405081,0.4680153252909677,14.677775319231037,0.06308733618388936,0.4123239253213601,0.06997440486059925,0.9300255951394008,0.5062103624733066,Medium
ISIC_0015056.jpg,0.5225079507587364,0.9654826813596756,9.335402978864462,0.530707060283299,0.9648174023191683,0.03796129213109,0.96203870786891,0.8553172737526107,Hard
ISIC_0014936.jpg,0.2061286210881275,0.9830854877696132,30.22409190122021,0.20752197176041762,0.9843672996133387,0.16313264123199167,0.8368673587680083,0.7385309883542428,Hard
ISIC_0014441.jpg,0.051873761896277,0.4181588340050138,11.259663384102412,0.049948876277517484,0.35695268158957416,0.049492043143773395,0.9505079568562266,0.48794607660488837,Medium
ISIC_0000081.jpg,0.1140899658203125,0.7595665497360222,14.06263979911656,0.11350343717023244,0.7361243672027544,0.0662883265615343,0.9337116734384657,0.6496246918771229,Hard
ISIC_0016070.jpg,0.0248082576932751,0.1533245732593778,18.93136055014726,0.022301155483398293,0.06282443425329737,0.09546317554642404,0.904536824453576,0.3472929511309201,Easy
ISIC_0013190.jpg,0.0674892270240281,0.4124759367875765,13.390283858462638,0.06590025175104304,0.3506411847550975,0.062259366176299846,0.9377406338237002,0.48494075867809483,Medium
ISIC_0013643.jpg,0.0467907401632986,0.398050642544164,6.85019205192926,0.044756511686421495,0.3346202722750459,0.02306915573703145,0.9769308442629685,0.48696303232366267,Medium
ISIC_0014826.jpg,0.473400358920775,0.1405375955680218,13.043965983204409,0.4805430959313274,0.04862305665774933,0.06018412460297942,0.9398158753970206,0.4685205530348888,Medium
ISIC_0013492.jpg,0.0556131981382978,0.4344607871147187,11.581334685998415,0.053768752987419476,0.3750578349138299,0.05141959498654484,0.9485804050134552,0.4954684639670961,Medium
ISIC_0010863.jpg,0.5679804484049479,0.2929083699700757,9.69519812271711,0.5771577345180785,0.21784794732698207,0.04011729357873423,0.9598827064212657,0.5673875598077553,Medium
ISIC_0012823.jpg,0.0126914265763697,0.3926910381260015,4.393013528692585,0.009923674498117405,0.32866782847305615,0.00834499799412369,0.9916550020058763,0.4810273007158085,Medium
ISIC_0010222.jpg,0.8430760701497396,0.206652433221311,17.786896250669415,0.8581710452119563,0.12205102351949104,0.08860519892108662,0.9113948010789134,0.5823513510884052,Hard
ISIC_0009917.jpg,0.1088778177897135,0.6005424104814923,18.91698944970174,0.10817916859548937,0.5595101661873533,0.09537705956099687,0.9046229404390032,0.5674668877774647,Medium
ISIC_0000384.jpg,0.0666359682953427,0.8782769399105687,7.972027410154861,0.06502863824187285,0.8679656135140864,0.029791532894360265,0.9702084671056397,0.7030163684530766,Hard
ISIC_0000235.jpg,0.6482666000693156,0.1245513750455517,58.76671213304453,0.6591709528273296,0.030868559899788473,0.3341686643434519,0.6658313356565482,0.41018112964653963,Easy
ISIC_0014735.jpg,0.6823838505031639,0.4013857936771335,23.70334118992453,0.6940221127090457,0.3383243328999063,0.1240583284918556,0.8759416715081444,0.6154148463650745,Hard
ISIC_0009884.jpg,0.1086756388346354,0.5234352423619864,10.422107028484522,0.10797264049024809,0.4738739794183134,0.044473151849522524,0.9555268481504775,0.5509771487425545,Medium
ISIC_0009927.jpg,0.1537132263183593,0.1538084890003624,10.687247496379086,0.15397904904082696,0.06336187713683329,0.04606195381746643,0.9539380461825335,0.39771782927882676,Easy
ISIC_0014872.jpg,0.6878454540085479,0.2172208052202074,15.335448872720349,0.6996012028923461,0.13378838984241836,0.07391538393612838,0.9260846160638716,0.5525452722824089,Medium
ISIC_0014771.jpg,0.4276123003661051,0.5517315065349158,16.434098746101835,0.4337700726346143,0.5053001648518578,0.08049882664772517,0.9195011733522749,0.6323879947726929,Hard
ISIC_0014099.jpg,0.148096693935519,0.9464877519892538,15.302429100426837,0.14824169724471026,0.9437213958271511,0.07371751946218526,0.9262824805378147,0.7387478508302732,Hard
ISIC_0000207.jpg,0.8530039142360524,0.2000225295127373,50.553718604794206,0.868312451014974,0.11468776941361836,0.2849539202343645,0.7150460797656355,0.5132193484371632,Medium
ISIC_0014108.jpg,0.1298575918686064,0.3153330827144782,6.425114742947017,0.12961024675706287,0.24275311419610388,0.020521963788543776,0.9794780362114562,0.47232112004171695,Medium
ISIC_0012435.jpg,0.0502265625,0.3736087579683591,11.338706264868614,0.0482662433341616,0.30747480910258307,0.04996569201944498,0.950034307980555,0.46756849226776787,Medium
ISIC_0016022.jpg,0.0354114041799429,0.8929041253531356,14.684526330434588,0.03313239037944072,0.8842107488888372,0.07001485896393167,0.9299851410360683,0.687462196513019,Hard
ISIC_0012177.jpg,0.0312878989361702,0.3811997235251775,12.084239780917372,0.028920182810062818,0.3159054305355158,0.05443315459455606,0.9455668454054439,0.4645406138086273,Easy
ISIC_0000455.jpg,0.2805968120586178,0.5996360074787599,6.3311292350421,0.2835920769597477,0.5585035036587839,0.01995877416644158,0.9800412258335585,0.637313849745196,Hard
ISIC_0014430.jpg,0.0980338225044021,0.4668851644052526,14.55151107538082,0.09710190390859018,0.41106875448512653,0.06921779127873762,0.9307822087212624,0.51447675082364,Medium
ISIC_0010360.jpg,0.2583885192871094,0.2636915545848728,12.771554660915912,0.2609060529619897,0.18539938618612942,0.05855175347389823,0.9414482465261018,0.4688931539990848,Medium
ISIC_0014353.jpg,0.0144755779127536,0.3732248364705932,13.703383911326652,0.011746205408046865,0.3070484210781082,0.06413555649950431,0.9358644435004957,0.45330847500842847,Easy
ISIC_0011151.jpg,0.8335838317871094,0.7086158903813484,12.142734685634036,0.8484746156168217,0.679537926708141,0.05478367377582825,0.9452163262241717,0.8147595387659219,Hard
ISIC_0014394.jpg,0.0364654300477947,0.4713295726218246,13.90916013744453,0.03420908980781913,0.41600476992175023,0.06536862995527783,0.9346313700447222,0.5020751599363076,Medium
ISIC_0000431.jpg,0.1114052666558159,0.2954028440655473,10.680560837924862,0.11076098639748924,0.2206183415035554,0.04602188533529394,0.9539781146647061,0.44982992333344163,Easy
ISIC_0013172.jpg,0.0248447473404255,0.455686862793078,14.954731660923152,0.022338430073545343,0.39863178044310327,0.07163401112217513,0.9283659888778248,0.48996541580286634,Medium
ISIC_0013558.jpg,0.0326349734042553,0.1574569624297411,12.47774840198239,0.030296234721128742,0.06741391742880605,0.0567911774060705,0.9432088225939295,0.36466271355967994,Easy
ISIC_0014349.jpg,0.1239826586869025,0.1600484972194041,10.141909565180258,0.12360893560196383,0.07029210842814457,0.04279412380583764,0.9572058761941623,0.3940411339397056,Easy
ISIC_0012126.jpg,0.0125167885638297,0.4128143824820818,20.06988068030735,0.009745279779344336,0.35101706678283473,0.10228553290931977,0.8977144670906803,0.45704321013970806,Easy
ISIC_0003728.jpg,0.050940032648862,0.8081238182883376,16.360209684714032,0.04899506121698114,0.7900526778923099,0.0800560610183413,0.9199439389816587,0.6502502151047498,Hard
ISIC_0012697.jpg,0.0320405585106383,0.3752926380938414,11.38258287839748,0.02968903313746986,0.3093449474624692,0.05022861397351311,0.9497713860264869,0.46358022237862556,Easy
ISIC_0014854.jpg,0.4650701693653437,0.9632597073607316,25.54573872279848,0.47203371242739445,0.9623485395506479,0.1350985323853222,0.8649014676146778,0.8056633575922449,Hard
ISIC_0000046.jpg,0.3805947647136423,0.687697337489539,9.060438877766977,0.3857411244799127,0.6563055198376847,0.036313623978405984,0.963686376021594,0.69624772066261,Hard
ISIC_0015544.jpg,0.2184786394913264,0.9523750948543412,8.780473406493504,0.22013765621443218,0.9502599525588236,0.0346359861012166,0.9653640138987833,0.7730157999417115,Hard
ISIC_0012116.jpg,0.0442014627659574,0.1817110531584204,16.22295627246655,0.042111535335592115,0.09435081440231831,0.07923359701193194,0.920766402988068,0.37053645064064916,Easy
ISIC_0012702.jpg,0.0112147606382978,0.150601862449404,14.440723781606977,0.008415243424534456,0.059800557522671896,0.06855392026814162,0.9314460797318583,0.35203016177135277,Easy
ISIC_0001126.jpg,0.2053540547688802,0.3977852984423343,7.560961980007456,0.2067307434437213,0.3343255777918153,0.027328304366636545,0.9726716956333634,0.5258480104493336,Medium
ISIC_0016006.jpg,0.0435601246750796,0.1355317371959131,11.075661008515086,0.041456401171520045,0.04306348764558094,0.04838944519348332,0.9516105548065167,0.3606531895333932,Easy
ISIC_0014221.jpg,0.2778524206565487,0.1756609670942847,13.179173101697488,0.28078864988648544,0.08763151303523795,0.06099432659759631,0.9390056734024037,0.4339017533765578,Easy
ISIC_0002093.jpg,0.2046098146048542,0.7031574559906764,12.356833854662376,0.20597049363997008,0.6734757211007236,0.056066620825701644,0.9439333791742983,0.6512595945612863,Hard
ISIC_0012260.jpg,0.0266758643617021,0.424280344349374,10.513428085606137,0.024208936965487877,0.3637513076569427,0.04502037527573763,0.9549796247242623,0.4857956259576408,Medium
ISIC_0013996.jpg,0.0939039441137011,0.1870342716822564,7.768765454545194,0.09288318609704084,0.10026284757429409,0.028573525708791035,0.971426474291209,0.403325201555901,Easy
ISIC_0013065.jpg,0.0141854147535965,0.7927045892357512,9.007116359670173,0.011449800436281169,0.7729278889630189,0.035994099303954495,0.9640059006960455,0.6494356709378938,Hard
ISIC_0010330.jpg,0.3494008382161458,0.8469172351860856,19.748861990258117,0.3538761732931026,0.8331371326308881,0.10036189171434452,0.8996381082856555,0.7365972342756103,Hard
ISIC_0000089.jpg,0.1231584548950195,0.7295343776404463,16.688866088987613,0.12276700204164583,0.7027702606860856,0.08202546970964254,0.9179745302903575,0.6330909403864708,Hard
ISIC_0012233.jpg,0.0373297279840265,0.3402686781827891,7.9168018972778835,0.035091979993224214,0.2704468988700777,0.029460604898960695,0.9705393951010393,0.45664054283170086,Easy
ISIC_0000183.jpg,0.4599688442805592,0.2029596072536021,76.23659549271004,0.46682265075397045,0.11794972474288248,0.4388534953011487,0.5611465046988513,0.3602868292302436,Easy
ISIC_0015237.jpg,0.4943758430852732,0.1395136650363618,21.0668533616481,0.5019697918964886,0.04748586658338611,0.10825969509843679,0.8917403049015632,0.4565959013230237,Easy
ISIC_0010860.jpg,0.262976328531901,0.5492279226124397,14.720767313226446,0.2655925523563963,0.5025196531873023,0.07023202590656083,0.9297679740934391,0.5928247902967236,Hard
ISIC_0015978.jpg,0.0323304860473421,0.150248485423649,10.096267042330348,0.029985197418215988,0.05940809257141677,0.0425206199884019,0.9574793800115982,0.36637731938718,Easy
ISIC_0011090.jpg,0.3545341491699219,0.1611836264245308,7.986133621593014,0.35911990889599055,0.07155279714215054,0.02987606158464712,0.9701239384153528,0.4579444745262313,Easy
ISIC_0004337.jpg,0.0341584453997648,0.1106019692477466,6.095479913780835,0.031852478715461374,0.015376175088475802,0.018546692079019798,0.9814533079209802,0.35762224748659865,Easy
ISIC_0010186.jpg,0.3454513549804687,0.1705184119023257,7.79111822898516,0.34984173118694206,0.08192012682265973,0.028707470301637374,0.9712925296983627,0.4601808689202263,Easy
ISIC_0012873.jpg,0.011774767287234,0.4033570943660159,13.182679453285022,0.008987296594374207,0.34051368413777605,0.06101533771802924,0.9389846622819708,0.46709692960239374,Medium
ISIC_0015641.jpg,0.32282610778771,0.8470680666505881,16.357428704485724,0.32672978349915643,0.8333046479447012,0.08003939654273472,0.9199606034572653,0.7369905162627124,Hard
ISIC_0012786.jpg,0.2189581460118865,0.1267535285329524,10.134762758799676,0.22062747758631468,0.03331429914738813,0.042751297977957986,0.957248702022042,0.4035196347632486,Easy
ISIC_0010498.jpg,0.2655436197916667,0.1192664951900616,8.415343001141503,0.26821506961729075,0.02499910613311335,0.03244801415115537,0.9675519858488446,0.41569660490466365,Easy
ISIC_0000290.jpg,0.3134956359863281,0.3019017925763253,28.83689472720341,0.3171986002887067,0.2278361551263925,0.15482013572309836,0.8451798642769016,0.4662470646196492,Medium
ISIC_0015975.jpg,0.0466999667553191,0.1587409970922874,10.937976277165816,0.04466378561634631,0.06883998240903345,0.047564396592412975,0.952435603407587,0.3720544005603554,Easy
ISIC_0007332.jpg,0.0870624291383219,0.1380577477072934,16.48096570727007,0.08589450063124081,0.04586890656069214,0.08077966767032324,0.9192203323296768,0.3615483040974739,Easy
ISIC_0012086.jpg,0.472066267372757,0.1522274908534657,12.184782787981264,0.4791803062209733,0.061606000791078856,0.05503563873722429,0.9449643612627757,0.4751750033136463,Medium
ISIC_0013140.jpg,0.0256763898454239,0.412177392542885,5.896171081715603,0.02318796236403071,0.3503096177773348,0.017352373206731445,0.9826476267932686,0.4898475070795856,Medium
ISIC_0012223.jpg,0.5747030188768237,0.1380570748316716,7.840383048505539,0.5840249168188834,0.045868159256598026,0.029002680017551075,0.9709973199824489,0.5042025549012171,Medium
ISIC_0009083.jpg,0.0604543447614455,0.2639290155829226,5.684481314704327,0.05871403939909236,0.18566311334503421,0.01608386402330929,0.9839161359766907,0.4333144027796285,Easy
ISIC_0014081.jpg,0.0215647862338587,0.4991525427651496,9.120603618039484,0.01898791244750122,0.4469053090774666,0.036674149319953636,0.9633258506800464,0.5206731494808782,Medium
ISIC_0000396.jpg,0.3266970760233918,0.1368147565020916,5.863424793777039,0.33068402163860944,0.04448842495830778,0.01715614753385401,0.982843852466146,0.4444617237561266,Easy
ISIC_0016059.jpg,0.0180876963933842,0.8922243337495629,6.865787168727604,0.015436025574658667,0.8834557638187416,0.02316260639907591,0.9768373936009241,0.6991343996814847,Hard
ISIC_0000161.jpg,0.4914942904557148,0.3451517761272592,26.735180752455506,0.49902625306720816,0.2758701286135959,0.14222602918911367,0.8577739708108864,0.5353255044960507,Medium
ISIC_0000339.jpg,0.1386987541648558,0.126673772601591,37.915989538530575,0.13864159473524265,0.03322572121098383,0.2092248209751517,0.7907751790248483,0.3247219998269011,Easy
ISIC_0003308.jpg,0.0937723083060384,0.219436267800942,6.870468734293636,0.0927487186203048,0.13624891033578626,0.023190659757521846,0.9768093402424781,0.41957001287425805,Easy
ISIC_0015118.jpg,0.6508910604841877,0.1568887429189199,9.97478921308183,0.6618518690312684,0.06678284572248842,0.041792688052156135,0.9582073119478438,0.5275486647285578,Medium
ISIC_0014117.jpg,0.0383153797375482,0.913407366563076,11.122389681695427,0.036098834485097285,0.9069819054031556,0.04866945755258445,0.9513305424474156,0.7047831606391319,Hard
ISIC_0000999.jpg,0.0858902588813303,0.90995268514397,27.21843489097848,0.0846971153638021,0.9031450929452585,0.14512183431610645,0.8548781656838935,0.6816396740084166,Hard
ISIC_0014951.jpg,0.5843582682190798,0.4654244181429949,15.0772652131351,0.5938878639862482,0.40944643138874465,0.07236826927008984,0.9276317307299101,0.6369216443075285,Hard
ISIC_0000261.jpg,0.0842793782552083,0.3303607770438932,15.597270229749562,0.08305158245779634,0.2594430597574203,0.07548429678674301,0.9245157032132569,0.44812061564205713,Easy
ISIC_0015962.jpg,0.021635472074468,0.8838494469097615,15.925538082240664,0.019060118838729167,0.874154509589417,0.07745137715811048,0.9225486228418895,0.6773188515401105,Hard
ISIC_0000498.jpg,0.2932209736811399,0.2590667247132437,15.705085248281046,0.2964878018345355,0.18026299219941166,0.07613035702408426,0.9238696429759158,0.46958152237996903,Medium
ISIC_0013410.jpg,0.0496283068505785,0.456114861430328,6.238886116984955,0.047655118374705804,0.39910712109080576,0.01940602547190147,0.9805939745280985,0.5147645191148332,Medium
ISIC_0014132.jpg,0.2030671890721952,0.126612135328459,7.689723058580314,0.2043946840892984,0.033157266083366055,0.028099879738195773,0.9719001202618043,0.40452661954730246,Easy
ISIC_0013762.jpg,0.0723347360808318,0.5191270267266241,7.074001879190306,0.07084999443837957,0.4690892211683493,0.02441029199141469,0.9755897080085854,0.5468045848799394,Medium
ISIC_0012369.jpg,0.1371725575947509,0.1622820430026953,5.726455032986686,0.13708256755693043,0.07277271235278464,0.0163353832528652,0.9836646167471348,0.40766234269184365,Easy
ISIC_0015960.jpg,0.0682381981382978,0.1484226688857258,8.075945231088063,0.06666533427434931,0.05738031785395781,0.030414239943624324,0.9695857600563756,0.3789734767299019,Easy
ISIC_0013325.jpg,0.0372887854005953,0.1347349094861395,9.663775828806685,0.03505015667795155,0.042178520809927476,0.03992900167897773,0.9600709983210223,0.36165879690581665,Easy
ISIC_0013549.jpg,0.0743030917218681,0.1697313373574704,8.599975590644092,0.07286069214342601,0.08104599197413409,0.03355438853405397,0.966445611465946,0.3888895338385912,Easy
ISIC_0001181.jpg,0.031031120948977,0.8782753463587675,5.129625129116786,0.0286578811716841,0.867963843695495,0.012758997749263578,0.9872410022507364,0.6998843585588768,Hard
ISIC_0012770.jpg,0.0222707779255319,0.3753075106070985,8.103423416639078,0.01970909100112978,0.3093614650619878,0.03057889755181841,0.9694211024481816,0.4679692446319411,Medium
ISIC_0000160.jpg,0.7110546834923567,0.2793625840535346,79.6395156317447,0.7233096951414508,0.20280382781160208,0.4592448231757159,0.5407551768242841,0.45121326679850293,Easy
ISIC_0013802.jpg,0.0181289893617021,0.3800662873422937,13.286388269839115,0.015478206812083652,0.3146466221132198,0.061636792349767315,0.9383632076502327,0.4581553232258903,Easy
ISIC_0013803.jpg,0.010033909574468,0.4509963451062342,27.218983278474287,0.00720899061404427,0.393422432745993,0.14512512042003262,0.8548748795799674,0.45837742860489683,Easy
ISIC_0013747.jpg,0.1458595911768405,0.1248138594671569,7.944058412202717,0.14595647129821424,0.03116007838634096,0.029623934189641016,0.970376065810359,0.38858477221271553,Easy
ISIC_0012901.jpg,0.0407305518617021,0.4293463651886886,11.99953858018007,0.03856596031646978,0.36937769385879365,0.05392559935228293,0.9460744006477171,0.4885186078493359,Medium
ISIC_0007322.jpg,0.0650676731773017,0.1910150603018379,8.349886968088217,0.06342660691738088,0.10468396127913411,0.032055781781066106,0.967944218218934,0.3965107126176257,Easy
ISIC_0001142.jpg,0.4923270896629051,0.3269934898723993,3.636209342542245,0.49987696694215633,0.25570330844563405,0.003809998151014117,0.9961900018489859,0.5759170657609378,Hard
ISIC_0000071.jpg,0.0900897338092601,0.4280306903960684,17.370091913047837,0.08898692683077006,0.3679164889537773,0.0861075811220411,0.9138924188779589,0.489275673896489,Medium
ISIC_0007693.jpg,0.0561985596707818,0.841248557989474,5.642751618075335,0.054366706459571694,0.8268414287296624,0.01583380704538991,0.98416619295461,0.6887864156408714,Hard
ISIC_0014730.jpg,0.1220009208340805,0.1922944816508085,9.1119523799558,0.12158456781516741,0.10610490265551734,0.036622308481768305,0.9633776915182317,0.41002029504737986,Easy
ISIC_0012221.jpg,0.0324985039893617,0.3467697603669006,19.866375585850832,0.030156829659556066,0.2776670821772457,0.10106606876215797,0.898933931237842,0.433232916219032,Easy
ISIC_0012789.jpg,0.0118974401595744,0.8820660894587498,8.390973342275341,0.009112608330599088,0.8721738904657305,0.032301983776116296,0.9676980162238837,0.6898420139473013,Hard
ISIC_0013580.jpg,0.0356325760156381,0.3621373590918914,8.853943369383728,0.0333583199285435,0.2947345298179801,0.035076240365500284,0.9649237596344997,0.4639567077814028,Easy
ISIC_0015020.jpg,0.6747383703749282,0.1712412788220516,14.452407638285464,0.6862121676831925,0.08272295187844268,0.06862393347522149,0.9313760665247786,0.5306238459558477,Medium
ISIC_0000007.jpg,0.0880587951635084,0.4015914910736076,20.69612267271197,0.08691229987364499,0.33855278300502567,0.1060381645533781,0.8939618354466219,0.47003583057673914,Medium
ISIC_0000374.jpg,0.1452900912646675,0.7240025849126148,31.04873525588718,0.1453747206518587,0.6966265823905219,0.16807415391449837,0.8319258460855017,0.6061683592490991,Hard
ISIC_0000169.jpg,0.2817844037166133,0.3932146968655561,16.88248975283415,0.28480521536394715,0.32924941042863043,0.08318572133250014,0.9168142786674999,0.5237860655460639,Medium
ISIC_0011339.jpg,0.2021280924479166,0.68487527943025,47.11451476722434,0.20343538619216647,0.6531713068075318,0.26434516945149966,0.7356548305485003,0.5696065599630294,Medium
ISIC_0000425.jpg,0.4251728764286748,0.2218591663734782,6.56766065653808,0.4312781732997745,0.13893981184002216,0.02137614206556901,0.978623857934431,0.5059138183380033,Medium
ISIC_0015035.jpg,0.0304760452096991,0.8880010048501562,17.391506746226334,0.028090864982218744,0.8787652818410332,0.08623590528684086,0.9137640947131591,0.6783462621315737,Hard
ISIC_0000376.jpg,0.2321199622804466,0.2426925090121229,13.877809845515053,0.23407242280541332,0.16207758313595771,0.0651807695131933,0.9348192304868067,0.4505358696261188,Easy
ISIC_0000185.jpg,0.2789616206861448,0.4149649031744774,22.855532142624323,0.28192171034946767,0.3534054620015418,0.11897799996453752,0.8810220000354625,0.5202003124003955,Medium
ISIC_0015313.jpg,0.628838362183308,0.418976897940815,24.71280293074289,0.639324786557333,0.35786123364386185,0.13010732890703958,0.8698926710929604,0.6074381249794141,Hard
ISIC_0015223.jpg,0.0550129546006193,0.8323754984230378,13.235218767889812,0.05315559737746897,0.8169868976299537,0.0613301692000032,0.9386698307999968,0.6686180991763475,Hard
ISIC_0000529.jpg,0.3960590840270565,0.6754142376555032,14.273727265180252,0.40153810278268376,0.6426637553021233,0.0675532265753023,0.9324467734246977,0.6838063985151644,Hard
ISIC_0012372.jpg,0.0515739694148936,0.9299805250867388,14.2679440587974,0.049642634843428665,0.9253882628573112,0.06751857185150603,0.932481428148494,0.7089344637057545,Hard
ISIC_0000521.jpg,0.5357805887858073,0.2683438293693944,4.855815461908524,0.5442652111908725,0.19056626083688447,0.011118247314005437,0.9888817526859945,0.55840142057257,Medium
ISIC_0013197.jpg,0.004635472074468,0.3912492249491556,20.488217876619203,0.0016944252246454397,0.3270665326984911,0.1047923360617858,0.8952076639382142,0.44457290176393277,Easy
ISIC_0000224.jpg,0.6144363897596656,0.204953986173184,149.82864289818048,0.6246130077016003,0.12016470695284834,0.8798393269672844,0.1201606730327156,0.24627537026798987,Easy
ISIC_0013089.jpg,0.0371977548528211,0.1787099078004217,5.325613738504343,0.034957167936647486,0.09101770477494504,0.013933420841906555,0.9860665791580935,0.3902696765994726,Easy
ISIC_0012285.jpg,0.0149453125,0.7694560246018194,15.296642538745212,0.012226044638756222,0.7471077418656983,0.07368284463242276,0.9263171553675772,0.6261106122846205,Hard
ISIC_0000136.jpg,0.5140606562296549,0.2381403081786062,15.329890181721122,0.5220780527150664,0.15702185186872944,0.07388207457649387,0.9261179254235061,0.5174695278244854,Medium
ISIC_0014729.jpg,0.5712157365697167,0.1687176615545909,12.936996438533416,0.580462618225293,0.0799201909300067,0.05954313070101905,0.940456869298981,0.5062436351829692,Medium
ISIC_0011402.jpg,0.7151781717936198,0.2478378044070684,10.790822371674247,0.7275218854038622,0.16779201265229693,0.04668260583262368,0.9533173941673763,0.582658364370466,Hard
ISIC_0015158.jpg,0.1080710179115101,0.3947532287905633,6.929278642537325,0.10735501333120935,0.3309581232564164,0.023543066535310776,0.9764569334646892,0.5009819293480101,Medium
ISIC_0010321.jpg,0.3547986348470052,0.2417465962633768,6.865813775142914,0.3593900840273754,0.1610270405885607,0.023162765832772842,0.9768372341672271,0.4961513692007976,Medium
ISIC_0012203.jpg,0.0235664893617021,0.3872174266405702,17.830363510584995,0.02103267499011778,0.32258876699408867,0.08886566790435199,0.911134332095648,0.4531906917786417,Easy
ISIC_0008347.jpg,0.0339731731091732,0.257688785914778,4.147934913284881,0.03166322096054412,0.17873263610957538,0.00687641272099379,0.9931235872790062,0.42700211523161835,Easy
ISIC_0010361.jpg,0.50634765625,0.1260409110847963,28.24239359056325,0.5141991353920005,0.03252285728311693,0.15125770489788617,0.8487422951021139,0.4386187300469867,Easy
ISIC_0010443.jpg,0.1386807759602864,0.6449011702214249,22.052744665579667,0.1386232297945201,0.6087755603987492,0.11416745431868583,0.8858325456813142,0.5882074225965896,Hard
ISIC_0015176.jpg,0.5748596307785426,0.1426388982460447,16.135523443779803,0.5841848976601521,0.05095678973318217,0.078709673027851,0.921290326972149,0.488880554748563,Medium
ISIC_0011163.jpg,0.1210467020670573,0.1987605579998981,8.987253293919931,0.12060982247699485,0.11328620804382185,0.03587507379945876,0.9641249262005412,0.4129106630069669,Easy
ISIC_0013242.jpg,0.1016549650545862,0.1650073754858312,7.426396207067035,0.10080094226502659,0.07579950074646338,0.026521945508770108,0.9734780544912299,0.3962373549367725,Easy
ISIC_0001102.jpg,0.4505554481788917,0.6621569339427287,7.061031707056578,0.45720675942634886,0.6279400277358161,0.024332570792631736,0.9756674292073683,0.7069613011734925,Hard
ISIC_0014784.jpg,0.6522712053594228,0.9319608740386018,16.052729543718485,0.663261702739879,0.9275876632093871,0.07821354690875747,0.9217864530912425,0.8594757495506595,Hard
ISIC_0013335.jpg,0.1393455442677763,0.4715135134700509,10.531797371401392,0.13930229819170964,0.41620905693185994,0.04513044959842771,0.9548695504015723,0.5355135399612216,Medium
ISIC_0013921.jpg,0.0310486294446995,0.4665536977738274,7.612501727473876,0.02867576629947001,0.4107006234922669,0.027637146139649266,0.9723628538603507,0.511776189822897,Medium
ISIC_0012271.jpg,0.0268572702236709,0.3958570279814297,7.340891671361684,0.02439424511953193,0.3321840164641406,0.026009576440119246,0.9739904235598807,0.47986881611149745,Medium
ISIC_0010234.jpg,0.0716044108072916,0.1934315516611002,12.09827583047925,0.07010395885373716,0.10736774685205036,0.05451726285363532,0.9454827371463647,0.39139204645548203,Easy
ISIC_0013201.jpg,0.019690159574468,0.1467911920793896,10.822121700564212,0.017072959964691093,0.055568379276726865,0.04687016088874387,0.9531298391112561,0.3600910353908031,Easy
ISIC_0011358.jpg,0.2514813741048177,0.7966824313708047,19.54600829236309,0.2538503254923619,0.7773457302652341,0.09914633093262153,0.9008536690673785,0.6896996576527666,Hard
ISIC_0000271.jpg,0.2064666748046875,0.1486607280368448,14.65006771918499,0.207867297481999,0.057644709329153845,0.06980837253128441,0.9301916274687156,0.40059177771621174,Easy
ISIC_0001769.jpg,0.0356078291656168,0.5385269859918638,15.850626577142307,0.03333304073940329,0.49063505893501413,0.07700248473641785,0.9229975152635821,0.5276364141011102,Medium
ISIC_0000193.jpg,0.3071339877010406,0.2226828333216496,13.718429192047138,0.31070010411206767,0.1398545866700324,0.06422571237728032,0.9357742876227196,0.4611378613639817,Easy
ISIC_0008879.jpg,0.0316928349823914,0.1393055770664376,5.303243904445209,0.029333829593120222,0.04725476147744833,0.013799374022656527,0.9862006259773435,0.3714055810813296,Easy
ISIC_0011374.jpg,0.6377423604329427,0.1765168578351355,13.6329614343742,0.6484203221775386,0.08858207601303779,0.06371356369373604,0.936286436306264,0.5252381636567922,Medium
ISIC_0013437.jpg,0.152487049042009,0.4663343899888772,10.741396965624286,0.15272649498802396,0.41045705751922024,0.04638643383359926,0.9536135661664007,0.5361291949129343,Medium
ISIC_0000354.jpg,0.4248085071707953,0.7791878407870075,38.73810915933183,0.43090596595302594,0.7579160188231023,0.21415121068015042,0.7858487893198496,0.6859399752794448,Hard
ISIC_0000360.jpg,0.0820680320150659,0.1465210311182008,46.64192624277626,0.08079266708832758,0.0552683351291554,0.261513275913583,0.738486724086417,0.30077585425399,Easy
ISIC_0000121.jpg,0.2761284510294596,0.1534458629423093,12.476743638151204,0.27902759527801396,0.06295914009445319,0.056785156556952356,0.9432148434430476,0.4250657500623514,Easy
ISIC_0012758.jpg,0.0648100489240351,0.6436840675032216,17.34305041166844,0.06316344080857,0.6074238308743084,0.08594554025763097,0.914054459742369,0.578679453461695,Hard
ISIC_0012390.jpg,0.1310413896276595,0.3653469556946588,7.228025505039246,0.13081950965028374,0.29829914800888385,0.02533324819573113,0.9746667518042689,0.49315789974761853,Medium
ISIC_0012127.jpg,0.0177134308510638,0.2113430656172918,12.749481482017677,0.015053709060644259,0.1272604986140057,0.05841948430219925,0.9415805156978008,0.38422080720499363,Easy
ISIC_0000166.jpg,0.4944163915323363,0.6659593308868775,21.401089508175684,0.5020112125969725,0.6321630174113608,0.11026253929486547,0.8897374607051345,0.6897761213605845,Hard
ISIC_0010854.jpg,0.1217994689941406,0.169374097075167,8.301317370196625,0.12137878246632096,0.08064923644176461,0.03176473804366464,0.9682352619563354,0.40148673187800343,Easy
ISIC_0010182.jpg,0.0424156188964843,0.6050114685998202,12.45575649725388,0.04028727548383567,0.5644735581136354,0.05665939525380626,0.9433406047461937,0.5660304537775809,Medium
ISIC_0000147.jpg,0.4887584050496419,0.1399458539451249,17.59746561028972,0.49623151496573137,0.04796586099911905,0.08747007316448648,0.9125299268355135,0.46262969753351013,Easy
ISIC_0015202.jpg,0.1492976937690834,0.1726471467389335,22.07452638979802,0.14946853225295995,0.08428432639703616,0.11429797700569072,0.8857020229943093,0.3810765716700627,Easy
ISIC_0000259.jpg,0.8941930135091146,0.13431152906492,7.081423299442963,0.9103875850276845,0.04170830921079684,0.02445476338876867,0.9755452366112314,0.5857210527551708,Hard
ISIC_0010584.jpg,0.0910924275716145,0.1417482827790908,17.91897532235592,0.09001118992875826,0.04996766103960529,0.08939665671206846,0.9106033432879316,0.3612010320488077,Easy
ISIC_0002287.jpg,0.1146199123939699,0.3311881008792613,7.0251927054157886,0.11404478363081878,0.26036189597215786,0.02411781264277936,0.9758821873572207,0.4742147198715951,Medium
ISIC_0000116.jpg,0.3614047368367513,0.3296626092730831,10.300102711191608,0.36613829244721774,0.2586676658858083,0.04374206503749458,0.9562579349625054,0.5296919167030046,Medium
ISIC_0000463.jpg,0.2908617021276595,0.1622154005072436,29.290079276048445,0.2940777790727611,0.07269869836256244,0.15753575476369341,0.8424642452363066,0.39746140994592255,Easy
ISIC_0013929.jpg,0.306684024138437,0.2883368571338515,9.56775251026493,0.31024046120820437,0.21277076790764188,0.03935360087849218,0.9606463991215078,0.49889466215763556,Medium
ISIC_0015256.jpg,0.8482803663532824,0.1934985468597865,13.500735186337796,0.8634872930559365,0.1074421525589029,0.06292122397750072,0.9370787760224992,0.58682625589542,Hard
ISIC_0015404.jpg,0.5761589681250067,0.1131107888853243,15.271466571475424,0.585512185557801,0.01816250160380648,0.07353198261327962,0.9264680173867204,0.47790685311632497,Medium
ISIC_0010553.jpg,0.1436373392740885,0.817291127043916,28.137599489121506,0.14368641567018448,0.800234005827288,0.1506297469104779,0.8493702530895221,0.653294794829794,Hard
ISIC_0006914.jpg,0.1142762660619803,0.1987792168442214,7.256554322175058,0.11369374498888142,0.11330693079005066,0.02550420150651172,0.9744957984934883,0.4148197380359615,Easy
ISIC_0014763.jpg,0.566934073170936,0.2715334329286423,10.556468531261064,0.5760888502993012,0.19410867450321972,0.04527828665871416,0.9547217133412859,0.5558182820455633,Medium
ISIC_0014599.jpg,0.3039455875038261,0.4946180652931371,22.195866391079377,0.30744311699772,0.4418692615975303,0.11502508303502307,0.884974916964977,0.5633497048261841,Medium
ISIC_0000231.jpg,0.3167070677444121,0.6233129178292174,32.18333881421724,0.32047911440479054,0.5847993768743983,0.17487304199305376,0.8251269580069462,0.6028339646533881,Hard
ISIC_0013843.jpg,0.0245518617021276,0.3830641098554811,8.494728797136082,0.022039244058330833,0.3179760413475233,0.03292371787870984,0.9670762821212902,0.4711769262960435,Medium
ISIC_0013163.jpg,0.0173796542553191,0.7767487874791442,31.25013648189429,0.014712752466688121,0.7552071756674555,0.16928101104486165,0.8307189889551383,0.5965127045179526,Hard
ISIC_0012453.jpg,0.0362707071209961,0.5029522741416722,7.965017676758651,0.03401017812038254,0.4511253383402163,0.029749528449308563,0.9702504715506914,0.5285403449089241,Medium
ISIC_0015142.jpg,0.5140133725151986,0.1598357074363466,19.036639024507448,0.5220297518622321,0.07005578142964537,0.09609403604302734,0.9039059639569726,0.4748968379223566,Medium
ISIC_0012852.jpg,0.0942339469505662,0.1210997958692481,6.251648981917571,0.09322028775332189,0.027035192831606776,0.019482504423162902,0.9805174955768371,0.37730027252286613,Easy
ISIC_0007788.jpg,0.1016184275689669,0.1265144067142867,8.700681805635185,0.10076361880733872,0.03304872746030359,0.03415785066804121,0.9658421493319588,0.3764551479521417,Easy
ISIC_0014675.jpg,0.10255664709842,0.973717533744984,18.07496234264838,0.10172202074211709,0.9739631325292414,0.09033137817040474,0.9096686218295953,0.7333997758375841,Hard
ISIC_0000123.jpg,0.1869939168294271,0.2306553631719596,22.239013395509662,0.18797565343378855,0.14870897818684625,0.11528363295044744,0.8847163670495526,0.41612823310052904,Easy
ISIC_0000102.jpg,0.0281775792439778,0.1779082151238146,24.027248290408885,0.02574295582085903,0.09012733484618703,0.12599927791676643,0.8740007220832335,0.3483869256228213,Easy
ISIC_0005000.jpg,0.0327374902318999,0.802558558206081,7.02464438473929,0.030400956828138388,0.7838718303337048,0.02411452693925472,0.9758854730607452,0.6627088869117774,Hard
ISIC_0000297.jpg,0.1147417789366942,0.1152489582260599,34.03136996625617,0.11416927169215747,0.020537179256645204,0.18594700423841232,0.8140529957615876,0.3216757381422531,Easy
ISIC_0014506.jpg,0.5028735961606993,0.1689538091502668,7.805914789496339,0.5106503434444879,0.08018245940778325,0.028796135772606937,0.971203864227393,0.49965692210382284,Medium
ISIC_0012904.jpg,0.1075679458728701,0.8098349746650984,12.420924268670197,0.10684111951421907,0.7919531095985323,0.05645066999296213,0.9435493300070379,0.6737337892204309,Hard
ISIC_0000031.jpg,0.326120013003411,0.2782491164927353,11.099803602374717,0.3300945451914915,0.20156719679112303,0.048534114926248165,0.9514658850737518,0.49616357479013523,Medium
ISIC_0008659.jpg,0.0337647753595086,0.4382176382731395,3.860033790958087,0.031450340285806476,0.37923024086923185,0.005151222019784171,0.9948487779802159,0.5077517537122199,Medium
ISIC_0000448.jpg,0.1943829854329427,0.2558889815910296,9.419616499279998,0.1955236711668531,0.17673375088301163,0.038465925045205906,0.961534074954794,0.45611134437909584,Easy
ISIC_0009994.jpg,0.1670659383138021,0.6188904326304259,42.59251619239699,0.16761899641905992,0.5798877094159326,0.23724798473361552,0.7627520152663845,0.5408230382143726,Medium
ISIC_0001106.jpg,0.2481033703512396,0.2205120117124237,6.662097658197975,0.25039965618578186,0.13744364499880135,0.021942037174962986,0.978057962825037,0.45989765903472896,Easy
ISIC_0016050.jpg,0.016392755324501,0.8417413226946746,9.850390734610718,0.013704623969002596,0.8273886993837001,0.04104725470139835,0.9589527452986016,0.6700150966002413,Hard
ISIC_0015207.jpg,0.3047588305473812,0.1299647719473514,12.753317964826516,0.3082738540287883,0.03688074630791813,0.058442473668873715,0.9415575263311263,0.42136589624625853,Easy
ISIC_0013562.jpg,0.055815713829029,0.4027024210176957,13.829217502230843,0.05397562507196551,0.33978659571659875,0.06488958947851199,0.935110410521488,0.4766971882371517,Medium
ISIC_0014687.jpg,0.3608196585508309,0.1218369056678427,19.528280441031274,0.36554062831465617,0.027853836207069656,0.09904010027946221,0.9009598997205378,0.41786265646368015,Easy
ISIC_0006795.jpg,0.0591789832875649,0.1190973002790407,7.456665629524956,0.0574112431283502,0.024811196145573654,0.02670332905369466,0.9732966709463053,0.3649311240715239,Easy
ISIC_0015468.jpg,0.0775754301702949,0.9821722193019462,22.968161626348422,0.0762034231373652,0.9833530122134151,0.11965290993512909,0.8803470900648709,0.7205135421924121,Hard
ISIC_0011167.jpg,0.7870165506998698,0.1850379299153993,8.85371617596362,0.8009056076284735,0.0980456854015575,0.035074878953733006,0.964925121046267,0.5771684684339349,Hard
ISIC_0015998.jpg,0.0284020165353025,0.944715630470664,9.023656380669095,0.02597222107007783,0.9417532554707553,0.03609321211808504,0.963906787881915,0.7205617332144918,Hard
ISIC_0012205.jpg,0.0388774933510638,0.4326648941182918,13.819255768378197,0.036673039943251245,0.3730632936563833,0.06482989575286197,0.9351701042471381,0.4857031139348644,Medium
ISIC_0014527.jpg,0.326120123574543,0.1718313462921659,8.791869284649888,0.3300946581411622,0.08337828820202192,0.03470427365379236,0.9652957263462076,0.45372848403727195,Easy
ISIC_0014624.jpg,0.0990047651387613,0.5022374378909036,16.555368035822234,0.09809373286771567,0.4503314322459706,0.08122550895197285,0.9187744910480271,0.5262270779821265,Medium
ISIC_0010599.jpg,0.3516591389973958,0.6787155020028212,11.35737651099595,0.356183053261081,0.6463301808383682,0.05007756978757543,0.9499224302124246,0.6800506862249662,Hard
ISIC_0016064.jpg,0.0181283114361479,0.9479504071994672,15.089446879923155,0.015477514303409098,0.9453458390250443,0.07244126550608274,0.9275587344939172,0.706653271258741,Hard
ISIC_0000540.jpg,0.5128498994018121,0.7738284660028932,26.675844898752484,0.5208412508260383,0.7519638300555629,0.14187047078687656,0.8581295292131235,0.7313411799533279,Hard
ISIC_0000484.jpg,0.5254640873333533,0.3410774963679974,7.648429620824406,0.5337267874618981,0.27134518247794337,0.027852436955542754,0.9721475630444573,0.582221416922212,Hard
ISIC_0016030.jpg,0.0926618280175666,0.151910861733026,6.686500089564205,0.09161435035830005,0.06125434852377647,0.022088263932745954,0.977911736067254,0.3896744346226245,Easy
ISIC_0012793.jpg,0.007876329787234,0.4456302375384774,13.685843041061505,0.005004998288570999,0.3874627664646044,0.06403044629351419,0.9359695537064858,0.48382569995525454,Medium
ISIC_0013193.jpg,0.1166956449468085,0.2682524560167786,10.820890419101794,0.11616516807419378,0.1904647804469136,0.04686278267739003,0.9531372173226099,0.43882523026022735,Easy
ISIC_0011223.jpg,0.1003265380859375,0.4517575165599047,15.327383065340156,0.09944393898701251,0.3942677992969829,0.0738670511759863,0.9261329488240138,0.5067146365539511,Medium
ISIC_0013109.jpg,0.0195819481382978,0.9058732723266748,17.63497981713098,0.016962420750216287,0.8986144459710567,0.08769486965115085,0.9123051303488492,0.6829931791980739,Hard
ISIC_0000275.jpg,0.0886484781901041,0.222143393703691,10.43018534447454,0.08751466780125008,0.13925547827322907,0.04452155956504227,0.9554784404349578,0.4119983124118394,Easy
ISIC_0014973.jpg,0.6757177737532656,0.1676050181132961,21.73217526139772,0.6872126393886516,0.07868447518697236,0.11224650538067077,0.8877534946193293,0.513990673038717,Medium
ISIC_0000486.jpg,0.1834138809667886,0.5849175000908448,9.833937948977765,0.18431860602684666,0.5421569449876176,0.040948664627995485,0.9590513353720045,0.5986103968819603,Hard
ISIC_0013000.jpg,0.0128405862603305,0.1426099319800633,3.0003939842917746,0.01007604281407251,0.05092461943534761,0.0,1.0,0.3728888584776571,Easy
ISIC_0014156.jpg,0.0625343098849153,0.7854082527516748,12.956418083520932,0.06083874746157215,0.7648244862688399,0.05965951107864267,0.9403404889213574,0.6502586524954042,Hard
ISIC_0014823.jpg,0.083254585728887,0.3650705762948363,6.901807637872454,0.08200474522073171,0.29799219758547274,0.023378451957160835,0.9766215480428392,0.4815156071543657,Medium
ISIC_0002206.jpg,0.050129224143361,0.1153604185005481,6.0689596028931225,0.04816681109426211,0.020660968433659273,0.018387774345851895,0.9816122256541481,0.36387036912598103,Easy
ISIC_0013830.jpg,0.0209503199417239,0.3567662542745132,10.26302216863182,0.01836022813188975,0.2887693135285657,0.04351986719851798,0.956480132801482,0.4548658289249174,Easy
ISIC_0004115.jpg,0.0785010985713986,0.2750601041819279,7.787069233112817,0.07714900395158905,0.19802543977271184,0.028683207492337617,0.9713167925076623,0.4384583042746638,Easy
ISIC_0010455.jpg,0.5427284240722656,0.2449914087409026,18.63840925668399,0.5513625040653287,0.16463076997109027,0.0937077226905769,0.9062922773094231,0.5208952310630663,Medium
ISIC_0012883.jpg,0.0308012256402407,0.3815246666901944,8.355729697307586,0.02842304049551764,0.3162663164848686,0.03209079318372226,0.9679092068162778,0.472380509103524,Medium
ISIC_0014692.jpg,0.0941630795691616,0.405145170757514,10.89006686532381,0.09314789591610398,0.34249954417587675,0.04727730888972444,0.9527226911102755,0.4937397335379731,Medium
ISIC_0009919.jpg,0.334912618001302,0.2817840825977896,7.60257423566098,0.339076291336376,0.20549317442689194,0.027577657602669888,0.9724223423973302,0.5073141624439164,Medium
ISIC_0011334.jpg,0.9566663106282552,0.2349730259073772,19.319022055202243,0.9742047695472501,0.15350422850446765,0.09778616066830433,0.9022138393316956,0.620727727554693,Hard
ISIC_0013124.jpg,0.0358039039383736,0.149290063347956,6.1796076306710646,0.03353333335288245,0.05834365700881888,0.019050810832430827,0.9809491891675691,0.37505301235039734,Easy
ISIC_0010264.jpg,0.5581499735514323,0.1725882837825804,10.4896270817949,0.5671157924953075,0.08421895246038452,0.044877752453975954,0.955122247546024,0.5097593157490891,Medium
ISIC_0009949.jpg,0.2046368916829427,0.4991237755017819,13.252412264822253,0.20599815318362005,0.44687335979442755,0.06143319783979938,0.9385668021602006,0.5587472629697462,Medium
ISIC_0015363.jpg,0.5792270834598763,0.1401007006562969,8.765680615331881,0.5886463003153315,0.048137835696178924,0.03454734321733093,0.9654526567826691,0.5043251392312387,Medium
ISIC_0014937.jpg,0.7515129665718495,0.3456608478989923,27.08195846132885,0.7646382920891179,0.2764355100999891,0.14430402622469313,0.8556959737753069,0.6012273678836325,Hard
ISIC_0014311.jpg,0.2414042683789619,0.469308158765663,7.186276709100368,0.24355644722460074,0.41375976237257545,0.02508307676896366,0.9749169232310363,0.567613939886043,Medium
ISIC_0014651.jpg,0.0464322039842873,0.4399831886039127,14.949537469303229,0.044390262896170055,0.38119108318212686,0.07160288595319152,0.9283971140468085,0.4885129889132762,Medium
ISIC_0012155.jpg,0.0386374667553191,0.1795482988943807,9.93011566073798,0.03642785004201984,0.09194883242570376,0.04152499059939619,0.9584750094006038,0.3813527487709978,Easy
ISIC_0012671.jpg,0.128814494680851,0.8634008498734675,9.748686247036185,0.12854471109987034,0.851444041578831,0.040437810615814994,0.959562189384185,0.7085605606909647,Hard
ISIC_0009035.jpg,0.1165620610955056,0.1468354817881388,7.743638672802302,0.11602871064869287,0.05561756798204301,0.0284229584242184,0.9715770415757816,0.39130616940651397,Easy
ISIC_0001299.jpg,0.0621299445704207,0.5351791439125693,4.9960779950402765,0.06042568368747357,0.4869169035861966,0.011958742883912724,0.9880412571160873,0.5556876223469775,Medium
ISIC_0012806.jpg,0.169080323436384,0.1285653645785209,4.16425141483456,0.16967671376373789,0.03532654695491631,0.006974186138902966,0.993025813861097,0.40410883207428494,Easy
ISIC_0014529.jpg,0.0073296231710129,0.3612017821004132,17.143060134556634,0.004446531253624642,0.293695466292072,0.08474713796028253,0.9152528620397175,0.43892832104413604,Easy
ISIC_0000550.jpg,0.3738218534372173,0.6896035040032289,24.69106853462704,0.3788225184739263,0.6584225322447056,0.1299770898243558,0.8700229101756443,0.6625826610778393,Hard
ISIC_0008145.jpg,0.0252549412785091,0.5841603655114219,5.668853624024457,0.022757447853022653,0.5413160618397335,0.01599021816870338,0.9840097818312966,0.5666192103401029,Medium
ISIC_0000211.jpg,0.141493981998433,0.1147637825915504,15.378265387562916,0.14149695180226973,0.019998337119578925,0.07417195345787118,0.9258280465421288,0.367413389088144,Easy
ISIC_0000039.jpg,0.221212285396604,0.4990692623609126,21.242287284110287,0.22293010664034074,0.44681281681733864,0.10931094828308033,0.8906890517169197,0.5461988214879425,Medium
ISIC_0013346.jpg,0.1406878878081502,0.2318350951566652,7.582077937592079,0.14067351740623774,0.1500192033065534,0.02745483757837852,0.9725451624216215,0.43556686752174834,Easy
ISIC_0010382.jpg,0.8445332845052084,0.174677244903873,7.524360727003733,0.8596596062723748,0.0865389788483206,0.027108978575808376,0.9728910214241916,0.5900423506058889,Hard
ISIC_0010852.jpg,0.0805015563964843,0.5109047365949635,17.236035451175592,0.07919249440325579,0.45995744275453404,0.08530427421031415,0.9146957257896858,0.5239246047290176,Medium
ISIC_0012940.jpg,0.0322408108866442,0.1877064658540947,5.283070799532719,0.02989359322024696,0.10100939484153892,0.013678490669621,0.986321509330379,0.39308968450730997,Easy
ISIC_0012506.jpg,0.0175213785793644,0.3927548130444895,11.096703655981427,0.014857525477807757,0.3287386576963828,0.04851553910879831,0.9514844608912016,0.4682294057599256,Medium
ISIC_0010574.jpg,0.1379839579264322,0.251176278027693,13.396445855382057,0.137911422236833,0.17149976327356503,0.06229629072768869,0.9377037092723113,0.43127405911394323,Easy
ISIC_0014178.jpg,0.0470761099698138,0.4845413779429777,7.890500171130907,0.04504802019387169,0.43067796640440315,0.029302996991746558,0.9706970030082535,0.5232771426631179,Medium
ISIC_0001262.jpg,0.0470142628810783,0.1835532778428795,6.0158991898800185,0.044984842688347945,0.09639681221285087,0.01806982028442714,0.9819301797155728,0.39348049845767785,Easy
ISIC_0014772.jpg,0.4723288026639261,0.1755088578444453,15.973184939665558,0.47944848901093373,0.08746257859702392,0.07773689155523042,0.9222631084447696,0.47763924164721233,Medium
ISIC_0011349.jpg,0.6387888590494791,0.3279696391472774,14.704127435274687,0.64948933243297,0.2567874320577004,0.07013231471933228,0.9298676852806678,0.5905409957795564,Hard
ISIC_0015115.jpg,0.4032693345670445,0.2604090287862071,16.237185896335284,0.4089034558272846,0.18175377191673933,0.07931886522687201,0.920681134773128,0.49716576989411165,Medium
ISIC_0010202.jpg,0.6942049662272135,0.4256852045794885,13.646239303150823,0.706097517052603,0.3653115630259898,0.06379312870397351,0.9362068712960265,0.650321409427156,Hard
ISIC_0012989.jpg,0.0361203457446808,0.1433110966647792,19.17318811504064,0.03385658226200116,0.05170334171708312,0.09691227954045663,0.9030877204595433,0.3452261844131737,Easy
ISIC_0001275.jpg,0.0559589094125304,0.2323529973761964,9.675484332867144,0.054121900991375815,0.15059439199888272,0.03999916258063358,0.9600008374193664,0.4097685251441753,Easy
ISIC_0000196.jpg,0.3197319522620727,0.7377315684340859,11.297318228776682,0.3235690683901834,0.7118741634606968,0.04971768237491819,0.9502823176250819,0.6982407436506032,Hard
ISIC_0000483.jpg,0.3150800908501325,0.6761118967686963,13.381377342817109,0.3188171389775404,0.6434385842522142,0.06220599563766608,0.937794004362334,0.6653076199720878,Hard
ISIC_0011144.jpg,0.2760785420735677,0.2409129351005792,28.89603603854697,0.2789766127111541,0.16010116605859764,0.15517452836861031,0.8448254716313897,0.42947353467221394,Easy
ISIC_0000023.jpg,0.1771249505305014,0.6101035578246372,8.752350463271174,0.17789439196114964,0.5701288961909616,0.034467464909823886,0.9655325350901761,0.6104615437482337,Hard
ISIC_0015997.jpg,0.0363341830553004,0.7814209582387635,10.27742514329246,0.03407501951020584,0.760396147037374,0.04360617418389363,0.9563938258161063,0.6474150527281383,Hard
ISIC_0005555.jpg,0.0803584551104392,0.2259307525192002,8.389195393149139,0.07904631480977105,0.14346176641473674,0.03229132976659053,0.9677086702334095,0.41584431985003073,Easy
ISIC_0013922.jpg,0.0339538482097937,0.4567046519578442,9.524462542372111,0.03164348035573545,0.39976214983846653,0.03909419428271107,0.9609058057172889,0.5041327620253716,Medium
ISIC_0012878.jpg,0.0619265771668707,0.4198699952386662,8.587124973806294,0.06021794156858292,0.3588531186899211,0.03347738374680547,0.9665226162531946,0.49687864855673225,Medium
ISIC_0012227.jpg,0.2725505198725473,0.1479472901988255,5.688581183400991,0.275372697851942,0.05685235632962428,0.016108431677976633,0.9838915683220234,0.43594616590754337,Easy
ISIC_0013801.jpg,0.1445415558510638,0.8968227784145782,10.26512879064378,0.14461008320174498,0.8885628540644892,0.043532490715497085,0.956467509284503,0.726341290675808,Hard
ISIC_0006193.jpg,0.0617895788716721,0.176782167785457,6.732271938283368,0.06007799624975523,0.08887673256717558,0.02236254270995003,0.9776374572900499,0.39274330214082653,Easy
ISIC_0009942.jpg,0.195196787516276,0.1255006567945196,46.8413032972886,0.19635497926342188,0.03192284410103243,0.2627080035954321,0.7372919964045679,0.3199100811978672,Easy
ISIC_0002647.jpg,0.0407766021979289,0.9143588805562988,8.965780537205392,0.038613001259395666,0.9080386687628305,0.035746402539291844,0.9642535974607082,0.710357476931229,Hard
ISIC_0013378.jpg,0.032798694160867,0.1967105040539846,5.644450546825069,0.030463477338633724,0.11100939245221869,0.015843987540892567,0.9841560124591074,0.3964742306762335,Easy
ISIC_0009976.jpg,0.1216939290364583,0.1680828628134563,10.741846411207428,0.12127097219754719,0.07921517549652198,0.0463891270476252,0.9536108729523748,0.39576761878132677,Easy
ISIC_0000531.jpg,0.1860772443211883,0.801944393686189,15.411710681110796,0.187039262026581,0.7831897315247993,0.07437236778401797,0.925627632215982,0.6840053793921587,Hard
ISIC_0010844.jpg,0.2516924540201823,0.3250795680604648,18.612756307464128,0.2540659460299095,0.2535776829072387,0.09355400245115918,0.9064459975488408,0.4822036588124671,Medium
ISIC_0014470.jpg,0.0571652632640868,0.434870222318885,7.366274938769637,0.0553542051899816,0.37551255878022144,0.026161680664460587,0.9738383193355394,0.5048869865770227,Medium
ISIC_0014879.jpg,0.0310084501528813,0.8595965579390994,8.84683397535308,0.0286347226952732,0.847218947303412,0.03503363872374987,0.9649663612762501,0.6837844860418707,Hard
ISIC_0013651.jpg,0.344404180598063,0.2022356855690844,9.223152167218837,0.3487720306289789,0.11714572825210962,0.037288651278254245,0.9627113487217458,0.4710002710106995,Medium
ISIC_0015942.jpg,0.0109338430851063,0.7215471987249656,21.397665822474156,0.008128282944561416,0.693899599733997,0.11024202353345265,0.8897579764665473,0.5910072023930306,Hard
ISIC_0000062.jpg,0.0821264346154571,0.7452704796040972,16.68884840318,0.08085232600977812,0.7202469726396007,0.08202536373092809,0.9179746362690719,0.62960299325246,Hard
ISIC_0014542.jpg,0.2773918165929482,0.1638905333124961,13.783513742413833,0.2803181375896685,0.07455912183903116,0.06461571871062688,0.9353842812893731,0.4272876815843102,Easy
ISIC_0014431.jpg,0.014721560954008,0.3625740657837903,13.980450883721725,0.011997479886204773,0.2952195417402541,0.0657958256937512,0.9342041743062488,0.4480586476748399,Easy
ISIC_0012680.jpg,0.0444376662234042,0.3695700065235098,16.4998733563788,0.04235281985751026,0.30298932115794996,0.08089296802900364,0.9191070319709964,0.45347139461740626,Easy
ISIC_0012288.jpg,0.0296159814952624,0.4590794389620097,8.14314917017224,0.027212300102601186,0.4023996180322175,0.030816946295915224,0.9691830537040848,0.506976991034967,Medium
ISIC_0014974.jpg,0.1553645202782722,0.9185253421945644,14.85751108219341,0.15566586462757018,0.912665993247988,0.07105143597611374,0.9289485640238863,0.729114860864448,Hard
ISIC_0010487.jpg,0.2277069091796875,0.7427603735697526,14.557264133360931,0.22956443880244481,0.717459217435907,0.06925226534417576,0.9307477346558243,0.6701365038045126,Hard
ISIC_0013147.jpg,0.039682347074468,0.4298507402112356,23.50334870278932,0.037495207188239,0.3699378590767087,0.12285991295137774,0.8771400870486222,0.46434797589476096,Easy
ISIC_0001306.jpg,0.0336097594902158,0.145190104583528,9.255353249017851,0.031291989809838265,0.05379019144836991,0.03748160991085552,0.9625183900891445,0.3662205105630081,Easy
ISIC_0010444.jpg,0.0401954650878906,0.7088801975667298,9.035882553186951,0.03801936308288395,0.6798314695789754,0.03616647504588721,0.9638335249541128,0.6187791623362506,Hard
ISIC_0013804.jpg,0.0171381316489361,0.3752143133697222,14.384861784462895,0.014466034373551526,0.30925795904275566,0.06821917826628664,0.9317808217337133,0.45344297981728976,Easy
ISIC_0015955.jpg,0.2615031582446808,0.1784524371757849,8.66912782597386,0.2640876921299705,0.09073175467410922,0.03396876966739098,0.9660312303326091,0.4404255555185495,Easy
ISIC_0016023.jpg,0.0409185765483113,0.1540960861484712,5.742617132964699,0.03875802967526622,0.06368128613200631,0.016432231449804283,0.9835677685501957,0.3794107408641876,Easy
ISIC_0014174.jpg,0.0160181306861059,0.3675264767027604,13.405715891794,0.01332194063425811,0.3007197513414762,0.0623518395928286,0.9376481604071714,0.451795241837665,Easy
ISIC_0001374.jpg,0.0724034115961199,0.2038799938441644,8.57650534422275,0.07092014725939619,0.11897191761925624,0.03341374771072562,0.9665862522892744,0.4036239921637975,Easy
ISIC_0013656.jpg,0.0164150381657483,0.3053805951700573,9.81327606372414,0.013727386145117412,0.2316997568629746,0.04082485235515359,0.9591751476448465,0.43182305095716544,Easy
ISIC_0009889.jpg,0.1034418741861979,0.5668040061089685,12.743447927260252,0.10262629029418995,0.5220398716791058,0.058383329415137256,0.9416166705848628,0.5640383559498918,Medium
ISIC_0003582.jpg,0.1762498884584698,0.1880609717435766,13.911555041582758,0.17700050608843165,0.10140311352298947,0.06538298094604912,0.9346170190539509,0.41192732860018644,Easy
ISIC_0012212.jpg,0.0274875332446808,0.4129890803593251,7.1440248862795634,0.025038065973599272,0.35121108843359194,0.024829891052803553,0.9751701089471965,0.48805348999835535,Medium
ISIC_0013048.jpg,0.0356903154014896,0.375635687792738,4.646910137961822,0.03341730136878835,0.3097259427551538,0.009866423356553319,0.9901335766434467,0.47879145426946496,Medium
ISIC_0013517.jpg,0.0127053024903572,0.3807100536034785,7.771676222275839,0.009937848902289303,0.3153615969868008,0.028590967910411182,0.9714090320895888,0.4686222622516487,Medium
ISIC_0014547.jpg,0.0073365834101962,0.1387687742489594,15.62648670403154,0.00445364121722099,0.046658581544287474,0.07565937074736546,0.9243406292526345,0.3432960631604423,Easy
ISIC_0014289.jpg,0.3643431368438705,0.4406552036394371,7.461256432415205,0.369139901520115,0.3819374314983376,0.026730838534704444,0.9732691614652955,0.5857041544922172,Hard
ISIC_0010598.jpg,0.0625839233398437,0.4932958970369132,23.74317757959153,0.0608894281708323,0.4404008449704976,0.12429704020116691,0.8757029597988331,0.4978787309604987,Medium
ISIC_0013235.jpg,0.0606665558510638,0.4126706844226083,8.216957133230066,0.05893081544402308,0.3508574739180008,0.03125922595954936,0.9687407740404507,0.4941349643423638,Medium
ISIC_0011229.jpg,0.3747698465983073,0.9040284315908566,15.856596161099835,0.3797909042847343,0.8965655427411157,0.07703825629107657,0.9229617437089235,0.776610553465753,Hard
ISIC_0014518.jpg,0.1417730300394097,0.1805298524089043,18.205041670977,0.14178200255422335,0.09303895805401464,0.09111085289366545,0.9088891471063345,0.39077228534737873,Easy
ISIC_0013428.jpg,0.1806071523090306,0.4905300724478691,7.034197979490485,0.18145150073693525,0.4373290855367873,0.02417177497182466,0.9758282250281753,0.5618343881588101,Medium
ISIC_0012320.jpg,0.041938829787234,0.421299342475229,14.52213369365277,0.03980022997855493,0.3604405696350575,0.06904175311197566,0.9309582468880243,0.47996167175947024,Medium
ISIC_0004110.jpg,0.1332101127488032,0.1908472295272781,7.530091735338941,0.13303488501825794,0.10449756631863548,0.027143320513097636,0.9728566794869024,0.4155575856024345,Easy
ISIC_0012523.jpg,0.00585102271298,0.8550585775147057,13.3529679454841,0.0029361240458691588,0.8421790094006826,0.062035757926504106,0.9379642420734959,0.6658931194974639,Hard
ISIC_0016052.jpg,0.1825074613764045,0.1572042794237511,4.907529375039262,0.18339268809199882,0.06713328451720973,0.011428132740415979,0.988571867259584,0.418701639370738,Easy
ISIC_0013056.jpg,0.0508650265957446,0.2065606896400562,7.911424854024387,0.04891844167947299,0.12194913194895612,0.02942838402762139,0.9705716159723786,0.4007093287897832,Easy
ISIC_0000434.jpg,0.2883987426757812,0.3287303182418527,6.778001799442741,0.29156183794186524,0.25763225178851185,0.02263656988498204,0.9773634301150179,0.5180205607411272,Medium
ISIC_0015102.jpg,0.6515174540915819,0.9407253051134058,19.926395566129965,0.6624917372352583,0.9373215501455929,0.10142572665799213,0.8985742733420079,0.8550525500367545,Hard
ISIC_0000364.jpg,0.4700107743010285,0.3202607889511579,38.462819071307166,0.47708059663806107,0.24822588646771987,0.21250158911509018,0.7874984108849098,0.49418494755632164,Medium
ISIC_0014897.jpg,0.2178842545014208,0.4128665401278181,12.384444018698794,0.21953048517775509,0.35107499371752365,0.05623206928894324,0.9437679307110568,0.5256313945303182,Medium
ISIC_0010472.jpg,0.046490987141927,0.6556493391160354,29.68389176475032,0.04445031056118414,0.6207126114062186,0.15989559844209877,0.8401044015579012,0.5534341627480489,Medium
ISIC_0014714.jpg,0.6798774311632851,0.4530796421334232,8.540187906707946,0.69146177680759,0.3957361685200683,0.03319612262824614,0.9668038773717539,0.6695412686900387,Hard
ISIC_0013840.jpg,0.4278105053191489,0.1679767937143529,11.057144948818044,0.4339725412515174,0.07909737382642089,0.048278491357130714,0.9517215086428693,0.4732346128684519,Medium
ISIC_0012442.jpg,0.0702642952127659,0.3997480557811627,16.164350610752553,0.06873501551126722,0.33650544067809984,0.07888241414119461,0.9211175858588054,0.47417708519963864,Medium
ISIC_0009998.jpg,0.249212900797526,0.1281591924732065,9.581715503575449,0.2515330541731764,0.03487544712698372,0.03943727136239191,0.960562728637608,0.4130303974172504,Easy
ISIC_0010334.jpg,0.5406850179036459,0.7596355623086649,12.675302688498853,0.5492751413916005,0.7362010134303928,0.057974982510155655,0.9420250174898444,0.7615079468415027,Hard
ISIC_0000239.jpg,0.4131037394205729,0.1707303851489097,12.471410576591616,0.41894941238982764,0.08215554696552341,0.056753199237240565,0.9432468007627595,0.4677359521506321,Medium
ISIC_0016069.jpg,0.0223741392231259,0.8194659795606055,17.07963742292141,0.019814675743810458,0.8026494242748399,0.08436708986781839,0.9156329101321816,0.6464849571921522,Hard
ISIC_0013498.jpg,0.0549802395801448,0.4782777367771018,8.605718758447798,0.05312217861146082,0.4237214880663081,0.03358880333456035,0.9664111966654396,0.5210130587122923,Medium
ISIC_0015026.jpg,0.0400690193117042,0.9038119459329748,10.171297800720014,0.03789019728241054,0.8963251110577415,0.042970227011925856,0.9570297729880741,0.7029630142895251,Hard
ISIC_0013639.jpg,0.0634692888480767,0.4443434621010234,6.246261524925386,0.06179383912097654,0.3860336575454331,0.019450221149548107,0.9805497788504519,0.5130543453960755,Medium
ISIC_0000028.jpg,0.2400760652432014,0.7302655143996188,20.11743246663916,0.2421996725944312,0.7035822703291472,0.10257047761166249,0.8974295223883375,0.6560831591161848,Hard
ISIC_0009943.jpg,0.1213785807291666,0.3265139388153069,10.634720846894997,0.12094884031012675,0.25517071303470146,0.0457471982287307,0.9542528017712693,0.4662939759113565,Medium
ISIC_0012512.jpg,0.0969146979288948,0.3886479640969079,8.474537617759333,0.09595870540892835,0.324177539812216,0.032802726218011544,0.9671972737819885,0.49217973810081445,Medium
ISIC_0011110.jpg,0.1540667215983072,0.160307527636808,11.574988063610627,0.15434014849527403,0.07057979085436575,0.05138156410344507,0.9486184358965549,0.398833406029359,Easy
ISIC_0000155.jpg,0.4820880889892578,0.1722798376721126,24.912763723220795,0.4894177111413942,0.0838763883464585,0.13130555452353376,0.8686944454764662,0.45994803904069514,Easy
ISIC_0010021.jpg,0.5331103006998698,0.1510914278718879,8.22500428865358,0.5415374814990062,0.06034427501324967,0.03130744695151922,0.9686925530484808,0.49856447394701964,Medium
ISIC_0012664.jpg,0.0713153257978723,0.4385509733397483,10.477769855607733,0.06980865522420773,0.37960044696961076,0.04480670036430393,0.9551932996356961,0.5036099974663899,Medium
ISIC_0014478.jpg,0.0336361337623679,0.94852896401888,16.123121780347155,0.0313189314292199,0.9459883914757703,0.07863535850534889,0.9213646414946511,0.708702713970741,Hard
ISIC_0011212.jpg,0.5418268839518229,0.2608893443759053,6.4590510630554165,0.5504415705645985,0.18228721642716053,0.020725320494523646,0.9792746795054763,0.5532714170389306,Medium
ISIC_0009958.jpg,0.1500765482584635,0.1877268834438892,12.686048346058874,0.15026414098428517,0.10103207087251836,0.05803937374403173,0.9419606262559683,0.4076650827846675,Easy
ISIC_0000093.jpg,0.1093708674112955,0.3389280839384273,18.808045164561275,0.10868282439930896,0.26895801810981257,0.09472423241619359,0.9052757675838065,0.45160043199808453,Easy
ISIC_0013294.jpg,0.0374989846239309,0.4428457303602421,9.963888007992615,0.03526487757856122,0.38437025791331747,0.04172736473038545,0.9582726352696146,0.49795974490433237,Medium
ISIC_0011387.jpg,0.6165733337402344,0.6180636238347084,7.127506189666104,0.6267959203155425,0.5789694452106824,0.024730906020847702,0.9752690939791523,0.7296309410558619,Hard
ISIC_0013369.jpg,0.0075869063652943,0.7943303226446157,12.062160441604425,0.004709348966797793,0.7747334488510752,0.054300848507786756,0.9456991514922133,0.6420654198044042,Hard
ISIC_0000278.jpg,0.5542856852213541,0.1562870817125717,10.463101695835102,0.5631683779555067,0.06611463325022299,0.044718804309439385,0.9552811956905606,0.501586366280662,Medium
ISIC_0015189.jpg,0.2510844868647356,0.4585228014071912,9.520064263897408,0.25344490065644404,0.40178140939131374,0.03906783846629548,0.9609321615337045,0.560400045457433,Medium
ISIC_0012248.jpg,0.3737083433779138,0.1837545485054907,8.954667290432678,0.37870656665557445,0.09662034593189223,0.035679808599547586,0.9643201914004524,0.47083684702680884,Medium
ISIC_0012744.jpg,0.011673204787234,0.3475152698664477,9.499831231496035,0.008883549343922421,0.2784950543658023,0.03894659600960057,0.9610534039903994,0.4499876004789413,Easy
ISIC_0014694.jpg,0.2986106423509593,0.4361622178191113,9.215808276164472,0.30199340976403605,0.3769474651664949,0.037244644459332205,0.9627553555406678,0.5632417129468408,Medium
ISIC_0014623.jpg,0.3860350267192123,0.5174604719235218,16.381512691279873,0.39129841407809324,0.4672383245285179,0.08018371508421701,0.9198162849157829,0.6066556330514545,Hard
ISIC_0013229.jpg,0.0541185618606406,0.4412853912271884,22.542150766531893,0.0522419650072848,0.38263732572711484,0.11710012386736393,0.8828998761326361,0.47513037818908976,Medium
ISIC_0012844.jpg,0.0731550864361702,0.4925501060146293,15.37459374074196,0.07168799166938024,0.4395725601192631,0.07414995183834831,0.9258500481616517,0.5177985388216284,Medium
ISIC_0015353.jpg,0.1272864487821523,0.997161234277653,21.079781427733824,0.1269837948113375,1.0,0.10833716398503042,0.8916628360149695,0.7438279413080737,Hard
ISIC_0014684.jpg,0.0655674944549398,0.7503144592984854,16.813504758043088,0.06393718004498461,0.7258488796698058,0.08277234235511134,0.9172276576448887,0.6273535270548796,Hard
ISIC_0014808.jpg,0.2197261141665138,0.4540577368900472,9.731228990166551,0.22141196580270472,0.396822452808531,0.04033320144660886,0.9596667985533911,0.5499653520677754,Medium
ISIC_0013554.jpg,0.0185565708588378,0.3567294144430804,11.967777091015282,0.015914986181160697,0.28872839875031536,0.053735274891854236,0.9462647251081457,0.4506627598332673,Easy
ISIC_0012803.jpg,0.0505596742021276,0.9529482622291476,17.134972187293982,0.04860652073171535,0.9508965194248609,0.08469867253126082,0.9153013274687392,0.7128657025669318,Hard
ISIC_0014500.jpg,0.2764448965233523,0.1321612910056024,7.585191842501338,0.27935084795404325,0.03932022788792643,0.027473497039482698,0.9725265029605173,0.42595007917986244,Easy
ISIC_0000171.jpg,0.4114799446749654,0.3381695435750358,20.53444524176629,0.41729068756368776,0.26811557368064387,0.10506934443135599,0.894930655568644,0.5247946308122049,Medium
ISIC_0000499.jpg,0.155613414776443,0.2320529666162292,17.734393086980443,0.15592011319212695,0.15026117407863454,0.08829058406634671,0.9117094159336533,0.4181827935062642,Easy
ISIC_0012957.jpg,0.0246331688093051,0.1333121834870361,6.708226648263926,0.022122300194324474,0.040598423494052044,0.02221845605125912,0.9777815439487408,0.3639934848282612,Easy
ISIC_0014164.jpg,0.0749747957456397,0.5022488508213316,7.547748763640143,0.07354684545378866,0.450344107589464,0.02724912677321235,0.9727508732267877,0.5389871600286085,Medium
ISIC_0010171.jpg,0.302625020345052,0.234921117506744,11.179651771729924,0.30609414260500867,0.15344657838451228,0.0490125893349858,0.9509874106650142,0.47074776073781205,Medium
ISIC_0010037.jpg,0.8284886678059896,0.2127015187234948,8.44352454938948,0.8432698475809605,0.12876921364993443,0.03261688652160731,0.9673831134783927,0.6009092370726513,Hard
ISIC_0013962.jpg,0.0158736852517608,0.3576863495427745,7.895258192514692,0.013174387977976333,0.28979118285874284,0.02933150849660324,0.9706684915033967,0.45894404216418005,Easy
ISIC_0012713.jpg,0.0102253989361702,0.7147281726911497,7.984002793544431,0.007404599177907615,0.6863263040047367,0.029863293017766995,0.970136706982233,0.6159295188401531,Hard
ISIC_0012118.jpg,0.0406067154255319,0.4156745869515528,13.77565230349531,0.03843945998654085,0.3541936456939632,0.06456861058818973,0.9354313894118103,0.47868830956835406,Medium
ISIC_0009430.jpg,0.0772989365499286,0.1765030663000638,8.025083433210451,0.07592098175515755,0.08856675896143242,0.030109460649830326,0.9698905393501697,0.39386863779592174,Easy
ISIC_0014688.jpg,0.8329429838746307,0.5539681477950813,13.20048853909234,0.847819982175567,0.5077842066518888,0.061122055152763505,0.9388779448472365,0.7436759589011801,Hard
ISIC_0000056.jpg,0.4973262913894804,0.1869269874373267,7.139247276752927,0.5049837084420802,0.10014369634801723,0.02480126216986364,0.9751987378301363,0.5076229638902747,Medium
ISIC_0016004.jpg,0.0551633347046369,0.9685507250179044,8.055668746132193,0.05330921236641154,0.9682248100367549,0.03029273710606547,0.9697072628939345,0.7400147691191818,Hard
ISIC_0015200.jpg,0.7020881589242308,0.5075202236996303,30.145358921003087,0.7141502881747903,0.45619856033808004,0.16266084937424782,0.8373391506257521,0.6540856988979429,Hard
ISIC_0009344.jpg,0.0601534167732265,0.1635457944680532,3.888287270201359,0.058406638031838605,0.07417625056014436,0.005320525422540569,0.9946794745774594,0.3924099758341282,Easy
ISIC_0015031.jpg,0.3823214508871805,0.2198260793321036,21.02430583407723,0.3875049540715209,0.13668183990512983,0.10800473742987511,0.8919952625701248,0.4637473163794758,Easy
ISIC_0013489.jpg,0.0470072428385416,0.4470189991986761,24.794960197513998,0.044977671634944996,0.3890051425602501,0.13059964012668612,0.8694003598733139,0.4711366008884962,Medium
ISIC_0013257.jpg,0.0375552397335653,0.1402743619326404,6.445777652620492,0.03532234281374579,0.04833070608499222,0.020645782200019613,0.9793542177999803,0.37093684436742647,Easy
ISIC_0014302.jpg,0.0474701413927553,0.525488960565573,11.946919013262203,0.04545052778005543,0.4761548645803874,0.05361028697414868,0.9463897130258513,0.5330609773362167,Medium
ISIC_0012986.jpg,0.0574991152050811,0.1495832903520783,5.479940860678531,0.05569523874996832,0.058669318592600876,0.014858195688102326,0.9851418043118977,0.38219116863369657,Easy
ISIC_0015447.jpg,0.8842079335759416,0.225196170171455,13.728423926960776,0.9001877121552363,0.1426459300578464,0.06428560385528051,0.9357143961447195,0.6096053387125995,Hard
ISIC_0012273.jpg,0.3946517619680851,0.1872696233272694,17.473902750698684,0.40010050727136387,0.10052423205929421,0.08672964709508284,0.9132703529049172,0.45987944315827967,Easy
ISIC_0012268.jpg,0.0332921341763793,0.8459368791514202,9.55394455901639,0.030967531934299335,0.8320483369387075,0.03927085945357443,0.9607291405464256,0.6768164169503068,Hard
ISIC_0000408.jpg,0.6752145555284288,0.2626416015055788,5.458109624195675,0.6866985962407963,0.18423329514440168,0.014727376308616267,0.9852726236913837,0.5902133854099441,Hard
ISIC_0010018.jpg,0.1368192036946614,0.4185050052229218,16.145878600745927,0.13672161252361895,0.3573371436803734,0.07877172426392519,0.9212282757360748,0.49954515711068026,Medium
ISIC_0013208.jpg,0.0077524933510638,0.4531106207032142,10.582934351524878,0.004878497958642074,0.39577057370772023,0.04543687786756395,0.954563122132436,0.4936249467191012,Medium
ISIC_0002469.jpg,0.0886366409989921,0.6529570982803,6.329107408264157,0.08750257597571465,0.6177225750106535,0.01994665876818063,0.9800533412318194,0.6119833434293269,Hard
ISIC_0014846.jpg,0.5465470439570725,0.4291062444524444,7.976126770595772,0.5552632677681643,0.36911101276133385,0.029816097503405237,0.9701839024965948,0.6260245879203827,Hard
ISIC_0016056.jpg,0.0121769793937615,0.9035615526569888,16.472528718191448,0.009398160842011371,0.8960470211489692,0.08072911067705066,0.9192708893229493,0.6825131599331227,Hard
ISIC_0000543.jpg,0.2878163574925867,0.4625044400422156,29.33045327098734,0.2909669248444101,0.406203467133952,0.15777768796658037,0.8422223120334196,0.5300009272763802,Medium
ISIC_0014190.jpg,0.044802895852549,0.9653484518030696,8.649705177529983,0.042725906083305204,0.9646683252922229,0.033852383276752995,0.966147616723247,0.7347004724908519,Hard
ISIC_0014707.jpg,0.1037538158272987,0.4947662514605772,8.248482482682842,0.10294494223329766,0.44203383901129056,0.031448135399320766,0.9685518646006792,0.5415429237730783,Medium
ISIC_0015071.jpg,0.2757370500100496,0.2469948484155634,25.71884853077,0.2786277746789955,0.16685581516914308,0.13613585877219772,0.8638641412278023,0.4387517191671369,Easy
ISIC_0012683.jpg,0.006227892287234,0.3030183288794885,21.372202510610947,0.0033211006081612262,0.22907619433058038,0.11008943965849802,0.889910560341502,0.4039294490037981,Easy
ISIC_0014883.jpg,0.3392847224652839,0.9383089503161556,16.08640344186963,0.34354244584050997,0.9346379162401579,0.07841533110290831,0.9215846688970917,0.7822954120701728,Hard
ISIC_0000295.jpg,0.699125380269448,0.2941579288371586,87.40126477903382,0.7111237760356548,0.21923572305691905,0.5057555743176495,0.4942444256823505,0.438460782220504,Easy
ISIC_0001216.jpg,0.0339338682290793,0.1684591864168656,5.22217895464781,0.031623070577882426,0.07963312520435212,0.013313608297069145,0.9866863917029308,0.3850992548222373,Easy
ISIC_0000363.jpg,0.2277248116760828,0.2627584752948549,33.36681698234321,0.22958272640640529,0.18436309663874967,0.1819648015326987,0.8180351984673013,0.4174532397206566,Easy
ISIC_0012342.jpg,0.1154937872086198,0.2871030099960351,10.506948610997854,0.11493745670659963,0.21140044182103568,0.04498154830190512,0.9550184516980949,0.4475509989993974,Easy
ISIC_0000045.jpg,0.3218314786197538,0.564097203293707,14.692010134071294,0.3257137584761942,0.5190336625666737,0.07005970418141252,0.9299402958185875,0.6145210081822237,Hard
ISIC_0016048.jpg,0.0130266198851249,0.8801090028574816,6.7704474442367095,0.010266078280548803,0.8700003255716128,0.02259130190113484,0.9774086980988652,0.6926596941333851,Hard
ISIC_0000501.jpg,0.1772757985341325,0.5689911850309575,14.747012423405453,0.17804848491487635,0.5244689799867857,0.07038929455375162,0.9296107054462484,0.5796634601296202,Hard
ISIC_0001442.jpg,0.0789177650226757,0.1319107778037155,8.476727106256382,0.07757463347700938,0.03904200478794631,0.03281584629606121,0.9671841537039387,0.3735249140808094,Easy
ISIC_0014663.jpg,0.4546692469945395,0.9794485392769317,12.104778710560408,0.46140905176885,0.9803280590604249,0.054556230080148455,0.9454437699198516,0.8383888060383304,Hard
ISIC_0000067.jpg,0.2761790130211183,0.6303279238401283,14.387633957243263,0.27907924492834707,0.5925903304210937,0.06823578996499828,0.9317642100350018,0.6329234169127749,Hard
ISIC_0013166.jpg,0.1226434507978723,0.4581314239713989,13.188215658321765,0.12224091949099546,0.40134674070867254,0.061048512334967824,0.9389514876650322,0.5197319468389792,Medium
ISIC_0000091.jpg,0.1378968556722005,0.1385505292809661,17.748617087359257,0.1378224462921222,0.04641619594906614,0.0883758185836324,0.9116241814163676,0.37209055344838565,Easy
ISIC_0012529.jpg,0.0227947014401308,0.3871343778113029,7.054228502732612,0.02024428483829086,0.3224965319240228,0.024291803932317755,0.9757081960676822,0.4755575526028706,Medium
ISIC_0014274.jpg,0.0271288014369864,0.4199227246602641,10.195828652425964,0.024671617346420014,0.35891168064604406,0.04311722330327001,0.9568827766967299,0.4846415484388781,Medium
ISIC_0015129.jpg,0.1835151295187499,0.9084569474743526,17.13203694627179,0.18442203257580134,0.9014839079535554,0.08468108367826722,0.9153189163217328,0.727060692037979,Hard
ISIC_0000154.jpg,0.0993353525797526,0.5358082797851519,19.03990167244783,0.09843143170376971,0.48761562976693357,0.09611358681741326,0.9038864131825868,0.5360143544466212,Medium
ISIC_0012521.jpg,0.0679140015774358,0.4349644203753297,9.122492158490193,0.06633416379513347,0.3756171763216474,0.03668546602618281,0.9633145339738172,0.5039904983682784,Medium
ISIC_0000900.jpg,0.0683761062295288,0.1624497197591813,6.041085557616199,0.06680620896018583,0.07295893625888122,0.018220744626314157,0.9817792553736858,0.389507866124389,Easy
ISIC_0009965.jpg,0.3989512125651042,0.2467712848396597,11.990215148515489,0.4044924450229358,0.1666075226613548,0.053869730526621175,0.9461302694733789,0.49891171463595846,Medium
ISIC_0014225.jpg,0.0231737478775364,0.8939456016402666,11.785954360986068,0.02063148509108472,0.8853674254990072,0.052645738037743285,0.9473542619622567,0.6908788331591639,Hard
ISIC_0000117.jpg,0.2294871012369791,0.1551216272444906,10.723704246276386,0.23138292526368903,0.06482026491932125,0.046280413701925496,0.9537195862980745,0.41757569248797677,Easy
ISIC_0011292.jpg,0.1181983947753906,0.7106356931771043,18.826416328596476,0.117700244139004,0.6817811449934488,0.09483431799386616,0.9051656820061338,0.6189455077342774,Hard
ISIC_0013141.jpg,0.0736866688829787,0.1259160533199234,32.69456026403329,0.07223100919302149,0.03238418868546271,0.17793643571779397,0.8220635642822061,0.3187336752712126,Easy
ISIC_0014926.jpg,0.1748553874739848,0.4613741046082543,14.88488888619674,0.1755760074507196,0.4049481024422498,0.07121549206767865,0.9287845079323214,0.5309478206158923,Medium
ISIC_0015040.jpg,0.0748996576777168,0.1680968725342878,9.48333701213369,0.07347009106165317,0.07923073486796521,0.03884775765274509,0.9611522423472549,0.38646310153413854,Easy
ISIC_0000186.jpg,0.10526851316325,0.1296404080452139,14.435168605996816,0.10449222281295643,0.03652050369517517,0.06852063197378284,0.9314793680262171,0.36674903599048514,Easy
ISIC_0013572.jpg,0.0638194156936525,0.4699586673465599,10.387532931912466,0.06215149768134918,0.41448222535088386,0.04426597339385423,0.9557340266061458,0.5158376738728419,Medium
ISIC_0002251.jpg,0.1098388815402704,0.2038209096192342,11.524854926141932,0.10916090616229956,0.11890629793895123,0.05108115116345909,0.9489188488365409,0.4069743428089446,Easy
ISIC_0010249.jpg,0.6058260599772135,0.2050346899510537,5.683338898894568,0.6158174577652307,0.1202543375794576,0.016077018321854625,0.9839229816781454,0.5464291430604415,Medium
ISIC_0014596.jpg,0.0180370625446383,0.4415304678086932,20.28266180246516,0.015384302521492598,0.3829095108483987,0.10356058182324142,0.8964394181767585,0.4707636763315981,Medium
ISIC_0014222.jpg,0.296267739602549,0.2271672421119016,10.55828574810237,0.2996001079230662,0.14483502724483802,0.045289175972279064,0.9547108240277209,0.46698282628840404,Medium
ISIC_0013160.jpg,0.1563558843085106,0.2130446885068342,18.004787520729632,0.15667855427516686,0.1291503423099054,0.08991086938858815,0.9100891306114118,0.409360971206748,Easy
ISIC_0005787.jpg,0.1068751574703955,0.167584570616709,5.896469550961527,0.10613342827087999,0.07866176594113446,0.017354161724829266,0.9826458382751707,0.4019241068404835,Easy
ISIC_0014457.jpg,0.4837280252966208,0.1578925879352393,8.53041953330796,0.49109292475670463,0.0678977285719203,0.033137587576977844,0.9668624124230222,0.48833416696600207,Medium
ISIC_0014640.jpg,0.1617321414906642,0.4435733892111902,14.028762602557924,0.16217046221727252,0.38517840494794026,0.06608532414176718,0.9339146758582328,0.5214841140838757,Medium
ISIC_0014580.jpg,0.2020660359912253,0.3622829647633064,25.649998197988623,0.20337199481489138,0.29489624130053127,0.1357232867303465,0.8642767132696535,0.47129834486831407,Medium
ISIC_0009936.jpg,0.0364532470703125,0.2469774929507744,13.197615068201308,0.03419664475756836,0.16683653997255135,0.06110483644509977,0.9388951635549002,0.4038970844226277,Easy
ISIC_0015982.jpg,0.0697711103723404,0.934768323134605,10.182487523332728,0.06823122157985899,0.9307056513419207,0.04303727921806022,0.9569627207819398,0.724277018205412,Hard
ISIC_0010457.jpg,0.8392181396484375,0.1451921201792888,10.5579724692152,0.8542301252666598,0.053792429994269524,0.04528729871032654,0.9547127012896734,0.5692239487657584,Medium
ISIC_0000530.jpg,0.2329011529934684,0.2113118766413816,10.120639996726757,0.23487041801579592,0.1272258597466822,0.0426666701112561,0.9573333298887439,0.44467461386368223,Easy
ISIC_0009906.jpg,0.3158047993977864,0.5839049548774361,10.075033011725145,0.31955743701272066,0.5410323995903183,0.04239337924736819,0.9576066207526318,0.6314646363527285,Hard
ISIC_0010053.jpg,0.0743980407714843,0.5728726525022123,11.878066858111096,0.07295768367898975,0.528779786380183,0.05319770401210623,0.9468022959878938,0.5611321390675834,Medium
ISIC_0002806.jpg,0.1288795554356029,0.8775936021524091,5.680127931544792,0.1286111714018305,0.867206690040287,0.016057777233216445,0.9839422227667836,0.7234152468349466,Hard
ISIC_0016071.jpg,0.0315206304764799,0.8816532855787435,9.106150274739267,0.029157920729083527,0.8717154253057544,0.036587540510438055,0.9634124594895619,0.6931700111259194,Hard
ISIC_0015940.jpg,0.0159549534574468,0.1574847294460537,18.21248395422341,0.013257404375653356,0.06744475582493648,0.0911554493083953,0.9088445506916047,0.34838784616594953,Easy
ISIC_0010476.jpg,0.1366043090820312,0.7897563825206246,11.77474230366036,0.13650209522936874,0.7696535736555365,0.052578551995245734,0.9474214480047543,0.6735844600712207,Hard
ISIC_0013738.jpg,0.0083589197184722,0.8967089736193633,15.34034925588637,0.0054979693995783115,0.8884364610333882,0.07394474851589125,0.9260552514841087,0.680868414782688,Hard
ISIC_0000322.jpg,0.2956051716644937,0.2647721672787496,24.22841035625808,0.2989232872283142,0.1865995281798595,0.127204701927046,0.872795298072954,0.45484898740455626,Easy
ISIC_0015226.jpg,0.032043708667792,0.8478100604533676,8.16608723385695,0.029692251058879703,0.8341287155563896,0.03095439811914118,0.9690456018808589,0.6802405096455764,Hard
ISIC_0012489.jpg,0.1307729042637934,0.2068609331569466,8.046051199740837,0.13054524879329762,0.12228258615970822,0.030235105855903183,0.9697648941440968,0.4209670596126416,Easy
ISIC_0014911.jpg,0.4746763018149827,0.1452910862033732,19.310870046981226,0.48184648612955555,0.05390234290028034,0.09773731136662248,0.9022626886333776,0.45781449971418314,Easy
ISIC_0014503.jpg,0.1191851705307731,0.1065944808487195,17.60728431996338,0.1187082468115792,0.01092540827413823,0.08752890984594841,0.9124710901540516,0.3534121065664681,Easy
ISIC_0012669.jpg,0.0281530917553191,0.1589733583813571,6.733304545119127,0.0257179415723046,0.06909804576726532,0.022368730402782415,0.9776312695972176,0.3762396480590084,Easy
ISIC_0011383.jpg,0.1317125956217447,0.2718697766275908,12.275447330207973,0.13150515421764963,0.19448222202836168,0.05557892812739694,0.944421071872603,0.44121655252116815,Easy
ISIC_0012211.jpg,0.0785211103723404,0.4399439710483358,8.388335519497726,0.07716944623416679,0.3811475276736584,0.03228617714330222,0.9677138228566978,0.5104512106278493,Medium
ISIC_0010100.jpg,0.3179003397623698,0.2118435055437662,10.363460999709668,0.3216980553613854,0.1278162934649309,0.04412172708713342,0.9558782729128665,0.466108426745822,Easy
ISIC_0015996.jpg,0.0435543550531914,0.9291986455519108,15.197637378572432,0.04145050743705066,0.9245198976519953,0.07308957573398488,0.9269104242660151,0.704589234413166,Hard
ISIC_0000059.jpg,0.4273092833047509,0.2602962376532322,7.689965722129193,0.4334605372553603,0.1816285046716194,0.02810133385165899,0.971898666148341,0.5211810693344071,Medium
ISIC_0015989.jpg,0.0277096077127659,0.1456928856120348,9.999059091763067,0.025264917571968474,0.05434858635653731,0.04193812051411378,0.9580618794858862,0.36337732175566717,Easy
ISIC_0012351.jpg,0.0311486037234042,0.4459508210960233,21.31076086723737,0.028777891163780295,0.3878188105792908,0.10972126272692352,0.8902787372730765,0.47391955506823813,Medium
ISIC_0014440.jpg,0.0067846773855441,0.3463920946698259,10.375068468815194,0.0038898629273459726,0.27724764192337953,0.04419128255674601,0.955808717443254,0.4464045736063272,Easy
ISIC_0000299.jpg,0.6715943249311893,0.1552628646282263,28.970911454365467,0.6830004894546792,0.06497712492685798,0.15562320453241021,0.8443767954675898,0.49227285074806937,Medium
ISIC_0014028.jpg,0.0247475066489361,0.4227459785186145,20.88772271980732,0.022239097599708484,0.3620472217456133,0.10718629005191307,0.892813709948087,0.46286346158000286,Easy
ISIC_0010496.jpg,0.3610687255859375,0.7204505115445894,14.94058854790142,0.36579505312765787,0.6926816052142092,0.07154926130642571,0.9284507386935743,0.6934791639103491,Hard
ISIC_0013596.jpg,0.013844414893617,0.2362264508329118,12.17255138249934,0.011101465195642967,0.15489629792734788,0.05496234445191689,0.945037655548083,0.3954970649116789,Easy
ISIC_0000395.jpg,0.4175626966688368,0.1578909969621866,6.343046860101509,0.4235042880022776,0.06789596161731923,0.020030188184444808,0.9799698118155552,0.4760238907829414,Medium
ISIC_0013023.jpg,0.0329727393617021,0.3775139464248421,15.520735244287897,0.03064126649349867,0.31181196031930736,0.07502567597912489,0.9249743240208751,0.4561261141584039,Easy
ISIC_0010191.jpg,0.3844617207845052,0.4029195357068288,10.762563059426691,0.38969126414730837,0.34002772600995995,0.04651326747673938,0.9534867325232607,0.5671542628239523,Medium
ISIC_0016044.jpg,0.0578671829144306,0.1724739918243019,7.432366119563223,0.056071224107015434,0.08409201837988285,0.026557719032131957,0.973442280967868,0.3883594117174608,Easy
ISIC_0012720.jpg,0.1629647606382978,0.4853882458831734,13.539696209982074,0.16342959671495827,0.4316185085467746,0.06315469022854375,0.9368453097714562,0.5414006610174591,Medium
ISIC_0012681.jpg,0.0148399268617021,0.3826338072852269,10.386586870900668,0.012118392008991162,0.3174981419229668,0.04426030430980503,0.955739695690195,0.46453774826300276,Easy
ISIC_0009933.jpg,0.1957626342773437,0.1312172165369823,12.717826751708024,0.19693299817431736,0.03827172695746389,0.05822979957315703,0.941770200426843,0.39416151047595993,Easy
ISIC_0014713.jpg,0.2415652689988595,0.4759708203370387,6.351159316109521,0.24372091119147246,0.42115939777120576,0.020078800477289944,0.9799211995227101,0.572366406739299,Hard
ISIC_0000063.jpg,0.4330206546934775,0.8169863508507352,62.1143925288713,0.43929476817611746,0.7998955175694709,0.3542289789501678,0.6457710210498322,0.655801756439259,Hard
ISIC_0010604.jpg,0.9302279154459636,0.1935990481598732,11.597474498028063,0.9471976477599711,0.10755377056167295,0.051516309627348544,0.9484836903726515,0.61179021179509,Hard
ISIC_0010340.jpg,0.298919677734375,0.6447042861941581,22.900584792560167,0.3023090929278189,0.608556898531869,0.11924796908485913,0.8807520309151409,0.6272632434650016,Hard
ISIC_0011317.jpg,0.0475362141927083,0.4453341639394508,29.938114524447787,0.04551802189771475,0.3871339434168648,0.16141897819665244,0.8385810218033476,0.45973644047234624,Easy
ISIC_0015944.jpg,0.0341145279255319,0.9385601178897732,14.063277679627104,0.03180761651535355,0.9349168660935789,0.06629214893470319,0.9337078510652969,0.7087163984391238,Hard
ISIC_0014419.jpg,0.298426068830706,0.2029562182431699,8.655350306591018,0.3018048658109777,0.11794596086544525,0.03388621059942724,0.9661137894005728,0.460769427089123,Easy
ISIC_0010357.jpg,0.1127166748046875,0.1637224340330108,18.688982752170173,0.11210060475727258,0.07437242867359894,0.09401077438914372,0.9059892256108563,0.37487035162255744,Easy
ISIC_0013585.jpg,0.5184836930603304,0.6158448896391783,6.9435004378365965,0.5265962352118498,0.576505291220942,0.02362828783909215,0.9763717121609079,0.703981274547657,Hard
ISIC_0013275.jpg,0.0160135451167616,0.3383434916088033,11.295823640940789,0.013317256422947569,0.2683087625458442,0.04970872635204553,0.9502912736479545,0.4432547649008586,Easy
ISIC_0012232.jpg,0.041337351820602,0.394267428769351,6.909244154532603,0.03918581338536944,0.3304185876676568,0.023423013816759687,0.9765769861832403,0.48376583357753916,Medium
ISIC_0012884.jpg,0.0890664893617021,0.509313750107488,8.318734291033762,0.08794167097379331,0.4581904732326174,0.03186910550715034,0.9681308944928496,0.5441074201089926,Medium
ISIC_0000027.jpg,0.1902979712794225,0.7532917157173821,10.563525812017597,0.1913507826845456,0.7291554579421761,0.04532057602194622,0.9546794239780538,0.6736376772403256,Hard
ISIC_0014248.jpg,0.0064751514548046,0.887297240608387,13.20516343642194,0.0035736786638850167,0.8779836724586719,0.061150068553117595,0.9388499314468824,0.6806843646558489,Hard
ISIC_0013191.jpg,0.1164029255319148,0.1425946172030918,10.685126688676055,0.11586615185807979,0.050907610652207946,0.04604924529553101,0.953950754704469,0.38321234637196727,Easy
ISIC_0000088.jpg,0.220306396484375,0.919632329746478,27.55594986934207,0.22200473079927224,0.9138954274894292,0.1471443262657241,0.8528556737342758,0.7195588395025863,Hard
ISIC_0013271.jpg,0.0365748286307227,0.9042436880972792,9.017454513842106,0.03432084170622752,0.8968046093134826,0.03605604865413745,0.9639439513458625,0.7046824371230018,Hard
ISIC_0013595.jpg,0.011901097074468,0.6792776839278758,11.221848138063992,0.00911634391081174,0.6469545471263058,0.0492654427390852,0.9507345572609148,0.5938179998695454,Hard
ISIC_0010228.jpg,0.871728261311849,0.1879986040118717,27.388311657890483,0.8874395848056827,0.1013338471389308,0.14613978734199107,0.8538602126580089,0.5612445094872962,Medium
ISIC_0000292.jpg,0.6444524129231771,0.2794856834611127,14.227583630313775,0.6552747172175286,0.20294054355561927,0.06727671994292697,0.9327232800570731,0.5714480447466055,Hard
ISIC_0013559.jpg,0.047501329787234,0.4827609186425892,16.49866717906297,0.045482387080222036,0.42870056600310147,0.08088574024929768,0.9191142597507023,0.5045408140840418,Medium
ISIC_0014110.jpg,0.1553576154515344,0.941490624187682,13.909363132797443,0.155658811268418,0.9381715230959814,0.0653698463648993,0.9346301536351007,0.7413038658277823,Hard
ISIC_0012665.jpg,0.010393284574468,0.4187146333568919,16.010282911592892,0.007576096269489054,0.35756995931179286,0.07795919383625496,0.9220408061637451,0.46763628994940015,Medium
ISIC_0013461.jpg,0.0679683733282324,0.1529192570431327,13.51568809555726,0.06638970515781553,0.062374284986486145,0.0630108263372726,0.9369891736627274,0.3694933510660029,Easy
ISIC_0013552.jpg,0.011870974525197,0.7785833750634956,22.31973058648881,0.009085573383663777,0.7572446916189451,0.11576731479989477,0.8842326852001052,0.6146507098135308,Hard
ISIC_0000301.jpg,0.8423986853541938,0.2055976574321767,40.76329106367074,0.8574790889285276,0.12087957631580472,0.22628671387439528,0.7737132861256047,0.5335212529024154,Medium
ISIC_0010319.jpg,0.4935277303059895,0.1944904025459244,8.958599625971628,0.5011034350332398,0.10854371990805511,0.03570337234480501,0.964296627655195,0.5061971664008502,Medium
ISIC_0008993.jpg,0.0711851484420928,0.2649692176250307,11.81599250075663,0.06967567757268077,0.18681837476272037,0.05282573566677297,0.947174264333227,0.42365726181488783,Easy
ISIC_0013205.jpg,0.0323091755319149,0.1528773675628144,10.770808115160422,0.02996342848400028,0.06232776200493097,0.046562674347292124,0.9534373256527079,0.3661250259014202,Easy
ISIC_0010479.jpg,0.445294698079427,0.1730444936404125,11.68029027289158,0.45183284328472745,0.08472562484304337,0.052012566826880526,0.9479874331731195,0.47864406236899104,Medium
ISIC_0008600.jpg,0.1361480838477366,0.5706332399632326,6.238645950821018,0.13603605595655854,0.5262926667631874,0.01940458632352504,0.980595413676475,0.5877344754811809,Hard
ISIC_0015943.jpg,0.012057347074468,0.9115647310390406,13.680205622599225,0.00927595506535295,0.9049354513090434,0.06399666517508244,0.9360033348249176,0.6918943364786767,Hard
